#
# There is insufficient memory for the Java Runtime Environment to continue.
# Native memory allocation (malloc) failed to allocate 813392 bytes. Error detail: Chunk::new
# Possible reasons:
#   The system is out of physical RAM or swap space
#   This process is running with CompressedOops enabled, and the Java Heap may be blocking the growth of the native heap
# Possible solutions:
#   Reduce memory load on the system
#   Increase physical memory or swap space
#   Check if swap backing store is full
#   Decrease Java heap size (-Xmx/-Xms)
#   Decrease number of Java threads
#   Decrease Java thread stack sizes (-Xss)
#   Set larger code cache with -XX:ReservedCodeCacheSize=
#   JVM is running with Unscaled Compressed Oops mode in which the Java heap is
#     placed in the first 4GB address space. The Java Heap base address is the
#     maximum limit for the native heap growth. Please use -XX:HeapBaseMinAddress
#     to set the Java Heap base and to place the Java Heap above 4GB virtual address.
# This output file may be truncated or incomplete.
#
#  Out of Memory Error (arena.cpp:168), pid=1648, tid=7392
#
# JRE version: OpenJDK Runtime Environment (21.0.10) (build 21.0.10+-14961533-b1163.108)
# Java VM: OpenJDK 64-Bit Server VM (21.0.10+-14961533-b1163.108, mixed mode, tiered, compressed oops, compressed class ptrs, g1 gc, windows-amd64)
# No core dump will be written. Minidumps are not enabled by default on client versions of Windows
#

---------------  S U M M A R Y ------------

Command Line: --add-opens=java.base/java.lang=ALL-UNNAMED --add-opens=java.base/java.lang.invoke=ALL-UNNAMED --add-opens=java.base/java.util=ALL-UNNAMED --add-opens=java.prefs/java.util.prefs=ALL-UNNAMED --add-exports=jdk.compiler/com.sun.tools.javac.api=ALL-UNNAMED --add-exports=jdk.compiler/com.sun.tools.javac.util=ALL-UNNAMED --add-opens=java.base/java.util=ALL-UNNAMED --add-opens=java.prefs/java.util.prefs=ALL-UNNAMED --add-opens=java.base/java.nio.charset=ALL-UNNAMED --add-opens=java.base/java.net=ALL-UNNAMED --add-opens=java.base/java.util.concurrent=ALL-UNNAMED --add-opens=java.base/java.util.concurrent.atomic=ALL-UNNAMED --add-opens=java.xml/javax.xml.namespace=ALL-UNNAMED --add-opens=java.base/java.time=ALL-UNNAMED -Xmx2048m -Dfile.encoding=UTF-8 -Duser.country=CO -Duser.language=es -Duser.variant -javaagent:C:\Users\ecest\.gradle\wrapper\dists\gradle-9.3.1-bin\23ovyewtku6u96viwx3xl3oks\gradle-9.3.1\lib\agents\gradle-instrumentation-agent-9.3.1.jar org.gradle.launcher.daemon.bootstrap.GradleDaemon 9.3.1

Host: Intel(R) Core(TM) i3-4005U CPU @ 1.70GHz, 4 cores, 9G,  Windows 10 , 64 bit Build 19041 (10.0.19041.1348)
Time: Thu Jul  2 22:55:58 2026 Hora est. Pacífico, Sudamérica elapsed time: 537.421220 seconds (0d 0h 8m 57s)

---------------  T H R E A D  ---------------

Current thread (0x0000021e41c5fbd0):  JavaThread "C2 CompilerThread0" daemon [_thread_in_native, id=7392, stack(0x000000bc5d600000,0x000000bc5d700000) (1024K)]


Current CompileTask:
C2:537422 12922       4       org.gradle.internal.instantiation.generator.AbstractClassGenerator::inspectType (602 bytes)

Stack: [0x000000bc5d600000,0x000000bc5d700000]
Native frames: (J=compiled Java code, j=interpreted, Vv=VM code, C=native code)
V  [jvm.dll+0x6d78a9]
V  [jvm.dll+0x8665b3]
V  [jvm.dll+0x868bde]
V  [jvm.dll+0x8692c3]
V  [jvm.dll+0x280ee6]
V  [jvm.dll+0xc07cd]
V  [jvm.dll+0xc0d03]
V  [jvm.dll+0x13cacf]
V  [jvm.dll+0x6681a5]
V  [jvm.dll+0x6666fe]
V  [jvm.dll+0x249a4f]
V  [jvm.dll+0x2491a1]
V  [jvm.dll+0x1c76e4]
V  [jvm.dll+0x25891e]
V  [jvm.dll+0x256e66]
V  [jvm.dll+0x3f513e]
V  [jvm.dll+0x80fd28]
V  [jvm.dll+0x6d60fd]
C  [ucrtbase.dll+0x21bb2]
C  [KERNEL32.DLL+0x17034]
C  [ntdll.dll+0x52651]


---------------  P R O C E S S  ---------------

Threads class SMR info:
_java_thread_list=0x0000021e4b683c20, length=61, elements={
0x0000021e2abf87a0, 0x0000021e41c0f040, 0x0000021e41c19b80, 0x0000021e41c3cef0,
0x0000021e41c556c0, 0x0000021e41c45550, 0x0000021e41c45bc0, 0x0000021e41c46230,
0x0000021e41c5fbd0, 0x0000021e41c60280, 0x0000021e46048480, 0x0000021e41d5b960,
0x0000021e478a48e0, 0x0000021e4769b340, 0x0000021e47dccc50, 0x0000021e47f12040,
0x0000021e46f0e4e0, 0x0000021e475d23e0, 0x0000021e47599260, 0x0000021e47599f80,
0x0000021e4759b330, 0x0000021e4759b9c0, 0x0000021e475998f0, 0x0000021e4759a610,
0x0000021e47f91a80, 0x0000021e47f927a0, 0x0000021e47f92e30, 0x0000021e47f913f0,
0x0000021e47f934c0, 0x0000021e47f90040, 0x0000021e47f8d8e0, 0x0000021e47f90d60,
0x0000021e47f8df70, 0x0000021e47f8d250, 0x0000021e47f8cbc0, 0x0000021e47f906d0,
0x0000021e47f93b50, 0x0000021e47f8ec90, 0x0000021e47f92110, 0x0000021e47f941e0,
0x0000021e47f8f320, 0x0000021e47f8f9b0, 0x0000021e487b0ba0, 0x0000021e487aafc0,
0x0000021e487abce0, 0x0000021e487b1230, 0x0000021e487af7f0, 0x0000021e487b18c0,
0x0000021e487b1f50, 0x0000021e487b25e0, 0x0000021e487ad720, 0x0000021e487aca00,
0x0000021e487ad090, 0x0000021e487addb0, 0x0000021e487ac370, 0x0000021e487ae440,
0x0000021e487afe80, 0x0000021e4aa121c0, 0x0000021e4aa11b30, 0x0000021e4aa0cc70,
0x0000021e4bbac7f0
}

Java Threads: ( => current thread )
  0x0000021e2abf87a0 JavaThread "main"                              [_thread_blocked, id=11512, stack(0x000000bc5c600000,0x000000bc5c700000) (1024K)]
  0x0000021e41c0f040 JavaThread "Common-Cleaner"             daemon [_thread_blocked, id=13584, stack(0x000000bc5cf00000,0x000000bc5d000000) (1024K)]
  0x0000021e41c19b80 JavaThread "Reference Handler"          daemon [_thread_blocked, id=8680, stack(0x000000bc5d000000,0x000000bc5d100000) (1024K)]
  0x0000021e41c3cef0 JavaThread "Finalizer"                  daemon [_thread_blocked, id=6356, stack(0x000000bc5d100000,0x000000bc5d200000) (1024K)]
  0x0000021e41c556c0 JavaThread "Signal Dispatcher"          daemon [_thread_blocked, id=8880, stack(0x000000bc5d200000,0x000000bc5d300000) (1024K)]
  0x0000021e41c45550 JavaThread "Attach Listener"            daemon [_thread_blocked, id=6316, stack(0x000000bc5d300000,0x000000bc5d400000) (1024K)]
  0x0000021e41c45bc0 JavaThread "Service Thread"             daemon [_thread_blocked, id=6032, stack(0x000000bc5d400000,0x000000bc5d500000) (1024K)]
  0x0000021e41c46230 JavaThread "Monitor Deflation Thread"   daemon [_thread_blocked, id=9448, stack(0x000000bc5d500000,0x000000bc5d600000) (1024K)]
=>0x0000021e41c5fbd0 JavaThread "C2 CompilerThread0"         daemon [_thread_in_native, id=7392, stack(0x000000bc5d600000,0x000000bc5d700000) (1024K)]
  0x0000021e41c60280 JavaThread "C1 CompilerThread0"         daemon [_thread_blocked, id=9100, stack(0x000000bc5d700000,0x000000bc5d800000) (1024K)]
  0x0000021e46048480 JavaThread "Notification Thread"        daemon [_thread_blocked, id=5492, stack(0x000000bc5d800000,0x000000bc5d900000) (1024K)]
  0x0000021e41d5b960 JavaThread "Daemon health stats"               [_thread_blocked, id=4672, stack(0x000000bc5c500000,0x000000bc5c600000) (1024K)]
  0x0000021e478a48e0 JavaThread "Incoming local TCP Connector on port 62252"        [_thread_in_native, id=13332, stack(0x000000bc5db00000,0x000000bc5dc00000) (1024K)]
  0x0000021e4769b340 JavaThread "Daemon periodic checks"            [_thread_blocked, id=11688, stack(0x000000bc5dd00000,0x000000bc5de00000) (1024K)]
  0x0000021e47dccc50 JavaThread "Daemon"                            [_thread_blocked, id=12028, stack(0x000000bc5de00000,0x000000bc5df00000) (1024K)]
  0x0000021e47f12040 JavaThread "Handler for socket connection from /127.0.0.1:62252 to /127.0.0.1:62253"        [_thread_in_native, id=10176, stack(0x000000bc5df00000,0x000000bc5e000000) (1024K)]
  0x0000021e46f0e4e0 JavaThread "Cancel handler"                    [_thread_blocked, id=2560, stack(0x000000bc5e000000,0x000000bc5e100000) (1024K)]
  0x0000021e475d23e0 JavaThread "Daemon worker"                     [_thread_in_vm, id=14200, stack(0x000000bc5e100000,0x000000bc5e200000) (1024K)]
  0x0000021e47599260 JavaThread "Asynchronous log dispatcher for DefaultDaemonConnection: socket connection from /127.0.0.1:62252 to /127.0.0.1:62253"        [_thread_blocked, id=12464, stack(0x000000bc5e200000,0x000000bc5e300000) (1024K)]
  0x0000021e47599f80 JavaThread "Stdin handler"                     [_thread_blocked, id=13752, stack(0x000000bc5e300000,0x000000bc5e400000) (1024K)]
  0x0000021e4759b330 JavaThread "Daemon client event forwarder"        [_thread_blocked, id=14580, stack(0x000000bc5e400000,0x000000bc5e500000) (1024K)]
  0x0000021e4759b9c0 JavaThread "Cache worker for journal cache (C:\Users\ecest\.gradle\caches\journal-1)"        [_thread_blocked, id=10024, stack(0x000000bc5e500000,0x000000bc5e600000) (1024K)]
  0x0000021e475998f0 JavaThread "File lock request listener"        [_thread_in_native, id=5136, stack(0x000000bc5e600000,0x000000bc5e700000) (1024K)]
  0x0000021e4759a610 JavaThread "Cache worker for file hash cache (C:\Users\ecest\.gradle\caches\9.3.1\fileHashes)"        [_thread_blocked, id=16100, stack(0x000000bc5e700000,0x000000bc5e800000) (1024K)]
  0x0000021e47f91a80 JavaThread "Cache worker for file hash cache (C:\Users\ecest\OneDrive\SigeSchoolpro\.gradle\9.3.1\fileHashes)"        [_thread_blocked, id=4216, stack(0x000000bc5e800000,0x000000bc5e900000) (1024K)]
  0x0000021e47f927a0 JavaThread "Cache worker for Build Output Cleanup Cache (C:\Users\ecest\OneDrive\SigeSchoolpro\.gradle\buildOutputCleanup)"        [_thread_blocked, id=8548, stack(0x000000bc5e900000,0x000000bc5ea00000) (1024K)]
  0x0000021e47f92e30 JavaThread "File watcher server"        daemon [_thread_in_native, id=14996, stack(0x000000bc5ea00000,0x000000bc5eb00000) (1024K)]
  0x0000021e47f913f0 JavaThread "File watcher consumer"      daemon [_thread_blocked, id=15844, stack(0x000000bc5eb00000,0x000000bc5ec00000) (1024K)]
  0x0000021e47f934c0 JavaThread "Cache worker for checksums cache (C:\Users\ecest\OneDrive\SigeSchoolpro\.gradle\9.3.1\checksums)"        [_thread_blocked, id=2008, stack(0x000000bc5ec00000,0x000000bc5ed00000) (1024K)]
  0x0000021e47f90040 JavaThread "Cache worker for file content cache (C:\Users\ecest\.gradle\caches\9.3.1\fileContent)"        [_thread_blocked, id=8856, stack(0x000000bc5ed00000,0x000000bc5ee00000) (1024K)]
  0x0000021e47f8d8e0 JavaThread "Cache worker for cache directory md-supplier (C:\Users\ecest\.gradle\caches\9.3.1\md-supplier)"        [_thread_blocked, id=10588, stack(0x000000bc5ee00000,0x000000bc5ef00000) (1024K)]
  0x0000021e47f90d60 JavaThread "Cache worker for cache directory md-rule (C:\Users\ecest\.gradle\caches\9.3.1\md-rule)"        [_thread_blocked, id=2100, stack(0x000000bc5ef00000,0x000000bc5f000000) (1024K)]
  0x0000021e47f8df70 JavaThread "jar transforms"                    [_thread_blocked, id=14468, stack(0x000000bc5f000000,0x000000bc5f100000) (1024K)]
  0x0000021e47f8d250 JavaThread "jar transforms Thread 2"           [_thread_blocked, id=9280, stack(0x000000bc5f100000,0x000000bc5f200000) (1024K)]
  0x0000021e47f8cbc0 JavaThread "jar transforms Thread 3"           [_thread_blocked, id=12380, stack(0x000000bc5f200000,0x000000bc5f300000) (1024K)]
  0x0000021e47f906d0 JavaThread "jar transforms Thread 4"           [_thread_blocked, id=10872, stack(0x000000bc5f300000,0x000000bc5f400000) (1024K)]
  0x0000021e47f93b50 JavaThread "Unconstrained build operations"        [_thread_blocked, id=12800, stack(0x000000bc5c400000,0x000000bc5c500000) (1024K)]
  0x0000021e47f8ec90 JavaThread "Unconstrained build operations Thread 2"        [_thread_blocked, id=15284, stack(0x000000bc5c700000,0x000000bc5c800000) (1024K)]
  0x0000021e47f92110 JavaThread "Unconstrained build operations Thread 3"        [_thread_blocked, id=6320, stack(0x000000bc5f500000,0x000000bc5f600000) (1024K)]
  0x0000021e47f941e0 JavaThread "Unconstrained build operations Thread 4"        [_thread_blocked, id=9416, stack(0x000000bc5f400000,0x000000bc5f500000) (1024K)]
  0x0000021e47f8f320 JavaThread "Unconstrained build operations Thread 5"        [_thread_blocked, id=12768, stack(0x000000bc5f600000,0x000000bc5f700000) (1024K)]
  0x0000021e47f8f9b0 JavaThread "Unconstrained build operations Thread 6"        [_thread_blocked, id=8216, stack(0x000000bc5f700000,0x000000bc5f800000) (1024K)]
  0x0000021e487b0ba0 JavaThread "Unconstrained build operations Thread 7"        [_thread_blocked, id=7288, stack(0x000000bc5f800000,0x000000bc5f900000) (1024K)]
  0x0000021e487aafc0 JavaThread "Unconstrained build operations Thread 8"        [_thread_blocked, id=13032, stack(0x000000bc5f900000,0x000000bc5fa00000) (1024K)]
  0x0000021e487abce0 JavaThread "Unconstrained build operations Thread 9"        [_thread_blocked, id=120, stack(0x000000bc5fa00000,0x000000bc5fb00000) (1024K)]
  0x0000021e487b1230 JavaThread "Unconstrained build operations Thread 10"        [_thread_blocked, id=15220, stack(0x000000bc5fb00000,0x000000bc5fc00000) (1024K)]
  0x0000021e487af7f0 JavaThread "Unconstrained build operations Thread 11"        [_thread_blocked, id=6208, stack(0x000000bc5fc00000,0x000000bc5fd00000) (1024K)]
  0x0000021e487b18c0 JavaThread "Unconstrained build operations Thread 12"        [_thread_blocked, id=8144, stack(0x000000bc5fd00000,0x000000bc5fe00000) (1024K)]
  0x0000021e487b1f50 JavaThread "Unconstrained build operations Thread 13"        [_thread_blocked, id=15932, stack(0x000000bc5fe00000,0x000000bc5ff00000) (1024K)]
  0x0000021e487b25e0 JavaThread "Unconstrained build operations Thread 14"        [_thread_blocked, id=7456, stack(0x000000bc5ff00000,0x000000bc60000000) (1024K)]
  0x0000021e487ad720 JavaThread "Unconstrained build operations Thread 15"        [_thread_blocked, id=10792, stack(0x000000bc60000000,0x000000bc60100000) (1024K)]
  0x0000021e487aca00 JavaThread "Unconstrained build operations Thread 16"        [_thread_blocked, id=1176, stack(0x000000bc60100000,0x000000bc60200000) (1024K)]
  0x0000021e487ad090 JavaThread "Unconstrained build operations Thread 17"        [_thread_blocked, id=10768, stack(0x000000bc60200000,0x000000bc60300000) (1024K)]
  0x0000021e487addb0 JavaThread "Unconstrained build operations Thread 18"        [_thread_blocked, id=13664, stack(0x000000bc60300000,0x000000bc60400000) (1024K)]
  0x0000021e487ac370 JavaThread "Unconstrained build operations Thread 19"        [_thread_blocked, id=9352, stack(0x000000bc60400000,0x000000bc60500000) (1024K)]
  0x0000021e487ae440 JavaThread "Unconstrained build operations Thread 20"        [_thread_blocked, id=9116, stack(0x000000bc60500000,0x000000bc60600000) (1024K)]
  0x0000021e487afe80 JavaThread "Unconstrained build operations Thread 21"        [_thread_blocked, id=15516, stack(0x000000bc60600000,0x000000bc60700000) (1024K)]
  0x0000021e4aa121c0 JavaThread "build event listener"              [_thread_blocked, id=416, stack(0x000000bc60700000,0x000000bc60800000) (1024K)]
  0x0000021e4aa11b30 JavaThread "Memory manager"                    [_thread_blocked, id=15956, stack(0x000000bc60800000,0x000000bc60900000) (1024K)]
  0x0000021e4aa0cc70 JavaThread "build event listener"              [_thread_blocked, id=3908, stack(0x000000bc60900000,0x000000bc60a00000) (1024K)]
  0x0000021e4bbac7f0 JavaThread "Problems report writer"            [_thread_blocked, id=15540, stack(0x000000bc60a00000,0x000000bc60b00000) (1024K)]
Total: 61

Other Threads:
  0x0000021e41bd0450 VMThread "VM Thread"                           [id=7912, stack(0x000000bc5ce00000,0x000000bc5cf00000) (1024K)]
  0x0000021e41a1c330 WatcherThread "VM Periodic Task Thread"        [id=9572, stack(0x000000bc5cd00000,0x000000bc5ce00000) (1024K)]
  0x0000021e2ac4f510 WorkerThread "GC Thread#0"                     [id=13084, stack(0x000000bc5c800000,0x000000bc5c900000) (1024K)]
  0x0000021e4622bd90 WorkerThread "GC Thread#1"                     [id=14860, stack(0x000000bc5d900000,0x000000bc5da00000) (1024K)]
  0x0000021e462329f0 WorkerThread "GC Thread#2"                     [id=1020, stack(0x000000bc5da00000,0x000000bc5db00000) (1024K)]
  0x0000021e460bc310 WorkerThread "GC Thread#3"                     [id=5564, stack(0x000000bc5dc00000,0x000000bc5dd00000) (1024K)]
  0x0000021e2ac60410 ConcurrentGCThread "G1 Main Marker"            [id=14376, stack(0x000000bc5c900000,0x000000bc5ca00000) (1024K)]
  0x0000021e2ac635f0 WorkerThread "G1 Conc#0"                       [id=11572, stack(0x000000bc5ca00000,0x000000bc5cb00000) (1024K)]
  0x0000021e418ef550 ConcurrentGCThread "G1 Refine#0"               [id=4584, stack(0x000000bc5cb00000,0x000000bc5cc00000) (1024K)]
  0x0000021e418efbf0 ConcurrentGCThread "G1 Service"                [id=10280, stack(0x000000bc5cc00000,0x000000bc5cd00000) (1024K)]
Total: 10

Threads with active compile tasks:
C2 CompilerThread0  537878 12922       4       org.gradle.internal.instantiation.generator.AbstractClassGenerator::inspectType (602 bytes)
Total: 1

VM state: not at safepoint (normal execution)

VM Mutex/Monitor currently owned by a thread: None

Heap address: 0x0000000080000000, size: 2048 MB, Compressed Oops mode: 32-bit

CDS archive(s) not mapped
Compressed class space mapped at: 0x0000000100000000-0x0000000140000000, reserved size: 1073741824
Narrow klass base: 0x0000000000000000, Narrow klass shift: 3, Narrow klass range: 0x140000000

GC Precious Log:
 CardTable entry size: 512
 Card Set container configuration: InlinePtr #cards 5 size 8 Array Of Cards #cards 12 size 40 Howl #buckets 4 coarsen threshold 1843 Howl Bitmap #cards 512 size 80 coarsen threshold 460 Card regions per heap region 1 cards per card region 2048
 CPUs: 4 total, 4 available
 Memory: 10158M
 Large Page Support: Disabled
 NUMA Support: Disabled
 Compressed Oops: Enabled (32-bit)
 Heap Region Size: 1M
 Heap Min Capacity: 8M
 Heap Initial Capacity: 160M
 Heap Max Capacity: 2G
 Pre-touch: Disabled
 Parallel Workers: 4
 Concurrent Workers: 1
 Concurrent Refinement Workers: 4
 Periodic GC: Disabled

Heap:
 garbage-first heap   total 186368K, used 144312K [0x0000000080000000, 0x0000000100000000)
  region size 1024K, 42 young (43008K), 8 survivors (8192K)
 Metaspace       used 116540K, committed 118848K, reserved 1179648K
  class space    used 16468K, committed 17600K, reserved 1048576K

Heap Regions: E=young(eden), S=young(survivor), O=old, HS=humongous(starts), HC=humongous(continues), CS=collection set, F=free, TAMS=top-at-mark-start, PB=parsable bottom
|   0|0x0000000080000000, 0x0000000080100000, 0x0000000080100000|100%|HS|  |TAMS 0x0000000080000000| PB 0x0000000080000000| Complete 
|   1|0x0000000080100000, 0x0000000080200000, 0x0000000080200000|100%|HC|  |TAMS 0x0000000080100000| PB 0x0000000080100000| Complete 
|   2|0x0000000080200000, 0x0000000080300000, 0x0000000080300000|100%|HC|  |TAMS 0x0000000080200000| PB 0x0000000080200000| Complete 
|   3|0x0000000080300000, 0x0000000080400000, 0x0000000080400000|100%|HC|  |TAMS 0x0000000080300000| PB 0x0000000080300000| Complete 
|   4|0x0000000080400000, 0x0000000080500000, 0x0000000080500000|100%|HS|  |TAMS 0x0000000080400000| PB 0x0000000080400000| Complete 
|   5|0x0000000080500000, 0x0000000080600000, 0x0000000080600000|100%| O|  |TAMS 0x0000000080500000| PB 0x0000000080500000| Untracked 
|   6|0x0000000080600000, 0x0000000080700000, 0x0000000080700000|100%| O|  |TAMS 0x0000000080600000| PB 0x0000000080600000| Untracked 
|   7|0x0000000080700000, 0x0000000080800000, 0x0000000080800000|100%| O|  |TAMS 0x0000000080700000| PB 0x0000000080700000| Untracked 
|   8|0x0000000080800000, 0x0000000080900000, 0x0000000080900000|100%| O|  |TAMS 0x0000000080800000| PB 0x0000000080800000| Untracked 
|   9|0x0000000080900000, 0x0000000080a00000, 0x0000000080a00000|100%| O|  |TAMS 0x0000000080900000| PB 0x0000000080900000| Untracked 
|  10|0x0000000080a00000, 0x0000000080b00000, 0x0000000080b00000|100%| O|  |TAMS 0x0000000080a00000| PB 0x0000000080a00000| Untracked 
|  11|0x0000000080b00000, 0x0000000080c00000, 0x0000000080c00000|100%| O|  |TAMS 0x0000000080b00000| PB 0x0000000080b00000| Untracked 
|  12|0x0000000080c00000, 0x0000000080d00000, 0x0000000080d00000|100%| O|  |TAMS 0x0000000080c00000| PB 0x0000000080c00000| Untracked 
|  13|0x0000000080d00000, 0x0000000080dfdf80, 0x0000000080e00000| 99%| O|  |TAMS 0x0000000080d00000| PB 0x0000000080d00000| Untracked 
|  14|0x0000000080e00000, 0x0000000080f00000, 0x0000000080f00000|100%| O|  |TAMS 0x0000000080e00000| PB 0x0000000080e00000| Untracked 
|  15|0x0000000080f00000, 0x0000000081000000, 0x0000000081000000|100%| O|  |TAMS 0x0000000080f00000| PB 0x0000000080f00000| Untracked 
|  16|0x0000000081000000, 0x0000000081100000, 0x0000000081100000|100%| O|  |TAMS 0x0000000081000000| PB 0x0000000081000000| Untracked 
|  17|0x0000000081100000, 0x0000000081200000, 0x0000000081200000|100%| O|  |TAMS 0x0000000081100000| PB 0x0000000081100000| Untracked 
|  18|0x0000000081200000, 0x0000000081300000, 0x0000000081300000|100%| O|  |TAMS 0x0000000081200000| PB 0x0000000081200000| Untracked 
|  19|0x0000000081300000, 0x0000000081400000, 0x0000000081400000|100%| O|  |TAMS 0x0000000081300000| PB 0x0000000081300000| Untracked 
|  20|0x0000000081400000, 0x0000000081500000, 0x0000000081500000|100%| O|  |TAMS 0x0000000081400000| PB 0x0000000081400000| Untracked 
|  21|0x0000000081500000, 0x0000000081600000, 0x0000000081600000|100%| O|  |TAMS 0x0000000081500000| PB 0x0000000081500000| Untracked 
|  22|0x0000000081600000, 0x0000000081700000, 0x0000000081700000|100%| O|  |TAMS 0x0000000081600000| PB 0x0000000081600000| Untracked 
|  23|0x0000000081700000, 0x0000000081800000, 0x0000000081800000|100%|HS|  |TAMS 0x0000000081700000| PB 0x0000000081700000| Complete 
|  24|0x0000000081800000, 0x0000000081900000, 0x0000000081900000|100%|HC|  |TAMS 0x0000000081800000| PB 0x0000000081800000| Complete 
|  25|0x0000000081900000, 0x0000000081a00000, 0x0000000081a00000|100%| O|  |TAMS 0x0000000081900000| PB 0x0000000081900000| Untracked 
|  26|0x0000000081a00000, 0x0000000081b00000, 0x0000000081b00000|100%| O|  |TAMS 0x0000000081a00000| PB 0x0000000081a00000| Untracked 
|  27|0x0000000081b00000, 0x0000000081c00000, 0x0000000081c00000|100%| O|  |TAMS 0x0000000081b00000| PB 0x0000000081b00000| Untracked 
|  28|0x0000000081c00000, 0x0000000081d00000, 0x0000000081d00000|100%| O|Cm|TAMS 0x0000000081c00000| PB 0x0000000081c00000| Complete 
|  29|0x0000000081d00000, 0x0000000081e00000, 0x0000000081e00000|100%| O|  |TAMS 0x0000000081d00000| PB 0x0000000081d00000| Untracked 
|  30|0x0000000081e00000, 0x0000000081f00000, 0x0000000081f00000|100%| O|  |TAMS 0x0000000081e00000| PB 0x0000000081e00000| Untracked 
|  31|0x0000000081f00000, 0x0000000082000000, 0x0000000082000000|100%| O|  |TAMS 0x0000000081f00000| PB 0x0000000081f00000| Untracked 
|  32|0x0000000082000000, 0x0000000082100000, 0x0000000082100000|100%| O|  |TAMS 0x0000000082000000| PB 0x0000000082000000| Untracked 
|  33|0x0000000082100000, 0x0000000082200000, 0x0000000082200000|100%| O|  |TAMS 0x0000000082100000| PB 0x0000000082100000| Untracked 
|  34|0x0000000082200000, 0x0000000082300000, 0x0000000082300000|100%| O|  |TAMS 0x0000000082200000| PB 0x0000000082200000| Untracked 
|  35|0x0000000082300000, 0x0000000082400000, 0x0000000082400000|100%| O|  |TAMS 0x0000000082300000| PB 0x0000000082300000| Untracked 
|  36|0x0000000082400000, 0x0000000082500000, 0x0000000082500000|100%|HS|  |TAMS 0x0000000082400000| PB 0x0000000082400000| Complete 
|  37|0x0000000082500000, 0x0000000082600000, 0x0000000082600000|100%| O|  |TAMS 0x0000000082500000| PB 0x0000000082500000| Untracked 
|  38|0x0000000082600000, 0x0000000082700000, 0x0000000082700000|100%| O|  |TAMS 0x0000000082600000| PB 0x0000000082600000| Untracked 
|  39|0x0000000082700000, 0x0000000082800000, 0x0000000082800000|100%| O|  |TAMS 0x0000000082700000| PB 0x0000000082700000| Untracked 
|  40|0x0000000082800000, 0x0000000082900000, 0x0000000082900000|100%| O|  |TAMS 0x0000000082800000| PB 0x0000000082800000| Untracked 
|  41|0x0000000082900000, 0x0000000082a00000, 0x0000000082a00000|100%| O|  |TAMS 0x0000000082900000| PB 0x0000000082900000| Untracked 
|  42|0x0000000082a00000, 0x0000000082b00000, 0x0000000082b00000|100%| O|  |TAMS 0x0000000082a00000| PB 0x0000000082a00000| Untracked 
|  43|0x0000000082b00000, 0x0000000082c00000, 0x0000000082c00000|100%| O|  |TAMS 0x0000000082b00000| PB 0x0000000082b00000| Untracked 
|  44|0x0000000082c00000, 0x0000000082d00000, 0x0000000082d00000|100%| O|  |TAMS 0x0000000082c00000| PB 0x0000000082c00000| Untracked 
|  45|0x0000000082d00000, 0x0000000082e00000, 0x0000000082e00000|100%| O|  |TAMS 0x0000000082d00000| PB 0x0000000082d00000| Untracked 
|  46|0x0000000082e00000, 0x0000000082f00000, 0x0000000082f00000|100%| O|  |TAMS 0x0000000082e00000| PB 0x0000000082e00000| Untracked 
|  47|0x0000000082f00000, 0x0000000083000000, 0x0000000083000000|100%| O|  |TAMS 0x0000000082f00000| PB 0x0000000082f00000| Untracked 
|  48|0x0000000083000000, 0x0000000083100000, 0x0000000083100000|100%| O|  |TAMS 0x0000000083000000| PB 0x0000000083000000| Untracked 
|  49|0x0000000083100000, 0x0000000083200000, 0x0000000083200000|100%|HS|  |TAMS 0x0000000083100000| PB 0x0000000083100000| Complete 
|  50|0x0000000083200000, 0x0000000083300000, 0x0000000083300000|100%| O|  |TAMS 0x0000000083200000| PB 0x0000000083200000| Untracked 
|  51|0x0000000083300000, 0x0000000083400000, 0x0000000083400000|100%|HS|  |TAMS 0x0000000083300000| PB 0x0000000083300000| Complete 
|  52|0x0000000083400000, 0x0000000083500000, 0x0000000083500000|100%|HC|  |TAMS 0x0000000083400000| PB 0x0000000083400000| Complete 
|  53|0x0000000083500000, 0x0000000083600000, 0x0000000083600000|100%|HS|  |TAMS 0x0000000083500000| PB 0x0000000083500000| Complete 
|  54|0x0000000083600000, 0x0000000083700000, 0x0000000083700000|100%|HS|  |TAMS 0x0000000083600000| PB 0x0000000083600000| Complete 
|  55|0x0000000083700000, 0x0000000083800000, 0x0000000083800000|100%|HS|  |TAMS 0x0000000083700000| PB 0x0000000083700000| Complete 
|  56|0x0000000083800000, 0x0000000083900000, 0x0000000083900000|100%|HS|  |TAMS 0x0000000083800000| PB 0x0000000083800000| Complete 
|  57|0x0000000083900000, 0x0000000083a00000, 0x0000000083a00000|100%| O|  |TAMS 0x0000000083900000| PB 0x0000000083900000| Untracked 
|  58|0x0000000083a00000, 0x0000000083b00000, 0x0000000083b00000|100%| O|  |TAMS 0x0000000083a00000| PB 0x0000000083a00000| Untracked 
|  59|0x0000000083b00000, 0x0000000083c00000, 0x0000000083c00000|100%| O|  |TAMS 0x0000000083b00000| PB 0x0000000083b00000| Untracked 
|  60|0x0000000083c00000, 0x0000000083d00000, 0x0000000083d00000|100%| O|  |TAMS 0x0000000083c00000| PB 0x0000000083c00000| Untracked 
|  61|0x0000000083d00000, 0x0000000083e00000, 0x0000000083e00000|100%| O|  |TAMS 0x0000000083d00000| PB 0x0000000083d00000| Untracked 
|  62|0x0000000083e00000, 0x0000000083f00000, 0x0000000083f00000|100%| O|  |TAMS 0x0000000083e00000| PB 0x0000000083e00000| Untracked 
|  63|0x0000000083f00000, 0x0000000084000000, 0x0000000084000000|100%| O|  |TAMS 0x0000000083f00000| PB 0x0000000083f00000| Untracked 
|  64|0x0000000084000000, 0x0000000084100000, 0x0000000084100000|100%| O|  |TAMS 0x0000000084000000| PB 0x0000000084000000| Untracked 
|  65|0x0000000084100000, 0x0000000084200000, 0x0000000084200000|100%| O|  |TAMS 0x0000000084100000| PB 0x0000000084100000| Untracked 
|  66|0x0000000084200000, 0x0000000084300000, 0x0000000084300000|100%| O|  |TAMS 0x0000000084200000| PB 0x0000000084200000| Untracked 
|  67|0x0000000084300000, 0x0000000084400000, 0x0000000084400000|100%| O|  |TAMS 0x0000000084300000| PB 0x0000000084300000| Untracked 
|  68|0x0000000084400000, 0x00000000844f0140, 0x0000000084500000| 93%| O|  |TAMS 0x0000000084400000| PB 0x0000000084400000| Untracked 
|  69|0x0000000084500000, 0x0000000084600000, 0x0000000084600000|100%|HS|  |TAMS 0x0000000084500000| PB 0x0000000084500000| Complete 
|  70|0x0000000084600000, 0x0000000084700000, 0x0000000084700000|100%| O|  |TAMS 0x0000000084600000| PB 0x0000000084600000| Untracked 
|  71|0x0000000084700000, 0x0000000084800000, 0x0000000084800000|100%| O|  |TAMS 0x0000000084700000| PB 0x0000000084700000| Untracked 
|  72|0x0000000084800000, 0x0000000084900000, 0x0000000084900000|100%| O|  |TAMS 0x0000000084800000| PB 0x0000000084800000| Untracked 
|  73|0x0000000084900000, 0x0000000084a00000, 0x0000000084a00000|100%| O|  |TAMS 0x0000000084900000| PB 0x0000000084900000| Untracked 
|  74|0x0000000084a00000, 0x0000000084b00000, 0x0000000084b00000|100%|HS|  |TAMS 0x0000000084a00000| PB 0x0000000084a00000| Complete 
|  75|0x0000000084b00000, 0x0000000084c00000, 0x0000000084c00000|100%|HC|  |TAMS 0x0000000084b00000| PB 0x0000000084b00000| Complete 
|  76|0x0000000084c00000, 0x0000000084d00000, 0x0000000084d00000|100%|HS|  |TAMS 0x0000000084c00000| PB 0x0000000084c00000| Complete 
|  77|0x0000000084d00000, 0x0000000084d00000, 0x0000000084e00000|  0%| F|  |TAMS 0x0000000084d00000| PB 0x0000000084d00000| Untracked 
|  78|0x0000000084e00000, 0x0000000084e00000, 0x0000000084f00000|  0%| F|  |TAMS 0x0000000084e00000| PB 0x0000000084e00000| Untracked 
|  79|0x0000000084f00000, 0x0000000085000000, 0x0000000085000000|100%| O|  |TAMS 0x0000000084f00000| PB 0x0000000084f00000| Untracked 
|  80|0x0000000085000000, 0x0000000085100000, 0x0000000085100000|100%| O|  |TAMS 0x0000000085000000| PB 0x0000000085000000| Untracked 
|  81|0x0000000085100000, 0x0000000085200000, 0x0000000085200000|100%| O|  |TAMS 0x0000000085100000| PB 0x0000000085100000| Untracked 
|  82|0x0000000085200000, 0x0000000085300000, 0x0000000085300000|100%| O|  |TAMS 0x0000000085200000| PB 0x0000000085200000| Untracked 
|  83|0x0000000085300000, 0x0000000085400000, 0x0000000085400000|100%| O|  |TAMS 0x0000000085300000| PB 0x0000000085300000| Untracked 
|  84|0x0000000085400000, 0x0000000085500000, 0x0000000085500000|100%| O|  |TAMS 0x0000000085400000| PB 0x0000000085400000| Untracked 
|  85|0x0000000085500000, 0x0000000085600000, 0x0000000085600000|100%| O|Cm|TAMS 0x0000000085500000| PB 0x0000000085500000| Complete 
|  86|0x0000000085600000, 0x0000000085700000, 0x0000000085700000|100%| O|  |TAMS 0x0000000085600000| PB 0x0000000085600000| Untracked 
|  87|0x0000000085700000, 0x0000000085800000, 0x0000000085800000|100%| O|  |TAMS 0x0000000085700000| PB 0x0000000085700000| Untracked 
|  88|0x0000000085800000, 0x0000000085900000, 0x0000000085900000|100%| O|  |TAMS 0x0000000085800000| PB 0x0000000085800000| Untracked 
|  89|0x0000000085900000, 0x0000000085a00000, 0x0000000085a00000|100%| O|  |TAMS 0x0000000085900000| PB 0x0000000085900000| Untracked 
|  90|0x0000000085a00000, 0x0000000085b00000, 0x0000000085b00000|100%| O|Cm|TAMS 0x0000000085a00000| PB 0x0000000085a00000| Complete 
|  91|0x0000000085b00000, 0x0000000085c00000, 0x0000000085c00000|100%| O|Cm|TAMS 0x0000000085b00000| PB 0x0000000085b00000| Complete 
|  92|0x0000000085c00000, 0x0000000085c00000, 0x0000000085d00000|  0%| F|  |TAMS 0x0000000085c00000| PB 0x0000000085c00000| Untracked 
|  93|0x0000000085d00000, 0x0000000085d00000, 0x0000000085e00000|  0%| F|  |TAMS 0x0000000085d00000| PB 0x0000000085d00000| Untracked 
|  94|0x0000000085e00000, 0x0000000085f00000, 0x0000000085f00000|100%| S|CS|TAMS 0x0000000085e00000| PB 0x0000000085e00000| Complete 
|  95|0x0000000085f00000, 0x0000000086000000, 0x0000000086000000|100%| S|CS|TAMS 0x0000000085f00000| PB 0x0000000085f00000| Complete 
|  96|0x0000000086000000, 0x0000000086000000, 0x0000000086100000|  0%| F|  |TAMS 0x0000000086000000| PB 0x0000000086000000| Untracked 
|  97|0x0000000086100000, 0x0000000086100000, 0x0000000086200000|  0%| F|  |TAMS 0x0000000086100000| PB 0x0000000086100000| Untracked 
|  98|0x0000000086200000, 0x0000000086200000, 0x0000000086300000|  0%| F|  |TAMS 0x0000000086200000| PB 0x0000000086200000| Untracked 
|  99|0x0000000086300000, 0x0000000086300000, 0x0000000086400000|  0%| F|  |TAMS 0x0000000086300000| PB 0x0000000086300000| Untracked 
| 100|0x0000000086400000, 0x0000000086400000, 0x0000000086500000|  0%| F|  |TAMS 0x0000000086400000| PB 0x0000000086400000| Untracked 
| 101|0x0000000086500000, 0x0000000086500000, 0x0000000086600000|  0%| F|  |TAMS 0x0000000086500000| PB 0x0000000086500000| Untracked 
| 102|0x0000000086600000, 0x0000000086600000, 0x0000000086700000|  0%| F|  |TAMS 0x0000000086600000| PB 0x0000000086600000| Untracked 
| 103|0x0000000086700000, 0x0000000086700000, 0x0000000086800000|  0%| F|  |TAMS 0x0000000086700000| PB 0x0000000086700000| Untracked 
| 104|0x0000000086800000, 0x0000000086900000, 0x0000000086900000|100%| S|CS|TAMS 0x0000000086800000| PB 0x0000000086800000| Complete 
| 105|0x0000000086900000, 0x0000000086a00000, 0x0000000086a00000|100%| S|CS|TAMS 0x0000000086900000| PB 0x0000000086900000| Complete 
| 106|0x0000000086a00000, 0x0000000086b00000, 0x0000000086b00000|100%| S|CS|TAMS 0x0000000086a00000| PB 0x0000000086a00000| Complete 
| 107|0x0000000086b00000, 0x0000000086c00000, 0x0000000086c00000|100%| S|CS|TAMS 0x0000000086b00000| PB 0x0000000086b00000| Complete 
| 108|0x0000000086c00000, 0x0000000086d00000, 0x0000000086d00000|100%| S|CS|TAMS 0x0000000086c00000| PB 0x0000000086c00000| Complete 
| 109|0x0000000086d00000, 0x0000000086e00000, 0x0000000086e00000|100%| S|CS|TAMS 0x0000000086d00000| PB 0x0000000086d00000| Complete 
| 110|0x0000000086e00000, 0x0000000086e00000, 0x0000000086f00000|  0%| F|  |TAMS 0x0000000086e00000| PB 0x0000000086e00000| Untracked 
| 111|0x0000000086f00000, 0x0000000086f00000, 0x0000000087000000|  0%| F|  |TAMS 0x0000000086f00000| PB 0x0000000086f00000| Untracked 
| 112|0x0000000087000000, 0x0000000087000000, 0x0000000087100000|  0%| F|  |TAMS 0x0000000087000000| PB 0x0000000087000000| Untracked 
| 113|0x0000000087100000, 0x0000000087100000, 0x0000000087200000|  0%| F|  |TAMS 0x0000000087100000| PB 0x0000000087100000| Untracked 
| 114|0x0000000087200000, 0x0000000087200000, 0x0000000087300000|  0%| F|  |TAMS 0x0000000087200000| PB 0x0000000087200000| Untracked 
| 115|0x0000000087300000, 0x0000000087300000, 0x0000000087400000|  0%| F|  |TAMS 0x0000000087300000| PB 0x0000000087300000| Untracked 
| 116|0x0000000087400000, 0x0000000087400000, 0x0000000087500000|  0%| F|  |TAMS 0x0000000087400000| PB 0x0000000087400000| Untracked 
| 117|0x0000000087500000, 0x0000000087500000, 0x0000000087600000|  0%| F|  |TAMS 0x0000000087500000| PB 0x0000000087500000| Untracked 
| 118|0x0000000087600000, 0x0000000087600000, 0x0000000087700000|  0%| F|  |TAMS 0x0000000087600000| PB 0x0000000087600000| Untracked 
| 119|0x0000000087700000, 0x0000000087700000, 0x0000000087800000|  0%| F|  |TAMS 0x0000000087700000| PB 0x0000000087700000| Untracked 
| 120|0x0000000087800000, 0x0000000087800000, 0x0000000087900000|  0%| F|  |TAMS 0x0000000087800000| PB 0x0000000087800000| Untracked 
| 121|0x0000000087900000, 0x0000000087900000, 0x0000000087a00000|  0%| F|  |TAMS 0x0000000087900000| PB 0x0000000087900000| Untracked 
| 122|0x0000000087a00000, 0x0000000087a00000, 0x0000000087b00000|  0%| F|  |TAMS 0x0000000087a00000| PB 0x0000000087a00000| Untracked 
| 123|0x0000000087b00000, 0x0000000087b00000, 0x0000000087c00000|  0%| F|  |TAMS 0x0000000087b00000| PB 0x0000000087b00000| Untracked 
| 124|0x0000000087c00000, 0x0000000087c00000, 0x0000000087d00000|  0%| F|  |TAMS 0x0000000087c00000| PB 0x0000000087c00000| Untracked 
| 125|0x0000000087d00000, 0x0000000087d00000, 0x0000000087e00000|  0%| F|  |TAMS 0x0000000087d00000| PB 0x0000000087d00000| Untracked 
| 126|0x0000000087e00000, 0x0000000087e00000, 0x0000000087f00000|  0%| F|  |TAMS 0x0000000087e00000| PB 0x0000000087e00000| Untracked 
| 127|0x0000000087f00000, 0x0000000087f00000, 0x0000000088000000|  0%| F|  |TAMS 0x0000000087f00000| PB 0x0000000087f00000| Untracked 
| 128|0x0000000088000000, 0x0000000088000000, 0x0000000088100000|  0%| F|  |TAMS 0x0000000088000000| PB 0x0000000088000000| Untracked 
| 129|0x0000000088100000, 0x0000000088100000, 0x0000000088200000|  0%| F|  |TAMS 0x0000000088100000| PB 0x0000000088100000| Untracked 
| 130|0x0000000088200000, 0x0000000088200000, 0x0000000088300000|  0%| F|  |TAMS 0x0000000088200000| PB 0x0000000088200000| Untracked 
| 131|0x0000000088300000, 0x0000000088300000, 0x0000000088400000|  0%| F|  |TAMS 0x0000000088300000| PB 0x0000000088300000| Untracked 
| 132|0x0000000088400000, 0x0000000088400000, 0x0000000088500000|  0%| F|  |TAMS 0x0000000088400000| PB 0x0000000088400000| Untracked 
| 133|0x0000000088500000, 0x0000000088500000, 0x0000000088600000|  0%| F|  |TAMS 0x0000000088500000| PB 0x0000000088500000| Untracked 
| 134|0x0000000088600000, 0x0000000088600000, 0x0000000088700000|  0%| F|  |TAMS 0x0000000088600000| PB 0x0000000088600000| Untracked 
| 135|0x0000000088700000, 0x0000000088700000, 0x0000000088800000|  0%| F|  |TAMS 0x0000000088700000| PB 0x0000000088700000| Untracked 
| 136|0x0000000088800000, 0x0000000088800000, 0x0000000088900000|  0%| F|  |TAMS 0x0000000088800000| PB 0x0000000088800000| Untracked 
| 137|0x0000000088900000, 0x0000000088a00000, 0x0000000088a00000|100%| E|  |TAMS 0x0000000088900000| PB 0x0000000088900000| Complete 
| 138|0x0000000088a00000, 0x0000000088b00000, 0x0000000088b00000|100%| E|CS|TAMS 0x0000000088a00000| PB 0x0000000088a00000| Complete 
| 139|0x0000000088b00000, 0x0000000088c00000, 0x0000000088c00000|100%| E|CS|TAMS 0x0000000088b00000| PB 0x0000000088b00000| Complete 
| 140|0x0000000088c00000, 0x0000000088d00000, 0x0000000088d00000|100%| E|CS|TAMS 0x0000000088c00000| PB 0x0000000088c00000| Complete 
| 141|0x0000000088d00000, 0x0000000088e00000, 0x0000000088e00000|100%| E|CS|TAMS 0x0000000088d00000| PB 0x0000000088d00000| Complete 
| 142|0x0000000088e00000, 0x0000000088f00000, 0x0000000088f00000|100%| E|CS|TAMS 0x0000000088e00000| PB 0x0000000088e00000| Complete 
| 143|0x0000000088f00000, 0x0000000089000000, 0x0000000089000000|100%| E|CS|TAMS 0x0000000088f00000| PB 0x0000000088f00000| Complete 
| 144|0x0000000089000000, 0x0000000089100000, 0x0000000089100000|100%| E|CS|TAMS 0x0000000089000000| PB 0x0000000089000000| Complete 
| 145|0x0000000089100000, 0x0000000089200000, 0x0000000089200000|100%| E|CS|TAMS 0x0000000089100000| PB 0x0000000089100000| Complete 
| 146|0x0000000089200000, 0x0000000089300000, 0x0000000089300000|100%| E|CS|TAMS 0x0000000089200000| PB 0x0000000089200000| Complete 
| 147|0x0000000089300000, 0x0000000089400000, 0x0000000089400000|100%| E|CS|TAMS 0x0000000089300000| PB 0x0000000089300000| Complete 
| 148|0x0000000089400000, 0x0000000089500000, 0x0000000089500000|100%| E|CS|TAMS 0x0000000089400000| PB 0x0000000089400000| Complete 
| 149|0x0000000089500000, 0x0000000089600000, 0x0000000089600000|100%| E|CS|TAMS 0x0000000089500000| PB 0x0000000089500000| Complete 
| 150|0x0000000089600000, 0x0000000089700000, 0x0000000089700000|100%| E|CS|TAMS 0x0000000089600000| PB 0x0000000089600000| Complete 
| 151|0x0000000089700000, 0x0000000089800000, 0x0000000089800000|100%| E|CS|TAMS 0x0000000089700000| PB 0x0000000089700000| Complete 
| 152|0x0000000089800000, 0x0000000089900000, 0x0000000089900000|100%| E|CS|TAMS 0x0000000089800000| PB 0x0000000089800000| Complete 
| 153|0x0000000089900000, 0x0000000089a00000, 0x0000000089a00000|100%| E|CS|TAMS 0x0000000089900000| PB 0x0000000089900000| Complete 
| 154|0x0000000089a00000, 0x0000000089b00000, 0x0000000089b00000|100%| E|CS|TAMS 0x0000000089a00000| PB 0x0000000089a00000| Complete 
| 155|0x0000000089b00000, 0x0000000089c00000, 0x0000000089c00000|100%| E|CS|TAMS 0x0000000089b00000| PB 0x0000000089b00000| Complete 
| 156|0x0000000089c00000, 0x0000000089d00000, 0x0000000089d00000|100%| E|CS|TAMS 0x0000000089c00000| PB 0x0000000089c00000| Complete 
| 157|0x0000000089d00000, 0x0000000089e00000, 0x0000000089e00000|100%| E|CS|TAMS 0x0000000089d00000| PB 0x0000000089d00000| Complete 
| 158|0x0000000089e00000, 0x0000000089f00000, 0x0000000089f00000|100%| E|CS|TAMS 0x0000000089e00000| PB 0x0000000089e00000| Complete 
| 159|0x0000000089f00000, 0x000000008a000000, 0x000000008a000000|100%| E|CS|TAMS 0x0000000089f00000| PB 0x0000000089f00000| Complete 
| 160|0x000000008a000000, 0x000000008a100000, 0x000000008a100000|100%| E|CS|TAMS 0x000000008a000000| PB 0x000000008a000000| Complete 
| 161|0x000000008a100000, 0x000000008a200000, 0x000000008a200000|100%| E|CS|TAMS 0x000000008a100000| PB 0x000000008a100000| Complete 
| 162|0x000000008a200000, 0x000000008a300000, 0x000000008a300000|100%| E|CS|TAMS 0x000000008a200000| PB 0x000000008a200000| Complete 
| 163|0x000000008a300000, 0x000000008a400000, 0x000000008a400000|100%| E|CS|TAMS 0x000000008a300000| PB 0x000000008a300000| Complete 
| 164|0x000000008a400000, 0x000000008a500000, 0x000000008a500000|100%| E|CS|TAMS 0x000000008a400000| PB 0x000000008a400000| Complete 
| 165|0x000000008a500000, 0x000000008a600000, 0x000000008a600000|100%| E|CS|TAMS 0x000000008a500000| PB 0x000000008a500000| Complete 
| 166|0x000000008a600000, 0x000000008a700000, 0x000000008a700000|100%| E|CS|TAMS 0x000000008a600000| PB 0x000000008a600000| Complete 
| 167|0x000000008a700000, 0x000000008a800000, 0x000000008a800000|100%| E|CS|TAMS 0x000000008a700000| PB 0x000000008a700000| Complete 
| 168|0x000000008a800000, 0x000000008a900000, 0x000000008a900000|100%| E|CS|TAMS 0x000000008a800000| PB 0x000000008a800000| Complete 
|2035|0x00000000ff300000, 0x00000000ff400000, 0x00000000ff400000|100%| O|  |TAMS 0x00000000ff300000| PB 0x00000000ff300000| Untracked 
|2036|0x00000000ff400000, 0x00000000ff500000, 0x00000000ff500000|100%| E|CS|TAMS 0x00000000ff400000| PB 0x00000000ff400000| Complete 
|2037|0x00000000ff500000, 0x00000000ff600000, 0x00000000ff600000|100%| E|  |TAMS 0x00000000ff500000| PB 0x00000000ff500000| Complete 
|2038|0x00000000ff600000, 0x00000000ff700000, 0x00000000ff700000|100%| O|  |TAMS 0x00000000ff600000| PB 0x00000000ff600000| Untracked 
|2039|0x00000000ff700000, 0x00000000ff800000, 0x00000000ff800000|100%| O|  |TAMS 0x00000000ff700000| PB 0x00000000ff700000| Untracked 
|2040|0x00000000ff800000, 0x00000000ff900000, 0x00000000ff900000|100%| O|  |TAMS 0x00000000ff800000| PB 0x00000000ff800000| Untracked 
|2041|0x00000000ff900000, 0x00000000ffa00000, 0x00000000ffa00000|100%| O|  |TAMS 0x00000000ff900000| PB 0x00000000ff900000| Untracked 
|2042|0x00000000ffa00000, 0x00000000ffb00000, 0x00000000ffb00000|100%| O|  |TAMS 0x00000000ffa00000| PB 0x00000000ffa00000| Untracked 
|2043|0x00000000ffb00000, 0x00000000ffc00000, 0x00000000ffc00000|100%| O|  |TAMS 0x00000000ffb00000| PB 0x00000000ffb00000| Untracked 
|2044|0x00000000ffc00000, 0x00000000ffd00000, 0x00000000ffd00000|100%| O|  |TAMS 0x00000000ffc00000| PB 0x00000000ffc00000| Untracked 
|2045|0x00000000ffd00000, 0x00000000ffe00000, 0x00000000ffe00000|100%| O|  |TAMS 0x00000000ffd00000| PB 0x00000000ffd00000| Untracked 
|2046|0x00000000ffe00000, 0x00000000fff00000, 0x00000000fff00000|100%| O|  |TAMS 0x00000000ffe00000| PB 0x00000000ffe00000| Untracked 
|2047|0x00000000fff00000, 0x0000000100000000, 0x0000000100000000|100%| O|  |TAMS 0x00000000fff00000| PB 0x00000000fff00000| Untracked 

Card table byte_map: [0x0000021e3d170000,0x0000021e3d570000] _byte_map_base: 0x0000021e3cd70000

Marking Bits: (CMBitMap*) 0x0000021e2ac4fb30
 Bits: [0x0000021e3d570000, 0x0000021e3f570000)

Polling page: 0x0000021e28840000

Metaspace:

Usage:
  Non-class:     97.73 MB used.
      Class:     16.08 MB used.
       Both:    113.81 MB used.

Virtual space:
  Non-class space:      128.00 MB reserved,      98.88 MB ( 77%) committed,  2 nodes.
      Class space:        1.00 GB reserved,      17.19 MB (  2%) committed,  1 nodes.
             Both:        1.12 GB reserved,     116.06 MB ( 10%) committed. 

Chunk freelists:
   Non-Class:  13.15 MB
       Class:  14.75 MB
        Both:  27.90 MB

MaxMetaspaceSize: unlimited
CompressedClassSpaceSize: 1.00 GB
Initial GC threshold: 21.00 MB
Current GC threshold: 190.12 MB
CDS: off
 - commit_granule_bytes: 65536.
 - commit_granule_words: 8192.
 - virtual_space_node_default_size: 8388608.
 - enlarge_chunks_in_place: 1.
 - use_allocation_guard: 0.


Internal statistics:

num_allocs_failed_limit: 6.
num_arena_births: 4406.
num_arena_deaths: 0.
num_vsnodes_births: 3.
num_vsnodes_deaths: 0.
num_space_committed: 1857.
num_space_uncommitted: 0.
num_chunks_returned_to_freelist: 6.
num_chunks_taken_from_freelist: 9516.
num_chunk_merges: 3.
num_chunk_splits: 6188.
num_chunks_enlarged: 3835.
num_inconsistent_stats: 0.

CodeHeap 'non-profiled nmethods': size=120000Kb used=6811Kb max_used=6868Kb free=113188Kb
 bounds [0x0000021e35840000, 0x0000021e35f10000, 0x0000021e3cd70000]
CodeHeap 'profiled nmethods': size=120000Kb used=20332Kb max_used=20478Kb free=99667Kb
 bounds [0x0000021e2dd70000, 0x0000021e2f170000, 0x0000021e352a0000]
CodeHeap 'non-nmethods': size=5760Kb used=2001Kb max_used=2036Kb free=3758Kb
 bounds [0x0000021e352a0000, 0x0000021e35510000, 0x0000021e35840000]
CodeCache: size=245760Kb, used=29144Kb, max_used=29382Kb, free=216613Kb
 total_blobs=11609, nmethods=10728, adapters=784, full_count=0
Compilation: enabled, stopped_count=0, restarted_count=0

Compilation events (20 events):
Event: 537.186 Thread 0x0000021e41c60280 12930       3       org.gradle.util.Path::compareTo (110 bytes)
Event: 537.188 Thread 0x0000021e41c60280 nmethod 12930 0x0000021e2e5d2790 code [0x0000021e2e5d29e0, 0x0000021e2e5d3198]
Event: 537.188 Thread 0x0000021e41c60280 12931       3       org.gradle.api.internal.project.ProjectOrderingUtil::owner (27 bytes)
Event: 537.188 Thread 0x0000021e41c60280 nmethod 12931 0x0000021e2e537790 code [0x0000021e2e537960, 0x0000021e2e537df0]
Event: 537.188 Thread 0x0000021e41c60280 12932       3       org.gradle.api.internal.project.DefaultProjectStateRegistry$ProjectStateImpl::getDepth (8 bytes)
Event: 537.189 Thread 0x0000021e41c60280 nmethod 12932 0x0000021e2e57c610 code [0x0000021e2e57c7c0, 0x0000021e2e57c9e0]
Event: 537.194 Thread 0x0000021e41c60280 12933       3       org.gradle.model.internal.core.ModelPath::doGetParent (91 bytes)
Event: 537.195 Thread 0x0000021e41c60280 nmethod 12933 0x0000021e2e146910 code [0x0000021e2e146b20, 0x0000021e2e147108]
Event: 537.254 Thread 0x0000021e41c60280 12934  s    3       org.gradle.model.internal.core.ModelPath$Cache::get (41 bytes)
Event: 537.255 Thread 0x0000021e41c60280 nmethod 12934 0x0000021e2e6bbb10 code [0x0000021e2e6bbd20, 0x0000021e2e6bc4f8]
Event: 537.334 Thread 0x0000021e41c60280 12935       3       org.gradle.internal.instantiation.generator.AsmBackedClassGenerator$ClassBuilderImpl::paramTypesOf (70 bytes)
Event: 537.336 Thread 0x0000021e41c60280 nmethod 12935 0x0000021e2e72f690 code [0x0000021e2e72f8c0, 0x0000021e2e730140]
Event: 537.336 Thread 0x0000021e41c60280 12939       3       org.gradle.internal.instantiation.generator.AsmBackedClassGenerator$ClassBuilderImpl::visitDeclaredAnnotationsOf (101 bytes)
Event: 537.338 Thread 0x0000021e41c60280 nmethod 12939 0x0000021e2e375110 code [0x0000021e2e375440, 0x0000021e2e3764c8]
Event: 537.338 Thread 0x0000021e41c60280 12936       3       org.gradle.model.internal.asm.AsmClassGeneratorUtils::signature (45 bytes)
Event: 537.344 Thread 0x0000021e41c60280 nmethod 12936 0x0000021e2e736890 code [0x0000021e2e736d00, 0x0000021e2e738ec8]
Event: 537.344 Thread 0x0000021e41c60280 12937       3       org.gradle.internal.instantiation.generator.AsmBackedClassGenerator$ClassBuilderImpl$$Lambda/0x00000001002f3570::<init> (32 bytes)
Event: 537.344 Thread 0x0000021e41c60280 nmethod 12937 0x0000021e2de97c10 code [0x0000021e2de97dc0, 0x0000021e2de980a0]
Event: 537.344 Thread 0x0000021e41c60280 12938       3       org.gradle.internal.instantiation.generator.AsmBackedClassGenerator$ClassBuilderImpl::lambda$addConstructor$2 (17 bytes)
Event: 537.344 Thread 0x0000021e41c60280 nmethod 12938 0x0000021e2e68ba90 code [0x0000021e2e68bc40, 0x0000021e2e68be00]

GC Heap History (20 events):
Event: 390.455 GC heap before
{Heap before GC invocations=56 (full 0):
 garbage-first heap   total 145408K, used 126397K [0x0000000080000000, 0x0000000100000000)
  region size 1024K, 42 young (43008K), 4 survivors (4096K)
 Metaspace       used 89624K, committed 91712K, reserved 1179648K
  class space    used 12403K, committed 13376K, reserved 1048576K
}
Event: 390.470 GC heap after
{Heap after GC invocations=57 (full 0):
 garbage-first heap   total 145408K, used 92457K [0x0000000080000000, 0x0000000100000000)
  region size 1024K, 6 young (6144K), 6 survivors (6144K)
 Metaspace       used 89624K, committed 91712K, reserved 1179648K
  class space    used 12403K, committed 13376K, reserved 1048576K
}
Event: 399.356 GC heap before
{Heap before GC invocations=58 (full 0):
 garbage-first heap   total 158720K, used 131369K [0x0000000080000000, 0x0000000100000000)
  region size 1024K, 42 young (43008K), 6 survivors (6144K)
 Metaspace       used 92004K, committed 94144K, reserved 1179648K
  class space    used 12736K, committed 13760K, reserved 1048576K
}
Event: 399.371 GC heap after
{Heap after GC invocations=59 (full 0):
 garbage-first heap   total 158720K, used 95704K [0x0000000080000000, 0x0000000100000000)
  region size 1024K, 2 young (2048K), 2 survivors (2048K)
 Metaspace       used 92004K, committed 94144K, reserved 1179648K
  class space    used 12736K, committed 13760K, reserved 1048576K
}
Event: 407.256 GC heap before
{Heap before GC invocations=59 (full 0):
 garbage-first heap   total 158720K, used 141784K [0x0000000080000000, 0x0000000100000000)
  region size 1024K, 47 young (48128K), 2 survivors (2048K)
 Metaspace       used 95158K, committed 97280K, reserved 1179648K
  class space    used 13286K, committed 14272K, reserved 1048576K
}
Event: 407.268 GC heap after
{Heap after GC invocations=60 (full 0):
 garbage-first heap   total 158720K, used 95625K [0x0000000080000000, 0x0000000100000000)
  region size 1024K, 3 young (3072K), 3 survivors (3072K)
 Metaspace       used 95158K, committed 97280K, reserved 1179648K
  class space    used 13286K, committed 14272K, reserved 1048576K
}
Event: 415.451 GC heap before
{Heap before GC invocations=60 (full 0):
 garbage-first heap   total 158720K, used 143753K [0x0000000080000000, 0x0000000100000000)
  region size 1024K, 50 young (51200K), 3 survivors (3072K)
 Metaspace       used 98416K, committed 100608K, reserved 1179648K
  class space    used 13805K, committed 14848K, reserved 1048576K
}
Event: 415.467 GC heap after
{Heap after GC invocations=61 (full 0):
 garbage-first heap   total 158720K, used 97409K [0x0000000080000000, 0x0000000100000000)
  region size 1024K, 5 young (5120K), 5 survivors (5120K)
 Metaspace       used 98416K, committed 100608K, reserved 1179648K
  class space    used 13805K, committed 14848K, reserved 1048576K
}
Event: 425.084 GC heap before
{Heap before GC invocations=62 (full 0):
 garbage-first heap   total 163840K, used 145537K [0x0000000080000000, 0x0000000100000000)
  region size 1024K, 52 young (53248K), 5 survivors (5120K)
 Metaspace       used 101923K, committed 104192K, reserved 1179648K
  class space    used 14338K, committed 15424K, reserved 1048576K
}
Event: 425.101 GC heap after
{Heap after GC invocations=63 (full 0):
 garbage-first heap   total 163840K, used 100128K [0x0000000080000000, 0x0000000100000000)
  region size 1024K, 6 young (6144K), 6 survivors (6144K)
 Metaspace       used 101923K, committed 104192K, reserved 1179648K
  class space    used 14338K, committed 15424K, reserved 1048576K
}
Event: 433.575 GC heap before
{Heap before GC invocations=63 (full 0):
 garbage-first heap   total 163840K, used 151328K [0x0000000080000000, 0x0000000100000000)
  region size 1024K, 56 young (57344K), 6 survivors (6144K)
 Metaspace       used 105300K, committed 107520K, reserved 1179648K
  class space    used 14850K, committed 15936K, reserved 1048576K
}
Event: 433.596 GC heap after
{Heap after GC invocations=64 (full 0):
 garbage-first heap   total 163840K, used 100808K [0x0000000080000000, 0x0000000100000000)
  region size 1024K, 5 young (5120K), 5 survivors (5120K)
 Metaspace       used 105300K, committed 107520K, reserved 1179648K
  class space    used 14850K, committed 15936K, reserved 1048576K
}
Event: 451.539 GC heap before
{Heap before GC invocations=64 (full 0):
 garbage-first heap   total 163840K, used 152008K [0x0000000080000000, 0x0000000100000000)
  region size 1024K, 55 young (56320K), 5 survivors (5120K)
 Metaspace       used 107551K, committed 109824K, reserved 1179648K
  class space    used 15215K, committed 16320K, reserved 1048576K
}
Event: 451.560 GC heap after
{Heap after GC invocations=65 (full 0):
 garbage-first heap   total 163840K, used 105322K [0x0000000080000000, 0x0000000100000000)
  region size 1024K, 7 young (7168K), 7 survivors (7168K)
 Metaspace       used 107551K, committed 109824K, reserved 1179648K
  class space    used 15215K, committed 16320K, reserved 1048576K
}
Event: 480.045 GC heap before
{Heap before GC invocations=66 (full 0):
 garbage-first heap   total 178176K, used 151402K [0x0000000080000000, 0x0000000100000000)
  region size 1024K, 52 young (53248K), 7 survivors (7168K)
 Metaspace       used 109787K, committed 112064K, reserved 1179648K
  class space    used 15553K, committed 16640K, reserved 1048576K
}
Event: 480.062 GC heap after
{Heap after GC invocations=67 (full 0):
 garbage-first heap   total 178176K, used 107140K [0x0000000080000000, 0x0000000100000000)
  region size 1024K, 5 young (5120K), 5 survivors (5120K)
 Metaspace       used 109787K, committed 112064K, reserved 1179648K
  class space    used 15553K, committed 16640K, reserved 1048576K
}
Event: 497.287 GC heap before
{Heap before GC invocations=67 (full 0):
 garbage-first heap   total 178176K, used 162436K [0x0000000080000000, 0x0000000100000000)
  region size 1024K, 59 young (60416K), 5 survivors (5120K)
 Metaspace       used 112588K, committed 114880K, reserved 1179648K
  class space    used 15933K, committed 17024K, reserved 1048576K
}
Event: 497.307 GC heap after
{Heap after GC invocations=68 (full 0):
 garbage-first heap   total 178176K, used 108835K [0x0000000080000000, 0x0000000100000000)
  region size 1024K, 8 young (8192K), 8 survivors (8192K)
 Metaspace       used 112588K, committed 114880K, reserved 1179648K
  class space    used 15933K, committed 17024K, reserved 1048576K
}
Event: 530.998 GC heap before
{Heap before GC invocations=68 (full 0):
 garbage-first heap   total 178176K, used 163107K [0x0000000080000000, 0x0000000100000000)
  region size 1024K, 61 young (62464K), 8 survivors (8192K)
 Metaspace       used 114010K, committed 116288K, reserved 1179648K
  class space    used 16126K, committed 17216K, reserved 1048576K
}
Event: 531.020 GC heap after
{Heap after GC invocations=69 (full 0):
 garbage-first heap   total 178176K, used 110520K [0x0000000080000000, 0x0000000100000000)
  region size 1024K, 8 young (8192K), 8 survivors (8192K)
 Metaspace       used 114010K, committed 116288K, reserved 1179648K
  class space    used 16126K, committed 17216K, reserved 1048576K
}

Dll operation events (3 events):
Event: 1.085 Loaded shared library C:\Program Files\Android\Android Studio1\jbr\bin\java.dll
Event: 1.105 Loaded shared library C:\Program Files\Android\Android Studio1\jbr\bin\zip.dll
Event: 33.474 Loaded shared library C:\Program Files\Android\Android Studio1\jbr\bin\verify.dll

Deoptimization events (20 events):
Event: 531.082 Thread 0x0000021e475d23e0 Uncommon trap: trap_request=0xffffff45 fr.pc=0x0000021e35902510 relative=0x0000000000000630
Event: 531.082 Thread 0x0000021e475d23e0 Uncommon trap: reason=unstable_if action=reinterpret pc=0x0000021e35902510 method=java.lang.String.substring(II)Ljava/lang/String; @ 31 c2
Event: 531.082 Thread 0x0000021e475d23e0 DEOPT PACKING pc=0x0000021e35902510 sp=0x000000bc5e1f7930
Event: 531.082 Thread 0x0000021e475d23e0 DEOPT UNPACKING pc=0x0000021e352f43a2 sp=0x000000bc5e1f7900 mode 2
Event: 531.085 Thread 0x0000021e475d23e0 Uncommon trap: trap_request=0xffffff45 fr.pc=0x0000021e359c415c relative=0x000000000000049c
Event: 531.085 Thread 0x0000021e475d23e0 Uncommon trap: reason=unstable_if action=reinterpret pc=0x0000021e359c415c method=java.lang.String.substring(II)Ljava/lang/String; @ 31 c2
Event: 531.085 Thread 0x0000021e475d23e0 DEOPT PACKING pc=0x0000021e359c415c sp=0x000000bc5e1f7930
Event: 531.085 Thread 0x0000021e475d23e0 DEOPT UNPACKING pc=0x0000021e352f43a2 sp=0x000000bc5e1f7890 mode 2
Event: 531.098 Thread 0x0000021e475d23e0 Uncommon trap: trap_request=0xffffff45 fr.pc=0x0000021e35ef4a38 relative=0x0000000000000218
Event: 531.098 Thread 0x0000021e475d23e0 Uncommon trap: reason=unstable_if action=reinterpret pc=0x0000021e35ef4a38 method=java.lang.StringUTF16.compress([BI[BII)I @ 29 c2
Event: 531.098 Thread 0x0000021e475d23e0 DEOPT PACKING pc=0x0000021e35ef4a38 sp=0x000000bc5e1f7720
Event: 531.098 Thread 0x0000021e475d23e0 DEOPT UNPACKING pc=0x0000021e352f43a2 sp=0x000000bc5e1f76e8 mode 2
Event: 533.032 Thread 0x0000021e475d23e0 DEOPT PACKING pc=0x0000021e2ef949e4 sp=0x000000bc5e1f8220
Event: 533.032 Thread 0x0000021e475d23e0 DEOPT UNPACKING pc=0x0000021e352f4b42 sp=0x000000bc5e1f77e0 mode 0
Event: 533.033 Thread 0x0000021e475d23e0 Uncommon trap: trap_request=0xffffff45 fr.pc=0x0000021e35af7764 relative=0x0000000000000d64
Event: 533.033 Thread 0x0000021e475d23e0 Uncommon trap: reason=unstable_if action=reinterpret pc=0x0000021e35af7764 method=org.objectweb.asm.SymbolTable.addConstantUtf8(Ljava/lang/String;)I @ 40 c2
Event: 533.033 Thread 0x0000021e475d23e0 DEOPT PACKING pc=0x0000021e35af7764 sp=0x000000bc5e1f7df0
Event: 533.033 Thread 0x0000021e475d23e0 DEOPT UNPACKING pc=0x0000021e352f43a2 sp=0x000000bc5e1f7dd0 mode 2
Event: 536.760 Thread 0x0000021e475d23e0 DEOPT PACKING pc=0x0000021e2ef9490e sp=0x000000bc5e1f5a60
Event: 536.760 Thread 0x0000021e475d23e0 DEOPT UNPACKING pc=0x0000021e352f4b42 sp=0x000000bc5e1f5020 mode 0

Classes loaded (20 events):
Event: 434.401 Loading class jdk/internal/io/JdkConsole
Event: 434.401 Loading class jdk/internal/io/JdkConsole done
Event: 434.472 Loading class java/util/AbstractMap$2
Event: 434.472 Loading class java/util/AbstractMap$2 done
Event: 434.472 Loading class java/util/AbstractMap$2$1
Event: 434.472 Loading class java/util/AbstractMap$2$1 done
Event: 434.473 Loading class java/io/Console$1
Event: 434.473 Loading class jdk/internal/access/JavaIOAccess
Event: 434.473 Loading class jdk/internal/access/JavaIOAccess done
Event: 434.473 Loading class java/io/Console$1 done
Event: 470.587 Loading class java/util/stream/ReduceOps$5
Event: 470.587 Loading class java/util/stream/ReduceOps$5 done
Event: 470.587 Loading class java/util/stream/ReduceOps$CountingSink$OfRef
Event: 470.588 Loading class java/util/stream/ReduceOps$CountingSink
Event: 470.590 Loading class java/util/stream/ReduceOps$CountingSink done
Event: 470.590 Loading class java/util/stream/ReduceOps$CountingSink$OfRef done
Event: 530.378 Loading class java/lang/StackTraceElement$HashedModules
Event: 530.378 Loading class java/lang/StackTraceElement$HashedModules done
Event: 531.381 Loading class java/io/CharArrayReader
Event: 531.382 Loading class java/io/CharArrayReader done

Classes unloaded (0 events):
No events

Classes redefined (0 events):
No events

Internal exceptions (20 events):
Event: 537.132 Thread 0x0000021e475d23e0 Exception <a 'sun/nio/fs/WindowsException'{0x0000000088efc5e8}> (0x0000000088efc5e8) 
thrown [s\src\hotspot\share\prims\jni.cpp, line 537]
Event: 537.135 Thread 0x0000021e475d23e0 Exception <a 'sun/nio/fs/WindowsException'{0x0000000088d0ef48}> (0x0000000088d0ef48) 
thrown [s\src\hotspot\share\prims\jni.cpp, line 537]
Event: 537.138 Thread 0x0000021e475d23e0 Exception <a 'sun/nio/fs/WindowsException'{0x0000000088d20e20}> (0x0000000088d20e20) 
thrown [s\src\hotspot\share\prims\jni.cpp, line 537]
Event: 537.142 Thread 0x0000021e475d23e0 Exception <a 'sun/nio/fs/WindowsException'{0x0000000088d32c20}> (0x0000000088d32c20) 
thrown [s\src\hotspot\share\prims\jni.cpp, line 537]
Event: 537.151 Thread 0x0000021e475d23e0 Exception <a 'sun/nio/fs/WindowsException'{0x0000000088d81f70}> (0x0000000088d81f70) 
thrown [s\src\hotspot\share\prims\jni.cpp, line 537]
Event: 537.155 Thread 0x0000021e475d23e0 Exception <a 'sun/nio/fs/WindowsException'{0x0000000088d95f08}> (0x0000000088d95f08) 
thrown [s\src\hotspot\share\prims\jni.cpp, line 537]
Event: 537.159 Thread 0x0000021e475d23e0 Exception <a 'sun/nio/fs/WindowsException'{0x0000000088da5d88}> (0x0000000088da5d88) 
thrown [s\src\hotspot\share\prims\jni.cpp, line 537]
Event: 537.162 Thread 0x0000021e475d23e0 Exception <a 'sun/nio/fs/WindowsException'{0x0000000088dbc3f0}> (0x0000000088dbc3f0) 
thrown [s\src\hotspot\share\prims\jni.cpp, line 537]
Event: 537.171 Thread 0x0000021e475d23e0 Exception <a 'sun/nio/fs/WindowsException'{0x0000000088dce450}> (0x0000000088dce450) 
thrown [s\src\hotspot\share\prims\jni.cpp, line 537]
Event: 537.188 Thread 0x0000021e475d23e0 Exception <a 'sun/nio/fs/WindowsException'{0x0000000088de1a60}> (0x0000000088de1a60) 
thrown [s\src\hotspot\share\prims\jni.cpp, line 537]
Event: 537.192 Thread 0x0000021e475d23e0 Exception <a 'sun/nio/fs/WindowsException'{0x0000000088df17b8}> (0x0000000088df17b8) 
thrown [s\src\hotspot\share\prims\jni.cpp, line 537]
Event: 537.196 Thread 0x0000021e475d23e0 Exception <a 'sun/nio/fs/WindowsException'{0x0000000088c10aa8}> (0x0000000088c10aa8) 
thrown [s\src\hotspot\share\prims\jni.cpp, line 537]
Event: 537.199 Thread 0x0000021e475d23e0 Exception <a 'sun/nio/fs/WindowsException'{0x0000000088c252a0}> (0x0000000088c252a0) 
thrown [s\src\hotspot\share\prims\jni.cpp, line 537]
Event: 537.244 Thread 0x0000021e475d23e0 Exception <a 'sun/nio/fs/WindowsException'{0x0000000088c39d88}> (0x0000000088c39d88) 
thrown [s\src\hotspot\share\prims\jni.cpp, line 537]
Event: 537.248 Thread 0x0000021e475d23e0 Exception <a 'sun/nio/fs/WindowsException'{0x0000000088c4f378}> (0x0000000088c4f378) 
thrown [s\src\hotspot\share\prims\jni.cpp, line 537]
Event: 537.252 Thread 0x0000021e475d23e0 Exception <a 'sun/nio/fs/WindowsException'{0x0000000088c67f40}> (0x0000000088c67f40) 
thrown [s\src\hotspot\share\prims\jni.cpp, line 537]
Event: 537.256 Thread 0x0000021e475d23e0 Exception <a 'sun/nio/fs/WindowsException'{0x0000000088c7aac8}> (0x0000000088c7aac8) 
thrown [s\src\hotspot\share\prims\jni.cpp, line 537]
Event: 537.328 Thread 0x0000021e475d23e0 Exception <a 'sun/nio/fs/WindowsException'{0x0000000088c8bdf0}> (0x0000000088c8bdf0) 
thrown [s\src\hotspot\share\prims\jni.cpp, line 537]
Event: 537.331 Thread 0x0000021e475d23e0 Exception <a 'sun/nio/fs/WindowsException'{0x0000000088c9c7e8}> (0x0000000088c9c7e8) 
thrown [s\src\hotspot\share\prims\jni.cpp, line 537]
Event: 537.346 Thread 0x0000021e475d23e0 Exception <a 'sun/nio/fs/WindowsException'{0x0000000088ccee48}> (0x0000000088ccee48) 
thrown [s\src\hotspot\share\prims\jni.cpp, line 537]

ZGC Phase Switch (0 events):
No events

VM Operations (20 events):
Event: 529.503 Executing safepoint VM operation: Cleanup
Event: 529.503 Executing safepoint VM operation: Cleanup done
Event: 530.514 Executing safepoint VM operation: Cleanup
Event: 530.514 Executing safepoint VM operation: Cleanup done
Event: 530.998 Executing safepoint VM operation: G1CollectForAllocation (G1 Evacuation Pause)
Event: 531.020 Executing safepoint VM operation: G1CollectForAllocation (G1 Evacuation Pause) done
Event: 531.408 Executing safepoint VM operation: G1PauseRemark
Event: 531.429 Executing safepoint VM operation: G1PauseRemark done
Event: 531.596 Executing safepoint VM operation: G1PauseCleanup
Event: 531.596 Executing safepoint VM operation: G1PauseCleanup done
Event: 532.604 Executing safepoint VM operation: Cleanup
Event: 532.604 Executing safepoint VM operation: Cleanup done
Event: 533.605 Executing safepoint VM operation: Cleanup
Event: 533.605 Executing safepoint VM operation: Cleanup done
Event: 534.607 Executing safepoint VM operation: Cleanup
Event: 534.607 Executing safepoint VM operation: Cleanup done
Event: 535.612 Executing safepoint VM operation: Cleanup
Event: 535.612 Executing safepoint VM operation: Cleanup done
Event: 536.617 Executing safepoint VM operation: Cleanup
Event: 536.618 Executing safepoint VM operation: Cleanup done

Memory protections (0 events):
No events

Nmethod flushes (20 events):
Event: 531.427 Thread 0x0000021e41bd0450 flushing  nmethod 0x0000021e2dea2b90
Event: 531.427 Thread 0x0000021e41bd0450 flushing  nmethod 0x0000021e2dea4990
Event: 531.427 Thread 0x0000021e41bd0450 flushing  nmethod 0x0000021e2dff9590
Event: 531.427 Thread 0x0000021e41bd0450 flushing  nmethod 0x0000021e2e02b890
Event: 531.427 Thread 0x0000021e41bd0450 flushing  nmethod 0x0000021e2e09ed10
Event: 531.427 Thread 0x0000021e41bd0450 flushing  nmethod 0x0000021e2e14a510
Event: 531.427 Thread 0x0000021e41bd0450 flushing  nmethod 0x0000021e2e1e5410
Event: 531.427 Thread 0x0000021e41bd0450 flushing  nmethod 0x0000021e2e20cb10
Event: 531.427 Thread 0x0000021e41bd0450 flushing  nmethod 0x0000021e2e374a90
Event: 531.427 Thread 0x0000021e41bd0450 flushing  nmethod 0x0000021e2e424290
Event: 531.427 Thread 0x0000021e41bd0450 flushing  nmethod 0x0000021e2e44fa10
Event: 531.427 Thread 0x0000021e41bd0450 flushing  nmethod 0x0000021e2e450b90
Event: 531.427 Thread 0x0000021e41bd0450 flushing  nmethod 0x0000021e2e486210
Event: 531.427 Thread 0x0000021e41bd0450 flushing  nmethod 0x0000021e2e4d9810
Event: 531.427 Thread 0x0000021e41bd0450 flushing  nmethod 0x0000021e2e537790
Event: 531.427 Thread 0x0000021e41bd0450 flushing  nmethod 0x0000021e2e552590
Event: 531.427 Thread 0x0000021e41bd0450 flushing  nmethod 0x0000021e2ea35b90
Event: 531.427 Thread 0x0000021e41bd0450 flushing  nmethod 0x0000021e2ed79010
Event: 531.427 Thread 0x0000021e41bd0450 flushing  nmethod 0x0000021e2ed79a10
Event: 531.427 Thread 0x0000021e41bd0450 flushing  nmethod 0x0000021e2ed7a510

Events (20 events):
Event: 368.184 Thread 0x0000021e41c60280 Thread added: 0x0000021e4a735ff0
Event: 368.894 Thread 0x0000021e4a735ff0 Thread exited: 0x0000021e4a735ff0
Event: 370.199 Thread 0x0000021e41c60280 Thread added: 0x0000021e4a735ff0
Event: 372.416 Thread 0x0000021e4a735ff0 Thread exited: 0x0000021e4a735ff0
Event: 376.239 Thread 0x0000021e41c5fbd0 Thread added: 0x0000021e4a9633e0
Event: 376.396 Thread 0x0000021e4a9633e0 Thread exited: 0x0000021e4a9633e0
Event: 378.949 Thread 0x0000021e41c60280 Thread added: 0x0000021e4a964850
Event: 379.590 Thread 0x0000021e4a964850 Thread exited: 0x0000021e4a964850
Event: 380.179 Thread 0x0000021e41c60280 Thread added: 0x0000021e4a962d10
Event: 381.299 Thread 0x0000021e4a962d10 Thread exited: 0x0000021e4a962d10
Event: 408.445 Thread 0x0000021e41c60280 Thread added: 0x0000021e4a95d480
Event: 408.679 Thread 0x0000021e4a95d480 Thread exited: 0x0000021e4a95d480
Event: 422.930 Thread 0x0000021e41c60280 Thread added: 0x0000021e4a963ab0
Event: 423.138 Thread 0x0000021e4a963ab0 Thread exited: 0x0000021e4a963ab0
Event: 424.179 Thread 0x0000021e475d23e0 Thread added: 0x0000021e4aa0cc70
Event: 492.238 Thread 0x0000021e41c60280 Thread added: 0x0000021e4915efa0
Event: 492.680 Thread 0x0000021e4915efa0 Thread exited: 0x0000021e4915efa0
Event: 494.265 Thread 0x0000021e41c60280 Thread added: 0x0000021e4a9b4490
Event: 494.501 Thread 0x0000021e4a9b4490 Thread exited: 0x0000021e4a9b4490
Event: 531.601 Thread 0x0000021e475d23e0 Thread added: 0x0000021e4bbac7f0


Dynamic libraries:
0x00007ff60add0000 - 0x00007ff60adda000 	C:\Program Files\Android\Android Studio1\jbr\bin\java.exe
0x00007ff9269b0000 - 0x00007ff926ba5000 	C:\Windows\SYSTEM32\ntdll.dll
0x00007ff9259b0000 - 0x00007ff925a6e000 	C:\Windows\System32\KERNEL32.DLL
0x00007ff924410000 - 0x00007ff9246d8000 	C:\Windows\System32\KERNELBASE.dll
0x00007ff924860000 - 0x00007ff924960000 	C:\Windows\System32\ucrtbase.dll
0x00007ff910880000 - 0x00007ff910898000 	C:\Program Files\Android\Android Studio1\jbr\bin\jli.dll
0x00007ff9249f0000 - 0x00007ff924b91000 	C:\Windows\System32\USER32.dll
0x00007ff924830000 - 0x00007ff924852000 	C:\Windows\System32\win32u.dll
0x00007ff924cb0000 - 0x00007ff924cdb000 	C:\Windows\System32\GDI32.dll
0x00007ff924170000 - 0x00007ff92427d000 	C:\Windows\System32\gdi32full.dll
0x00007ff9246e0000 - 0x00007ff92477d000 	C:\Windows\System32\msvcp_win.dll
0x00007ff915ca0000 - 0x00007ff915cbb000 	C:\Program Files\Android\Android Studio1\jbr\bin\VCRUNTIME140.dll
0x00007ff909650000 - 0x00007ff9098ea000 	C:\Windows\WinSxS\amd64_microsoft.windows.common-controls_6595b64144ccf1df_6.0.19041.1110_none_60b5254171f9507e\COMCTL32.dll
0x00007ff9261c0000 - 0x00007ff92625e000 	C:\Windows\System32\msvcrt.dll
0x00007ff925160000 - 0x00007ff925190000 	C:\Windows\System32\IMM32.DLL
0x00007ff91d980000 - 0x00007ff91d98c000 	C:\Program Files\Android\Android Studio1\jbr\bin\vcruntime140_1.dll
0x00007ff90e540000 - 0x00007ff90e5cd000 	C:\Program Files\Android\Android Studio1\jbr\bin\msvcp140.dll
0x00007ff8c6c70000 - 0x00007ff8c7906000 	C:\Program Files\Android\Android Studio1\jbr\bin\server\jvm.dll
0x00007ff925610000 - 0x00007ff9256bc000 	C:\Windows\System32\ADVAPI32.dll
0x00007ff925560000 - 0x00007ff9255fb000 	C:\Windows\System32\sechost.dll
0x00007ff925190000 - 0x00007ff9252ba000 	C:\Windows\System32\RPCRT4.dll
0x00007ff925490000 - 0x00007ff9254fb000 	C:\Windows\System32\WS2_32.dll
0x00007ff923690000 - 0x00007ff9236db000 	C:\Windows\SYSTEM32\POWRPROF.dll
0x00007ff90d9d0000 - 0x00007ff90d9f7000 	C:\Windows\SYSTEM32\WINMM.dll
0x00007ff91ddd0000 - 0x00007ff91ddda000 	C:\Windows\SYSTEM32\VERSION.dll
0x00007ff9234f0000 - 0x00007ff923502000 	C:\Windows\SYSTEM32\UMPDC.dll
0x00007ff921fb0000 - 0x00007ff921fc2000 	C:\Windows\SYSTEM32\kernel.appcore.dll
0x00007ff91d8c0000 - 0x00007ff91d8ca000 	C:\Program Files\Android\Android Studio1\jbr\bin\jimage.dll
0x00007ff90abc0000 - 0x00007ff90ada4000 	C:\Windows\SYSTEM32\DBGHELP.DLL
0x00007ff9101f0000 - 0x00007ff91021c000 	C:\Windows\SYSTEM32\dbgcore.DLL
0x00007ff924960000 - 0x00007ff9249e2000 	C:\Windows\System32\bcryptPrimitives.dll
0x00007ff917540000 - 0x00007ff91754e000 	C:\Program Files\Android\Android Studio1\jbr\bin\instrument.dll
0x00007ff9122a0000 - 0x00007ff9122c0000 	C:\Program Files\Android\Android Studio1\jbr\bin\java.dll
0x00007ff911380000 - 0x00007ff911398000 	C:\Program Files\Android\Android Studio1\jbr\bin\zip.dll
0x00007ff925a70000 - 0x00007ff9261b4000 	C:\Windows\System32\SHELL32.dll
0x00007ff9221b0000 - 0x00007ff922944000 	C:\Windows\SYSTEM32\windows.storage.dll
0x00007ff926410000 - 0x00007ff926765000 	C:\Windows\System32\combase.dll
0x00007ff923b10000 - 0x00007ff923b3e000 	C:\Windows\SYSTEM32\Wldp.dll
0x00007ff926770000 - 0x00007ff92681d000 	C:\Windows\System32\SHCORE.dll
0x00007ff925950000 - 0x00007ff9259a5000 	C:\Windows\System32\shlwapi.dll
0x00007ff924000000 - 0x00007ff92401f000 	C:\Windows\SYSTEM32\profapi.dll
0x00007ff9175e0000 - 0x00007ff9175f0000 	C:\Program Files\Android\Android Studio1\jbr\bin\net.dll
0x00007ff91c0a0000 - 0x00007ff91c1ac000 	C:\Windows\SYSTEM32\WINHTTP.dll
0x00007ff923870000 - 0x00007ff9238da000 	C:\Windows\system32\mswsock.dll
0x00007ff910770000 - 0x00007ff910786000 	C:\Program Files\Android\Android Studio1\jbr\bin\nio.dll
0x00007ff9175c0000 - 0x00007ff9175d0000 	C:\Program Files\Android\Android Studio1\jbr\bin\verify.dll
0x00007ff9098f0000 - 0x00007ff909917000 	C:\Users\ecest\.gradle\native\660c5614fbf4a5f2a75b1949f50a0caf5cd603558e7d8a26e50b933a0cfb79d1\windows-amd64\native-platform.dll
0x00007ff90a1c0000 - 0x00007ff90a237000 	C:\Users\ecest\.gradle\native\0.2.8\x86_64-windows-gnu\gradle-fileevents.dll
0x00007ff912d60000 - 0x00007ff912d69000 	C:\Program Files\Android\Android Studio1\jbr\bin\management.dll
0x00007ff912290000 - 0x00007ff91229b000 	C:\Program Files\Android\Android Studio1\jbr\bin\management_ext.dll
0x00007ff925600000 - 0x00007ff925608000 	C:\Windows\System32\PSAPI.DLL
0x00007ff923510000 - 0x00007ff92354b000 	C:\Windows\SYSTEM32\IPHLPAPI.DLL
0x00007ff925470000 - 0x00007ff925478000 	C:\Windows\System32\NSI.dll
0x00007ff913310000 - 0x00007ff913319000 	C:\Program Files\Android\Android Studio1\jbr\bin\extnet.dll
0x00007ff923a60000 - 0x00007ff923a78000 	C:\Windows\SYSTEM32\CRYPTSP.dll
0x00007ff923180000 - 0x00007ff9231b4000 	C:\Windows\system32\rsaenh.dll
0x00007ff9243e0000 - 0x00007ff924407000 	C:\Windows\System32\bcrypt.dll
0x00007ff923f80000 - 0x00007ff923fae000 	C:\Windows\SYSTEM32\USERENV.dll
0x00007ff923a80000 - 0x00007ff923a8c000 	C:\Windows\SYSTEM32\CRYPTBASE.dll
0x00007ff917500000 - 0x00007ff917507000 	C:\Windows\system32\wshunix.dll

JVMTI agents:
C:\Users\ecest\.gradle\wrapper\dists\gradle-9.3.1-bin\23ovyewtku6u96viwx3xl3oks\gradle-9.3.1\lib\agents\gradle-instrumentation-agent-9.3.1.jar path:C:\Program Files\Android\Android Studio1\jbr\bin\instrument.dll, loaded, initialized, instrumentlib options:none

dbghelp: loaded successfully - version: 4.0.5 - missing functions: none
symbol engine: initialized successfully - sym options: 0x614 - pdb path: .;C:\Program Files\Android\Android Studio1\jbr\bin;C:\Windows\SYSTEM32;C:\Windows\WinSxS\amd64_microsoft.windows.common-controls_6595b64144ccf1df_6.0.19041.1110_none_60b5254171f9507e;C:\Program Files\Android\Android Studio1\jbr\bin\server;C:\Users\ecest\.gradle\native\660c5614fbf4a5f2a75b1949f50a0caf5cd603558e7d8a26e50b933a0cfb79d1\windows-amd64;C:\Users\ecest\.gradle\native\0.2.8\x86_64-windows-gnu

VM Arguments:
jvm_args: --add-opens=java.base/java.lang=ALL-UNNAMED --add-opens=java.base/java.lang.invoke=ALL-UNNAMED --add-opens=java.base/java.util=ALL-UNNAMED --add-opens=java.prefs/java.util.prefs=ALL-UNNAMED --add-exports=jdk.compiler/com.sun.tools.javac.api=ALL-UNNAMED --add-exports=jdk.compiler/com.sun.tools.javac.util=ALL-UNNAMED --add-opens=java.base/java.util=ALL-UNNAMED --add-opens=java.prefs/java.util.prefs=ALL-UNNAMED --add-opens=java.base/java.nio.charset=ALL-UNNAMED --add-opens=java.base/java.net=ALL-UNNAMED --add-opens=java.base/java.util.concurrent=ALL-UNNAMED --add-opens=java.base/java.util.concurrent.atomic=ALL-UNNAMED --add-opens=java.xml/javax.xml.namespace=ALL-UNNAMED --add-opens=java.base/java.time=ALL-UNNAMED -Xmx2048m -Dfile.encoding=UTF-8 -Duser.country=CO -Duser.language=es -Duser.variant -javaagent:C:\Users\ecest\.gradle\wrapper\dists\gradle-9.3.1-bin\23ovyewtku6u96viwx3xl3oks\gradle-9.3.1\lib\agents\gradle-instrumentation-agent-9.3.1.jar 
java_command: org.gradle.launcher.daemon.bootstrap.GradleDaemon 9.3.1
java_class_path (initial): C:\Users\ecest\.gradle\wrapper\dists\gradle-9.3.1-bin\23ovyewtku6u96viwx3xl3oks\gradle-9.3.1\lib\gradle-daemon-main-9.3.1.jar
Launcher Type: SUN_STANDARD

[Global flags]
     intx CICompilerCount                          = 3                                         {product} {ergonomic}
     uint ConcGCThreads                            = 1                                         {product} {ergonomic}
     uint G1ConcRefinementThreads                  = 4                                         {product} {ergonomic}
   size_t G1HeapRegionSize                         = 1048576                                   {product} {ergonomic}
    uintx GCDrainStackTargetSize                   = 64                                        {product} {ergonomic}
   size_t InitialHeapSize                          = 167772160                                 {product} {ergonomic}
   size_t MarkStackSize                            = 4194304                                   {product} {ergonomic}
   size_t MaxHeapSize                              = 2147483648                                {product} {command line}
   size_t MaxNewSize                               = 1287651328                                {product} {ergonomic}
   size_t MinHeapDeltaBytes                        = 1048576                                   {product} {ergonomic}
   size_t MinHeapSize                              = 8388608                                   {product} {ergonomic}
    uintx NonNMethodCodeHeapSize                   = 5832780                                {pd product} {ergonomic}
    uintx NonProfiledCodeHeapSize                  = 122912730                              {pd product} {ergonomic}
    uintx ProfiledCodeHeapSize                     = 122912730                              {pd product} {ergonomic}
    uintx ReservedCodeCacheSize                    = 251658240                              {pd product} {ergonomic}
     bool SegmentedCodeCache                       = true                                      {product} {ergonomic}
   size_t SoftMaxHeapSize                          = 2147483648                             {manageable} {ergonomic}
     bool UseCompressedOops                        = true                           {product lp64_product} {ergonomic}
     bool UseG1GC                                  = true                                      {product} {ergonomic}
     bool UseLargePagesIndividualAllocation        = false                                  {pd product} {ergonomic}

Logging:
Log output configuration:
 #0: stdout all=warning uptime,level,tags foldmultilines=false
 #1: stderr all=off uptime,level,tags foldmultilines=false

Release file:
JAVA_VERSION="21.0.10" 
MODULES="java.base java.compiler java.datatransfer java.xml java.prefs java.desktop java.instrument java.logging java.management java.security.sasl java.naming java.rmi java.management.rmi java.net.http java.scripting java.security.jgss java.transaction.xa java.sql java.sql.rowset java.xml.crypto java.se java.smartcardio jdk.accessibility jdk.internal.jvmstat jdk.attach jdk.charsets jdk.internal.opt jdk.zipfs jdk.compiler jdk.crypto.ec jdk.crypto.cryptoki jdk.dynalink jdk.hotspot.agent jdk.httpserver jdk.internal.ed jdk.internal.le jdk.internal.vm.ci jdk.jartool jdk.javadoc jdk.jcmd jdk.jdeps jdk.jdwp.agent jdk.jdi jdk.jfr jdk.jlink jdk.jsobject jdk.localedata jdk.management jdk.management.agent jdk.management.jfr jdk.naming.dns jdk.naming.rmi jdk.net jdk.sctp jdk.security.auth jdk.security.jgss jdk.unsupported jdk.unsupported.desktop jdk.xml.dom" 
IMPLEMENTOR="JetBrains s.r.o." 
JAVA_RUNTIME_VERSION="21.0.10+-14961533-b1163.108" 
LIBC="default" 
OS_ARCH="x86_64" 
OS_NAME="Windows" 
SOURCE=".:git:1351622c2ff2" 

Environment Variables:
PATH=C:\Python314\Scripts\;C:\Python314\;C:\Program Files\Eclipse Adoptium\jdk-25.0.2.10-hotspot\bin;C:\Program Files\Common Files\Oracle\Java\javapath;C:\Windows\system32;C:\Windows;C:\Windows\System32\Wbem;C:\Windows\System32\WindowsPowerShell\v1.0\;C:\Windows\System32\OpenSSH\;C:\Program Files\dotnet\;C:\Program Files\Microsoft SQL Server\150\Tools\Binn\;C:\Program Files (x86)\PowerShell\7\;C:\Program Files (x86)\Windows Kits\10\Windows Performance Toolkit\;C:\Program Files (x86)\Common Files\Ulead Systems\MPEG;C:\Program Files\Go\bin;C:\Program Files\nodejs\;C:\ProgramData\chocolatey\bin;C:\Program Files\Git\cmd;C:\Users\ecest\OneDrive\Escritorio\escritorio\Mis programas\flutter\bin;C:\Users\ecest\.dotnet\tools;C:\Program Files\JetBrains\JetBrains Rider 2024.3.5\bin;;C:\Program Files\Java\jdk-17\bin;C:\Gradle\bin;C:\Users\ecest\AppData\Local\Programs\Microsoft VS Code\bin;C:\Users\ecest\AppData\Local\GitHubDesktop\bin;C:\Users\ecest\go\bin;C:\Users\ecest\AppData\Roaming\npm
USERNAME=ecest
OS=Windows_NT
PROCESSOR_IDENTIFIER=Intel64 Family 6 Model 69 Stepping 1, GenuineIntel
TMP=C:\Users\ecest\AppData\Local\Temp
TEMP=C:\Users\ecest\AppData\Local\Temp




Periodic native trim disabled

JNI global refs:
JNI global refs: 27, weak refs: 1

JNI global refs memory usage: 835, weak refs: 833

Process memory usage:
Resident Set Size: 458440K (4% of 10402448K total physical memory with 475900K free physical memory)

OOME stack traces (most recent first):
Classloader memory used:
Loader org.gradle.internal.classloader.VisitableURLClassLoader                         : 43253K
Loader org.gradle.internal.classloader.VisitableURLClassLoader$InstrumentingVisitableURLClassLoader: 31762K
Loader bootstrap                                                                       : 27316K
Loader org.gradle.initialization.MixInLegacyTypesClassLoader                           : 13008K
Loader org.gradle.internal.classloader.VisitableURLClassLoader                         : 360K
Loader jdk.internal.reflect.DelegatingClassLoader                                      : 255K
Loader jdk.internal.loader.ClassLoaders$AppClassLoader                                 : 231K
Loader jdk.internal.loader.ClassLoaders$PlatformClassLoader                            : 202K
Loader org.gradle.groovy.scripts.internal.DefaultScriptCompilationHandler$ScriptClassLoader: 149K

Classes loaded by more than one classloader:
Class Program                                                                         : loaded 10 times (x 72B)
Class Build_gradle                                                                    : loaded 8 times (x 126B)
Class org.gradle.kotlin.dsl.VersionCatalogAccessorsKt                                 : loaded 4 times (x 71B)
Class Build_gradle$1                                                                  : loaded 3 times (x 74B)
Class com.google.common.base.CharMatcher$IsEither                                     : loaded 2 times (x 111B)
Class org.gradle.internal.classloader.ClassLoaderHierarchy                            : loaded 2 times (x 70B)
Class com.google.common.collect.ImmutableEnumSet                                      : loaded 2 times (x 146B)
Class com.google.common.util.concurrent.ExecutionError                                : loaded 2 times (x 82B)
Class com.google.common.collect.ImmutableList$1                                       : loaded 2 times (x 97B)
Class org.gradle.api.internal.classpath.ManifestUtil                                  : loaded 2 times (x 71B)
Class com.google.common.collect.RegularImmutableMap                                   : loaded 2 times (x 121B)
Class com.google.common.collect.ImmutableMap$MapViewOfValuesAsSingletonSets           : loaded 2 times (x 126B)
Class [Lorg.objectweb.asm.Symbol;                                                     : loaded 2 times (x 69B)
Class org.objectweb.asm.ClassVisitor                                                  : loaded 2 times (x 88B)
Class com.google.common.collect.UnmodifiableListIterator                              : loaded 2 times (x 95B)
Class com.google.common.base.Platform$JdkPatternCompiler                              : loaded 2 times (x 75B)
Class org.objectweb.asm.MethodTooLargeException                                       : loaded 2 times (x 83B)
Class [Lcom.google.common.cache.CacheBuilder$OneWeigher;                              : loaded 2 times (x 69B)
Class com.google.common.base.Suppliers                                                : loaded 2 times (x 71B)
Class org.gradle.internal.classloader.DefaultClassLoaderFactory                       : loaded 2 times (x 82B)
Class org.gradle.internal.classloader.ClassLoaderVisitor                              : loaded 2 times (x 76B)
Class [Lcom.google.common.collect.ImmutableMapEntry;                                  : loaded 2 times (x 69B)
Class org.gradle.api.internal.classpath.EffectiveClassPath                            : loaded 2 times (x 90B)
Class com.google.common.collect.ImmutableRangeSet                                     : loaded 2 times (x 115B)
Class com.google.common.collect.ListMultimap                                          : loaded 2 times (x 70B)
Class com.google.common.collect.ImmutableEnumMap                                      : loaded 2 times (x 126B)
Class com.google.common.collect.Sets$1                                                : loaded 2 times (x 139B)
Class org.objectweb.asm.AnnotationVisitor                                             : loaded 2 times (x 78B)
Class org.gradle.api.internal.DefaultClassPathProvider                                : loaded 2 times (x 76B)
Class com.google.common.collect.Sets$2                                                : loaded 2 times (x 139B)
Class [Lorg.gradle.api.internal.ClassPathProvider;                                    : loaded 2 times (x 69B)
Class org.gradle.api.internal.ClassPathProvider                                       : loaded 2 times (x 70B)
Class [Lorg.objectweb.asm.AnnotationVisitor;                                          : loaded 2 times (x 69B)
Class com.google.common.collect.Sets$3                                                : loaded 2 times (x 139B)
Class com.google.common.cache.LocalCache$LocalLoadingCache                            : loaded 2 times (x 134B)
Class org.gradle.internal.service.UnknownServiceException                             : loaded 2 times (x 83B)
Class com.google.common.collect.Sets$4                                                : loaded 2 times (x 139B)
Class org.objectweb.asm.ModuleVisitor                                                 : loaded 2 times (x 81B)
Class com.google.common.cache.LocalCache$Strength$1                                   : loaded 2 times (x 81B)
Class com.google.common.util.concurrent.SettableFuture                                : loaded 2 times (x 114B)
Class com.google.common.cache.LocalCache$Strength$2                                   : loaded 2 times (x 81B)
Class com.google.common.cache.LocalCache$Strength$3                                   : loaded 2 times (x 81B)
Class com.google.common.collect.MapDifference                                         : loaded 2 times (x 70B)
Class org.objectweb.asm.FieldWriter                                                   : loaded 2 times (x 78B)
Class com.google.common.cache.CacheBuilder$NullListener                               : loaded 2 times (x 82B)
Class org.gradle.internal.classpath.TransformedClassPath                              : loaded 2 times (x 96B)
Class org.gradle.internal.classloader.InstrumentingClassLoader                        : loaded 2 times (x 70B)
Class com.google.common.collect.ImmutableRangeSet$AsSet                               : loaded 2 times (x 300B)
Class com.google.common.cache.CacheLoader$FunctionToCacheLoader                       : loaded 2 times (x 75B)
Class com.google.common.collect.Iterators$ArrayItr                                    : loaded 2 times (x 97B)
Class com.google.common.collect.ImmutableCollection$Builder                           : loaded 2 times (x 76B)
Class com.google.common.base.Joiner                                                   : loaded 2 times (x 79B)
Class com.google.common.base.MoreObjects                                              : loaded 2 times (x 71B)
Class com.google.common.collect.Platform                                              : loaded 2 times (x 71B)
Class [Lorg.objectweb.asm.Type;                                                       : loaded 2 times (x 69B)
Class com.google.common.collect.UnmodifiableIterator                                  : loaded 2 times (x 80B)
Class org.gradle.internal.service.ServiceLocator                                      : loaded 2 times (x 70B)
Class com.google.common.base.Ascii                                                    : loaded 2 times (x 71B)
Class com.google.common.cache.LocalCache$1                                            : loaded 2 times (x 89B)
Class com.google.common.collect.SingletonImmutableBiMap                               : loaded 2 times (x 143B)
Class com.google.common.collect.Iterators$SingletonIterator                           : loaded 2 times (x 81B)
Class com.google.common.collect.AbstractMapEntry                                      : loaded 2 times (x 81B)
Class com.google.common.collect.Sets$ImprovedAbstractSet                              : loaded 2 times (x 135B)
Class com.google.common.collect.ImmutableList$Builder                                 : loaded 2 times (x 77B)
Class com.google.common.collect.AbstractMultimap                                      : loaded 2 times (x 123B)
Class com.google.common.cache.LocalCache$2                                            : loaded 2 times (x 142B)
Class com.google.common.collect.ImmutableRangeSet$1                                   : loaded 2 times (x 210B)
Class com.google.common.collect.RegularImmutableAsList                                : loaded 2 times (x 217B)
Class com.google.common.collect.Range                                                 : loaded 2 times (x 87B)
Class com.google.common.util.concurrent.AbstractFuture$Trusted                        : loaded 2 times (x 70B)
Class com.google.common.collect.Iterators                                             : loaded 2 times (x 71B)
Class org.gradle.internal.classloader.FilteringClassLoader                            : loaded 2 times (x 105B)
Class com.google.common.collect.Lists$StringAsImmutableList                           : loaded 2 times (x 207B)
Class com.google.common.util.concurrent.UncheckedExecutionException                   : loaded 2 times (x 82B)
Class com.google.common.collect.AbstractMapBasedMultimap$KeySet$1                     : loaded 2 times (x 82B)
Class org.objectweb.asm.ClassWriter                                                   : loaded 2 times (x 106B)
Class com.google.common.base.CharMatcher$And                                          : loaded 2 times (x 112B)
Class com.google.common.cache.CacheLoader$UnsupportedLoadingOperationException        : loaded 2 times (x 82B)
Class org.gradle.internal.classloader.ClasspathUtil$1                                 : loaded 2 times (x 76B)
Class org.objectweb.asm.FieldVisitor                                                  : loaded 2 times (x 77B)
Class com.google.common.collect.IndexedImmutableSet                                   : loaded 2 times (x 152B)
Class com.google.common.collect.ImmutableMap$1                                        : loaded 2 times (x 81B)
Class com.google.common.collect.BiMap                                                 : loaded 2 times (x 70B)
Class org.gradle.api.internal.classpath.DefaultModuleRegistry$DefaultModule           : loaded 2 times (x 86B)
Class com.google.common.primitives.Ints                                               : loaded 2 times (x 71B)
Class com.google.common.collect.AbstractIterator                                      : loaded 2 times (x 82B)
Class com.google.common.collect.ObjectArrays                                          : loaded 2 times (x 71B)
Class com.google.common.math.MathPreconditions                                        : loaded 2 times (x 71B)
Class com.google.common.collect.RegularImmutableMap$KeySet                            : loaded 2 times (x 152B)
Class com.google.common.collect.ArrayListMultimapGwtSerializationDependencies         : loaded 2 times (x 172B)
Class com.google.common.collect.AbstractIndexedListIterator                           : loaded 2 times (x 96B)
Class com.google.common.collect.ImmutableMapEntrySet                                  : loaded 2 times (x 152B)
Class org.gradle.api.internal.classpath.Module                                        : loaded 2 times (x 70B)
Class com.google.common.cache.Weigher                                                 : loaded 2 times (x 70B)
Class org.gradle.api.internal.classpath.UnknownModuleException                        : loaded 2 times (x 82B)
Class com.google.common.base.Stopwatch                                                : loaded 2 times (x 72B)
Class com.google.common.cache.LocalCache$Strength                                     : loaded 2 times (x 81B)
Class com.google.common.cache.Cache                                                   : loaded 2 times (x 70B)
Class com.google.common.util.concurrent.AbstractFuture$Cancellation                   : loaded 2 times (x 72B)
Class com.google.common.collect.ImmutableMap$Builder                                  : loaded 2 times (x 82B)
Class com.google.common.cache.RemovalListener                                         : loaded 2 times (x 70B)
Class org.gradle.api.internal.DefaultClassPathRegistry                                : loaded 2 times (x 76B)
Class com.google.common.primitives.IntsMethodsForWeb                                  : loaded 2 times (x 71B)
Class com.google.common.collect.Multimap                                              : loaded 2 times (x 70B)
Class org.gradle.api.internal.ClassPathRegistry                                       : loaded 2 times (x 70B)
Class org.gradle.internal.classpath.DefaultClassPath$ImmutableUniqueList              : loaded 2 times (x 199B)
Class com.google.common.base.Equivalence$Identity                                     : loaded 2 times (x 82B)
Class com.google.common.cache.CacheBuilder                                            : loaded 2 times (x 72B)
Class com.google.common.collect.SingletonImmutableList                                : loaded 2 times (x 207B)
Class Settings_gradle$1                                                               : loaded 2 times (x 75B)
Class org.gradle.internal.classpath.ClassPath                                         : loaded 2 times (x 70B)
Class com.google.common.base.JdkPattern                                               : loaded 2 times (x 75B)
Class com.google.common.collect.ImmutableList$ReverseImmutableList                    : loaded 2 times (x 209B)
Class org.objectweb.asm.SymbolTable$Entry                                             : loaded 2 times (x 74B)
Class org.objectweb.asm.Edge                                                          : loaded 2 times (x 72B)
Class com.google.common.base.Suppliers$SupplierOfInstance                             : loaded 2 times (x 79B)
Class com.google.common.collect.Iterators$1                                           : loaded 2 times (x 81B)
Class com.google.common.cache.LocalCache$ComputingValueReference                      : loaded 2 times (x 96B)
Class com.google.common.collect.SingletonImmutableSet                                 : loaded 2 times (x 146B)
Class com.google.common.collect.ImmutableMap$IteratorBasedImmutableMap                : loaded 2 times (x 126B)
Class com.google.common.cache.LocalCache$Segment                                      : loaded 2 times (x 154B)
Class com.google.common.collect.SortedIterable                                        : loaded 2 times (x 70B)
Class com.google.common.collect.AbstractListMultimap                                  : loaded 2 times (x 172B)
Class [Lorg.objectweb.asm.SymbolTable$Entry;                                          : loaded 2 times (x 69B)
Class com.google.common.cache.CacheLoader                                             : loaded 2 times (x 74B)
Class com.google.common.collect.Iterators$4                                           : loaded 2 times (x 82B)
Class com.google.common.collect.ImmutableBiMap                                        : loaded 2 times (x 143B)
Class org.gradle.api.internal.classpath.ModuleRegistry                                : loaded 2 times (x 70B)
Class org.gradle.internal.installation.GradleInstallation$1                           : loaded 2 times (x 75B)
Class com.google.common.collect.ImmutableSet$JdkBackedSetBuilderImpl                  : loaded 2 times (x 76B)
Class com.google.common.util.concurrent.internal.InternalFutureFailureAccess          : loaded 2 times (x 72B)
Class com.google.common.collect.Iterators$5                                           : loaded 2 times (x 82B)
Class com.google.common.base.CharMatcher$ForPredicate                                 : loaded 2 times (x 112B)
Class com.google.common.cache.LocalCache$LocalManualCache$1                           : loaded 2 times (x 75B)
Class com.google.common.base.CharMatcher$AnyOf                                        : loaded 2 times (x 112B)
Class com.google.common.collect.ImmutableCollection                                   : loaded 2 times (x 125B)
Class ijJvmDebugger1_6shxu63zo0z16f6wbo9mkxttp                                        : loaded 2 times (x 171B)
Class org.gradle.api.internal.classpath.DefaultModuleRegistry                         : loaded 2 times (x 86B)
Class com.google.common.collect.Lists                                                 : loaded 2 times (x 71B)
Class com.google.common.util.concurrent.ListenableFuture                              : loaded 2 times (x 70B)
Class com.google.common.cache.ReferenceEntry                                          : loaded 2 times (x 70B)
Class com.google.common.base.Converter                                                : loaded 2 times (x 90B)
Class com.google.common.collect.ImmutableSet$CachingAsList                            : loaded 2 times (x 148B)
Class com.google.common.collect.AbstractMapBasedMultimap                              : loaded 2 times (x 139B)
Class com.google.common.util.concurrent.AbstractFuture                                : loaded 2 times (x 106B)
Class com.google.common.base.FunctionalEquivalence                                    : loaded 2 times (x 83B)
Class com.google.common.collect.Iterators$9                                           : loaded 2 times (x 81B)
Class com.google.common.collect.ImmutableAsList                                       : loaded 2 times (x 209B)
Class org.objectweb.asm.RecordComponentVisitor                                        : loaded 2 times (x 77B)
Class com.google.common.cache.CacheLoader$SupplierToCacheLoader                       : loaded 2 times (x 75B)
Class org.gradle.internal.service.ServiceLookupException                              : loaded 2 times (x 82B)
Class com.google.common.collect.ImmutableSortedSet                                    : loaded 2 times (x 300B)
Class [Lcom.google.common.cache.LocalCache$EntryFactory;                              : loaded 2 times (x 69B)
Class org.gradle.internal.classloader.ClassLoaderFactory                              : loaded 2 times (x 70B)
Class com.google.common.base.CommonPattern                                            : loaded 2 times (x 74B)
Class com.google.common.base.CharMatcher$IsNot                                        : loaded 2 times (x 111B)
Class com.google.common.cache.LocalCache$LocalManualCache                             : loaded 2 times (x 99B)
Class org.gradle.internal.service.CachingServiceLocator                               : loaded 2 times (x 82B)
Class com.google.common.collect.RegularImmutableSortedSet                             : loaded 2 times (x 300B)
Class com.google.common.collect.AbstractMapBasedMultimap$KeySet                       : loaded 2 times (x 137B)
Class com.google.common.math.IntMath                                                  : loaded 2 times (x 71B)
Class com.google.common.collect.ImmutableMapEntry                                     : loaded 2 times (x 85B)
Class com.google.common.base.Equivalence                                              : loaded 2 times (x 82B)
Class com.google.common.base.Function                                                 : loaded 2 times (x 70B)
Class com.google.common.collect.ImmutableMapEntry$NonTerminalImmutableMapEntry        : loaded 2 times (x 85B)
Class com.google.common.cache.CacheBuilder$OneWeigher                                 : loaded 2 times (x 82B)
Class com.google.common.collect.RegularImmutableList                                  : loaded 2 times (x 213B)
Class org.gradle.internal.classloader.ClasspathUtil                                   : loaded 2 times (x 71B)
Class com.google.common.util.concurrent.Uninterruptibles                              : loaded 2 times (x 71B)
Class com.google.common.util.concurrent.LazyLogger                                    : loaded 2 times (x 72B)
Class com.google.common.collect.Maps                                                  : loaded 2 times (x 71B)
Class ijJvmDebugger1_6shxu63zo0z16f6wbo9mkxttp$_run_closure1                          : loaded 2 times (x 139B)
Class org.gradle.api.specs.Spec                                                       : loaded 2 times (x 70B)
Class [Lcom.google.common.collect.ImmutableEntry;                                     : loaded 2 times (x 69B)
Class com.google.common.cache.LocalCache$LoadingValueReference                        : loaded 2 times (x 96B)
Class com.google.common.collect.Multiset                                              : loaded 2 times (x 70B)
Class com.google.common.base.Platform                                                 : loaded 2 times (x 71B)
Class Build_gradle$2                                                                  : loaded 2 times (x 75B)
Class [Lorg.objectweb.asm.AnnotationWriter;                                           : loaded 2 times (x 69B)
Class com.google.common.collect.Maps$8                                                : loaded 2 times (x 82B)
Class com.google.common.collect.ImmutableRangeSet$Builder                             : loaded 2 times (x 77B)
Class com.google.common.collect.Sets$SetView                                          : loaded 2 times (x 138B)
Class com.google.common.cache.LocalCache$StrongValueReference                         : loaded 2 times (x 90B)
Class ijKotlinCoroutineJvmDebugInit1_erbvan19fkdusjwvy36xcz4eo                        : loaded 2 times (x 171B)
Class org.objectweb.asm.Type                                                          : loaded 2 times (x 72B)
Class org.gradle.internal.classloader.VisitableURLClassLoader$InstrumentingVisitableURLClassLoader: loaded 2 times (x 123B)
Class com.google.common.math.IntMath$1                                                : loaded 2 times (x 71B)
Class org.objectweb.asm.ByteVector                                                    : loaded 2 times (x 79B)
Class [Lcom.google.common.cache.CacheBuilder$NullListener;                            : loaded 2 times (x 69B)
Class org.gradle.internal.classloader.VisitableURLClassLoader$Spec                    : loaded 2 times (x 74B)
Class org.gradle.internal.classpath.DefaultClassPath                                  : loaded 2 times (x 90B)
Class org.objectweb.asm.Symbol                                                        : loaded 2 times (x 73B)
Class com.google.common.base.CharMatcher$BitSetMatcher                                : loaded 2 times (x 112B)
Class com.google.common.collect.ImmutableSet                                          : loaded 2 times (x 145B)
Class com.google.common.collect.RegularImmutableMap$Values                            : loaded 2 times (x 207B)
Class org.gradle.internal.classloader.ClassLoaderSpec                                 : loaded 2 times (x 71B)
Class org.objectweb.asm.AnnotationWriter                                              : loaded 2 times (x 79B)
Class com.google.common.cache.CacheStats                                              : loaded 2 times (x 71B)
Class org.objectweb.asm.RecordComponentWriter                                         : loaded 2 times (x 78B)
Class com.google.common.util.concurrent.AbstractFuture$Listener                       : loaded 2 times (x 72B)
Class com.google.common.base.CharMatcher$Or                                           : loaded 2 times (x 112B)
Class Settings_gradle$1$1                                                             : loaded 2 times (x 75B)
Class org.objectweb.asm.Attribute                                                     : loaded 2 times (x 77B)
Class com.google.common.base.Supplier                                                 : loaded 2 times (x 70B)
Class org.gradle.internal.classloader.VisitableURLClassLoader                         : loaded 2 times (x 117B)
Class Settings_gradle                                                                 : loaded 2 times (x 124B)
Class org.gradle.internal.Cast                                                        : loaded 2 times (x 71B)
Class org.gradle.api.Action                                                           : loaded 2 times (x 70B)
Class com.google.common.base.Strings                                                  : loaded 2 times (x 71B)
Class com.google.common.collect.Sets                                                  : loaded 2 times (x 71B)
Class org.objectweb.asm.Handler                                                       : loaded 2 times (x 72B)
Class com.google.common.base.CharMatcher$FastMatcher                                  : loaded 2 times (x 111B)
Class com.google.common.base.Ticker                                                   : loaded 2 times (x 72B)
Class ijKotlinCoroutineJvmDebugInit1_erbvan19fkdusjwvy36xcz4eo$_run_closure1          : loaded 2 times (x 139B)
Class [Lcom.google.common.cache.LocalCache$Segment;                                   : loaded 2 times (x 69B)
Class com.google.common.base.Predicate                                                : loaded 2 times (x 70B)
Class [Lcom.google.common.cache.LocalCache$Strength;                                  : loaded 2 times (x 69B)
Class com.google.common.cache.CacheBuilder$1                                          : loaded 2 times (x 85B)
Class com.google.common.collect.ImmutableMap                                          : loaded 2 times (x 120B)
Class org.gradle.internal.classpath.DefaultClassPath$ImmutableUniqueList$Builder      : loaded 2 times (x 75B)
Class com.google.common.collect.AbstractRangeSet                                      : loaded 2 times (x 114B)
Class com.google.common.base.CharMatcher$NegatedFastMatcher                           : loaded 2 times (x 113B)
Class com.google.common.cache.LocalCache                                              : loaded 2 times (x 187B)
Class com.google.common.cache.CacheBuilder$2                                          : loaded 2 times (x 79B)
Class com.google.common.collect.ArrayListMultimap                                     : loaded 2 times (x 172B)
Class com.google.common.cache.CacheBuilder$3                                          : loaded 2 times (x 72B)
Class [Lcom.google.common.collect.AbstractMapEntry;                                   : loaded 2 times (x 69B)
Class com.google.common.collect.ImmutableEntry                                        : loaded 2 times (x 82B)
Class org.gradle.api.GradleException                                                  : loaded 2 times (x 82B)
Class com.google.common.collect.ForwardingMap                                         : loaded 2 times (x 132B)
Class com.google.common.collect.CollectPreconditions                                  : loaded 2 times (x 71B)
Class com.google.common.collect.SortedMapDifference                                   : loaded 2 times (x 70B)
Class com.google.common.cache.LocalCache$EntryFactory                                 : loaded 2 times (x 83B)
Class com.google.common.cache.LocalCache$AbstractReferenceEntry                       : loaded 2 times (x 107B)
Class org.gradle.internal.IoActions                                                   : loaded 2 times (x 71B)
Class com.google.common.collect.ImmutableRangeSet$ComplementRanges                    : loaded 2 times (x 207B)
Class org.objectweb.asm.SymbolTable                                                   : loaded 2 times (x 72B)
Class com.google.common.cache.CacheLoader$InvalidCacheLoadException                   : loaded 2 times (x 82B)
Class com.google.common.collect.ImmutableSet$RegularSetBuilderImpl                    : loaded 2 times (x 77B)
Class org.gradle.internal.classloader.SystemClassLoaderSpec                           : loaded 2 times (x 71B)
Class com.google.common.cache.LocalCache$StrongEntry                                  : loaded 2 times (x 108B)
Class com.google.common.util.concurrent.AbstractFuture$TrustedFuture                  : loaded 2 times (x 114B)
Class com.google.common.cache.LoadingCache                                            : loaded 2 times (x 70B)
Class org.gradle.kotlin.dsl.ImplementationConfigurationAccessorsKt                    : loaded 2 times (x 71B)
Class org.objectweb.asm.MethodWriter                                                  : loaded 2 times (x 106B)
Class [Lcom.google.common.cache.Weigher;                                              : loaded 2 times (x 69B)
Class com.google.common.collect.RegularImmutableMap$BucketOverflowException           : loaded 2 times (x 82B)
Class ijKotlinCoroutineJvmDebugInit1_erbvan19fkdusjwvy36xcz4eo$_run_closure1$_closure2: loaded 2 times (x 139B)
Class com.google.common.base.CharMatcher$Negated                                      : loaded 2 times (x 113B)
Class com.google.common.base.CharMatcher$Is                                           : loaded 2 times (x 111B)
Class com.google.common.cache.LocalCache$ValueReference                               : loaded 2 times (x 70B)
Class com.google.common.collect.RegularImmutableBiMap                                 : loaded 2 times (x 149B)
Class com.google.common.base.PatternCompiler                                          : loaded 2 times (x 70B)
Class com.google.common.util.concurrent.AbstractFuture$Failure                        : loaded 2 times (x 72B)
Class com.google.common.base.Equivalence$Equals                                       : loaded 2 times (x 82B)
Class com.google.common.collect.Hashing                                               : loaded 2 times (x 71B)
Class com.google.common.base.Preconditions                                            : loaded 2 times (x 71B)
Class com.google.common.base.Joiner$1                                                 : loaded 2 times (x 80B)
Class org.objectweb.asm.Label                                                         : loaded 2 times (x 73B)
Class org.objectweb.asm.CurrentFrame                                                  : loaded 2 times (x 73B)
Class org.objectweb.asm.ClassTooLargeException                                        : loaded 2 times (x 83B)
Class com.google.common.base.CharMatcher                                              : loaded 2 times (x 111B)
Class com.google.common.collect.PeekingIterator                                       : loaded 2 times (x 70B)
Class com.google.common.collect.RangeGwtSerializationDependencies                     : loaded 2 times (x 71B)
Class com.google.common.base.Joiner$2                                                 : loaded 2 times (x 79B)
Class org.objectweb.asm.Frame                                                         : loaded 2 times (x 73B)
Class org.objectweb.asm.MethodVisitor                                                 : loaded 2 times (x 105B)
Class com.google.common.base.CharMatcher$1                                            : loaded 2 times (x 113B)
Class com.google.common.base.CharMatcher$NamedFastMatcher                             : loaded 2 times (x 112B)
Class com.google.common.cache.LocalCache$EntryFactory$1                               : loaded 2 times (x 83B)
Class [Lcom.google.common.cache.RemovalListener;                                      : loaded 2 times (x 69B)
Class com.google.common.collect.RangeSet                                              : loaded 2 times (x 70B)
Class com.google.common.cache.LocalCache$EntryFactory$2                               : loaded 2 times (x 83B)
Class org.gradle.api.internal.classpath.GlobalCacheRootsProvider                      : loaded 2 times (x 70B)
Class com.google.common.collect.CollectCollectors                                     : loaded 2 times (x 71B)
Class org.objectweb.asm.ModuleWriter                                                  : loaded 2 times (x 82B)
Class com.google.common.cache.LocalCache$EntryFactory$3                               : loaded 2 times (x 83B)
Class com.google.common.base.Ticker$1                                                 : loaded 2 times (x 72B)
Class com.google.common.collect.Maps$BiMapConverter                                   : loaded 2 times (x 90B)
Class com.google.common.collect.ImmutableMapEntrySet$RegularEntrySet                  : loaded 2 times (x 152B)
Class com.google.common.collect.ImmutableSet$Builder                                  : loaded 2 times (x 85B)
Class com.google.common.base.CharMatcher$InRange                                      : loaded 2 times (x 111B)
Class com.google.common.cache.LocalCache$EntryFactory$4                               : loaded 2 times (x 83B)
Class com.google.common.cache.LocalCache$EntryFactory$5                               : loaded 2 times (x 83B)
Class com.google.common.base.PairwiseEquivalence                                      : loaded 2 times (x 83B)
Class com.google.common.cache.LocalCache$EntryFactory$6                               : loaded 2 times (x 83B)
Class ijJvmDebugger1_6shxu63zo0z16f6wbo9mkxttp$_run_closure1$_closure2                : loaded 2 times (x 140B)
Class org.gradle.internal.installation.CurrentGradleInstallationLocator               : loaded 2 times (x 71B)
Class com.google.common.collect.Maps$KeySet                                           : loaded 2 times (x 137B)
Class com.google.common.collect.ImmutableSet$EmptySetBuilderImpl                      : loaded 2 times (x 76B)
Class com.google.common.cache.LocalCache$EntryFactory$7                               : loaded 2 times (x 83B)
Class com.google.common.collect.ImmutableList                                         : loaded 2 times (x 206B)
Class org.gradle.internal.service.DefaultServiceLocator                               : loaded 2 times (x 83B)
Class com.google.common.cache.LocalCache$EntryFactory$8                               : loaded 2 times (x 83B)
Class com.google.common.collect.ImmutableSet$SetBuilderImpl                           : loaded 2 times (x 76B)
Class org.gradle.internal.installation.CurrentGradleInstallation                      : loaded 2 times (x 73B)
Class com.google.common.cache.CacheLoader$1                                           : loaded 2 times (x 75B)
Class com.google.common.collect.ForwardingObject                                      : loaded 2 times (x 72B)
Class com.google.common.collect.ImmutableList$SubList                                 : loaded 2 times (x 209B)
Class org.gradle.util.internal.GUtil                                                  : loaded 2 times (x 71B)
Class com.google.common.cache.AbstractCache$StatsCounter                              : loaded 2 times (x 70B)
Class com.google.common.collect.Iterators$MergingIterator                             : loaded 2 times (x 81B)
Class com.google.common.collect.RegularImmutableSet                                   : loaded 2 times (x 149B)
Class org.gradle.internal.installation.GradleInstallation                             : loaded 2 times (x 75B)
Class com.google.common.collect.Iterables                                             : loaded 2 times (x 71B)

---------------  S Y S T E M  ---------------

OS:
 Windows 10 , 64 bit Build 19041 (10.0.19041.1348)
OS uptime: 1 days 17:05 hours

CPU: total 4 (initial active 4) (2 cores per cpu, 2 threads per core) family 6 model 69 stepping 1 microcode 0x25, cx8, cmov, fxsr, ht, mmx, sse, sse2, sse3, ssse3, sse4.1, sse4.2, popcnt, lzcnt, tsc, tscinvbit, avx, avx2, aes, erms, clmul, bmi1, bmi2, fma, vzeroupper, clflush, rdtscp, f16c
Processor Information for the first 4 processors :
  Max Mhz: 1700, Current Mhz: 1700, Mhz Limit: 1700

Memory: 4k page, system-wide physical 10158M (484M free)
TotalPageFile size 18350M (AvailPageFile size 10M)
current process WorkingSet (physical memory assigned to process): 449M, peak: 449M
current process commit charge ("private bytes"): 487M, peak: 487M

vm_info: OpenJDK 64-Bit Server VM (21.0.10+-14961533-b1163.108) for windows-amd64 JRE (21.0.10+-14961533-b1163.108), built on 2026-03-02T19:58:50Z by "builder" with MS VC++ 16.10 / 16.11 (VS2019)

END.
