#
# There is insufficient memory for the Java Runtime Environment to continue.
# Native memory allocation (malloc) failed to allocate 1339376 bytes. Error detail: Chunk::new
# Possible reasons:
#   The system is out of physical RAM or swap space
#   This process is running with CompressedOops enabled, and the Java Heap may be blocking the growth of the native heap
# Possible solutions:
#   Reduce memory load on the system
#   Increase physical memory or swap space
#   Check if swap backing store is full
#   Decrease Java heap size (-Xmx/-Xms)
#   Decrease number of Java threads
#   Decrease Java thread stack sizes (-Xss)
#   Set larger code cache with -XX:ReservedCodeCacheSize=
#   JVM is running with Zero Based Compressed Oops mode in which the Java heap is
#     placed in the first 32GB address space. The Java Heap base address is the
#     maximum limit for the native heap growth. Please use -XX:HeapBaseMinAddress
#     to set the Java Heap base and to place the Java Heap above 32GB virtual address.
# This output file may be truncated or incomplete.
#
#  Out of Memory Error (arena.cpp:168), pid=13148, tid=11092
#
# JRE version: OpenJDK Runtime Environment Temurin-21.0.7+6 (21.0.7+6) (build 21.0.7+6-LTS)
# Java VM: OpenJDK 64-Bit Server VM Temurin-21.0.7+6 (21.0.7+6-LTS, mixed mode, sharing, tiered, compressed oops, compressed class ptrs, g1 gc, windows-amd64)
# No core dump will be written. Minidumps are not enabled by default on client versions of Windows
#

---------------  S U M M A R Y ------------

Command Line: --add-opens=java.base/java.lang=ALL-UNNAMED --add-opens=java.base/java.lang.invoke=ALL-UNNAMED --add-opens=java.base/java.util=ALL-UNNAMED --add-opens=java.prefs/java.util.prefs=ALL-UNNAMED --add-exports=jdk.compiler/com.sun.tools.javac.api=ALL-UNNAMED --add-exports=jdk.compiler/com.sun.tools.javac.util=ALL-UNNAMED --add-opens=java.base/java.util=ALL-UNNAMED --add-opens=java.prefs/java.util.prefs=ALL-UNNAMED --add-opens=java.base/java.nio.charset=ALL-UNNAMED --add-opens=java.base/java.net=ALL-UNNAMED --add-opens=java.base/java.util.concurrent=ALL-UNNAMED --add-opens=java.base/java.util.concurrent.atomic=ALL-UNNAMED --add-opens=java.xml/javax.xml.namespace=ALL-UNNAMED --add-opens=java.base/java.time=ALL-UNNAMED -Xmx4096m -Dfile.encoding=UTF-8 -Duser.country=CO -Duser.language=es -Duser.variant -javaagent:C:\Users\ecest\.gradle\wrapper\dists\gradle-9.3.1-bin\23ovyewtku6u96viwx3xl3oks\gradle-9.3.1\lib\agents\gradle-instrumentation-agent-9.3.1.jar org.gradle.launcher.daemon.bootstrap.GradleDaemon 9.3.1

Host: Intel(R) Core(TM) i3-4005U CPU @ 1.70GHz, 4 cores, 9G,  Windows 10 , 64 bit Build 19041 (10.0.19041.1348)
Time: Tue Jul 21 13:35:33 2026 Hora est. Pacífico, Sudamérica elapsed time: 9266.144753 seconds (0d 2h 34m 26s)

---------------  T H R E A D  ---------------

Current thread (0x000001ad7ff6ea80):  JavaThread "C2 CompilerThread0" daemon [_thread_in_native, id=11092, stack(0x00000012bd400000,0x00000012bd500000) (1024K)]


Current CompileTask:
C2:9266245 138174       4       com.android.aaptcompiler.ResourceTable::addResourceImpl (660 bytes)

Stack: [0x00000012bd400000,0x00000012bd500000]
Native frames: (J=compiled Java code, j=interpreted, Vv=VM code, C=native code)
V  [jvm.dll+0x6ce119]
V  [jvm.dll+0x8a84a1]
V  [jvm.dll+0x8aa9ce]
V  [jvm.dll+0x8ab0b3]
V  [jvm.dll+0x27f8a6]
V  [jvm.dll+0xc507d]
V  [jvm.dll+0xc55b3]
V  [jvm.dll+0x3b692c]
V  [jvm.dll+0x382aa5]
V  [jvm.dll+0x381f0a]
V  [jvm.dll+0x247af0]
V  [jvm.dll+0x2470cf]
V  [jvm.dll+0x1c760e]
V  [jvm.dll+0x25695a]
V  [jvm.dll+0x254efa]
V  [jvm.dll+0x3f03f6]
V  [jvm.dll+0x851f6b]
V  [jvm.dll+0x6cc7dd]
C  [ucrtbase.dll+0x21bb2]
C  [KERNEL32.DLL+0x17034]
C  [ntdll.dll+0x52651]


---------------  P R O C E S S  ---------------

Threads class SMR info:
_java_thread_list=0x000001ad7bbeb740, length=121, elements={
0x000001ad7f9d9c00, 0x000001ad7ff626e0, 0x000001ad7ff63330, 0x000001ad7ff63f80,
0x000001ad7ff66d40, 0x000001ad7ff67da0, 0x000001ad7ff687f0, 0x000001ad7ff6ea80,
0x000001ad7ff71520, 0x000001ad7ffee8c0, 0x000001ad1fc0bf00, 0x000001ad657f3e70,
0x000001ad6655a570, 0x000001ad663ac0b0, 0x000001ad661c4810, 0x000001ad661c1a20,
0x000001ad661c20b0, 0x000001ad6752b5a0, 0x000001ad67531810, 0x000001ad67530460,
0x000001ad67e20d30, 0x000001ad6b21f330, 0x000001ad6b153590, 0x000001ad6b9bf690,
0x000001ad6b9c3ec0, 0x000001ad6b9be2e0, 0x000001ad6b9be970, 0x000001ad6aa36010,
0x000001ad7c81f060, 0x000001ad7c8252d0, 0x000001ad7c825960, 0x000001ad7c825ff0,
0x000001ad7c820410, 0x000001ad661c1390, 0x000001ad7fe473d0, 0x000001ad79ff1a70,
0x000001ad79ff9090, 0x000001ad784b36d0, 0x000001ad7fe48e10, 0x000001ad7bdb6f10,
0x000001ad7bdb26e0, 0x000001ad7bdb54d0, 0x000001ad7bdb5b60, 0x000001ad7bdb75a0,
0x000001ad7bdbbdd0, 0x000001ad7bdc82b0, 0x000001ad6b9c3830, 0x000001ad7d8f1670,
0x000001ad73c3c270, 0x000001ad7d8f3dd0, 0x000001ad7d8efc30, 0x000001ad7d8ece40,
0x000001ad7d8fa040, 0x000001ad7bdbf8e0, 0x000001ad6aa380e0, 0x000001ad6aa38770,
0x000001ad6aa33220, 0x000001ad6aa338b0, 0x000001ad6aa3d630, 0x000001ad6aa3c280,
0x000001ad7d8f0950, 0x000001ad7d8ec120, 0x000001ad7d8ead70, 0x000001ad7d8f0fe0,
0x000001ad7d8f1d00, 0x000001ad7d8eb400, 0x000001ad7d8eba90, 0x000001ad7d8f2a20,
0x000001ad7d8f30b0, 0x000001ad7d8f4460, 0x000001ad7d8ee1f0, 0x000001ad7d8eef10,
0x000001ad7d8f3740, 0x000001ad7d8ed4d0, 0x000001ad7d8f4af0, 0x000001ad7d8f5180,
0x000001ad7d8f5810, 0x000001ad7d8ee880, 0x000001ad7d8f78e0, 0x000001ad7d8f5ea0,
0x000001ad7d8f8600, 0x000001ad7d8fba80, 0x000001ad7d8f7250, 0x000001ad7d8fce30,
0x000001ad7d8f6530, 0x000001ad7d8f7f70, 0x000001ad7d8f8c90, 0x000001ad7d8fc110,
0x000001ad7d8fdb50, 0x000001ad7d8fe870, 0x000001ad7d8fef00, 0x000001ad7bdb8950,
0x000001ad719597a0, 0x000001ad71952810, 0x000001ad71959e30, 0x000001ad71952ea0,
0x000001ad7195a4c0, 0x000001ad7195ab50, 0x000001ad7195b870, 0x000001ad7195bf00,
0x000001ad7195c590, 0x000001ad7195d2b0, 0x000001ad7bdad820, 0x000001ad7bdb3400,
0x000001ad7bdaf260, 0x000001ad7bdacb00, 0x000001ad7bdb3a90, 0x000001ad7bdb2050,
0x000001ad7bdaf8f0, 0x000001ad7bdb4120, 0x000001ad7bdad190, 0x000001ad7bdb1330,
0x000001ad7bdb47b0, 0x000001ad7bdadeb0, 0x000001ad7bdae540, 0x000001ad7bdb19c0,
0x000001ad7bdaebd0, 0x000001ad7bdb6880, 0x000001ad7bdb2d70, 0x000001ad7bdbff70,
0x000001ad7bdb8fe0
}

Java Threads: ( => current thread )
  0x000001ad7f9d9c00 JavaThread "main"                              [_thread_blocked, id=16348, stack(0x00000012bc600000,0x00000012bc700000) (1024K)]
  0x000001ad7ff626e0 JavaThread "Reference Handler"          daemon [_thread_blocked, id=15956, stack(0x00000012bce00000,0x00000012bcf00000) (1024K)]
  0x000001ad7ff63330 JavaThread "Finalizer"                  daemon [_thread_blocked, id=14096, stack(0x00000012bcf00000,0x00000012bd000000) (1024K)]
  0x000001ad7ff63f80 JavaThread "Signal Dispatcher"          daemon [_thread_blocked, id=16916, stack(0x00000012bd000000,0x00000012bd100000) (1024K)]
  0x000001ad7ff66d40 JavaThread "Attach Listener"            daemon [_thread_blocked, id=14068, stack(0x00000012bd100000,0x00000012bd200000) (1024K)]
  0x000001ad7ff67da0 JavaThread "Service Thread"             daemon [_thread_blocked, id=16304, stack(0x00000012bd200000,0x00000012bd300000) (1024K)]
  0x000001ad7ff687f0 JavaThread "Monitor Deflation Thread"   daemon [_thread_blocked, id=12372, stack(0x00000012bd300000,0x00000012bd400000) (1024K)]
=>0x000001ad7ff6ea80 JavaThread "C2 CompilerThread0"         daemon [_thread_in_native, id=11092, stack(0x00000012bd400000,0x00000012bd500000) (1024K)]
  0x000001ad7ff71520 JavaThread "C1 CompilerThread0"         daemon [_thread_blocked, id=7108, stack(0x00000012bd500000,0x00000012bd600000) (1024K)]
  0x000001ad7ffee8c0 JavaThread "Common-Cleaner"             daemon [_thread_blocked, id=232, stack(0x00000012bd600000,0x00000012bd700000) (1024K)]
  0x000001ad1fc0bf00 JavaThread "Notification Thread"        daemon [_thread_blocked, id=12468, stack(0x00000012bd700000,0x00000012bd800000) (1024K)]
  0x000001ad657f3e70 JavaThread "Daemon health stats"               [_thread_blocked, id=15588, stack(0x00000012bdb00000,0x00000012bdc00000) (1024K)]
  0x000001ad6655a570 JavaThread "Incoming local TCP Connector on port 58955"        [_thread_in_native, id=12772, stack(0x00000012bdc00000,0x00000012bdd00000) (1024K)]
  0x000001ad663ac0b0 JavaThread "Daemon periodic checks"            [_thread_blocked, id=7072, stack(0x00000012bdd00000,0x00000012bde00000) (1024K)]
  0x000001ad661c4810 JavaThread "Cache worker for journal cache (C:\Users\ecest\.gradle\caches\journal-1)"        [_thread_blocked, id=7900, stack(0x00000012be500000,0x00000012be600000) (1024K)]
  0x000001ad661c1a20 JavaThread "File lock request listener"        [_thread_in_native, id=7044, stack(0x00000012be600000,0x00000012be700000) (1024K)]
  0x000001ad661c20b0 JavaThread "Cache worker for file hash cache (C:\Users\ecest\.gradle\caches\9.3.1\fileHashes)"        [_thread_blocked, id=13436, stack(0x00000012be800000,0x00000012be900000) (1024K)]
  0x000001ad6752b5a0 JavaThread "File watcher server"        daemon [_thread_in_native, id=8408, stack(0x00000012be900000,0x00000012bea00000) (1024K)]
  0x000001ad67531810 JavaThread "File watcher consumer"      daemon [_thread_blocked, id=1168, stack(0x00000012beb00000,0x00000012bec00000) (1024K)]
  0x000001ad67530460 JavaThread "Cache worker for file content cache (C:\Users\ecest\.gradle\caches\9.3.1\fileContent)"        [_thread_blocked, id=8528, stack(0x00000012bed00000,0x00000012bee00000) (1024K)]
  0x000001ad67e20d30 JavaThread "Memory manager"                    [_thread_blocked, id=15256, stack(0x00000012bfc00000,0x00000012bfd00000) (1024K)]
  0x000001ad6b21f330 JavaThread "pool-3-thread-1"                   [_thread_blocked, id=16208, stack(0x00000012bff00000,0x00000012c0000000) (1024K)]
  0x000001ad6b153590 JavaThread "pool-6-thread-1"                   [_thread_blocked, id=17168, stack(0x00000012bf900000,0x00000012bfa00000) (1024K)]
  0x000001ad6b9bf690 JavaThread "RMI Scheduler(0)"           daemon [_thread_blocked, id=8172, stack(0x00000012c1200000,0x00000012c1300000) (1024K)]
  0x000001ad6b9c3ec0 JavaThread "RMI GC Daemon"              daemon [_thread_blocked, id=10876, stack(0x00000012c1400000,0x00000012c1500000) (1024K)]
  0x000001ad6b9be2e0 JavaThread "RMI TCP Accept-0"           daemon [_thread_in_native, id=8564, stack(0x00000012c1500000,0x00000012c1600000) (1024K)]
  0x000001ad6b9be970 JavaThread "RMI Reaper"                        [_thread_blocked, id=13132, stack(0x00000012c1600000,0x00000012c1700000) (1024K)]
  0x000001ad6aa36010 JavaThread "Cache worker for Java compile cache (C:\Users\ecest\.gradle\caches\9.3.1\javaCompile)"        [_thread_blocked, id=8340, stack(0x00000012c3100000,0x00000012c3200000) (1024K)]
  0x000001ad7c81f060 JavaThread "DefaultDispatcher-worker-1" daemon [_thread_blocked, id=12568, stack(0x00000012c0600000,0x00000012c0700000) (1024K)]
  0x000001ad7c8252d0 JavaThread "DefaultDispatcher-worker-2" daemon [_thread_blocked, id=11144, stack(0x00000012c3400000,0x00000012c3500000) (1024K)]
  0x000001ad7c825960 JavaThread "DefaultDispatcher-worker-3" daemon [_thread_blocked, id=8348, stack(0x00000012c3500000,0x00000012c3600000) (1024K)]
  0x000001ad7c825ff0 JavaThread "Periodic tasks thread"      daemon [_thread_blocked, id=1956, stack(0x00000012c3700000,0x00000012c3800000) (1024K)]
  0x000001ad7c820410 JavaThread "ApplicationImpl pooled thread 1" daemon [_thread_blocked, id=7048, stack(0x00000012c3800000,0x00000012c3900000) (1024K)]
  0x000001ad661c1390 JavaThread "Java2D Disposer"            daemon [_thread_blocked, id=10668, stack(0x00000012c3a00000,0x00000012c3b00000) (1024K)]
  0x000001ad7fe473d0 JavaThread "AWT-Windows"                daemon [_thread_in_native, id=13672, stack(0x00000012c3c00000,0x00000012c3d00000) (1024K)]
  0x000001ad79ff1a70 JavaThread "Periodic tasks thread"      daemon [_thread_blocked, id=6672, stack(0x00000012c4000000,0x00000012c4100000) (1024K)]
  0x000001ad79ff9090 JavaThread "ApplicationImpl pooled thread 1"        [_thread_blocked, id=16268, stack(0x00000012c4100000,0x00000012c4200000) (1024K)]
  0x000001ad784b36d0 JavaThread "ApplicationImpl pooled thread 2"        [_thread_blocked, id=11196, stack(0x00000012c2d00000,0x00000012c2e00000) (1024K)]
  0x000001ad7fe48e10 JavaThread "pool-12-thread-1"                  [_thread_blocked, id=2856, stack(0x00000012bfa00000,0x00000012bfb00000) (1024K)]
  0x000001ad7bdb6f10 JavaThread "pool-15-thread-1"                  [_thread_blocked, id=2920, stack(0x00000012bf800000,0x00000012bf900000) (1024K)]
  0x000001ad7bdb26e0 JavaThread "pool-18-thread-1"                  [_thread_blocked, id=10008, stack(0x00000012c0200000,0x00000012c0300000) (1024K)]
  0x000001ad7bdb54d0 JavaThread "jar transforms"                    [_thread_blocked, id=11192, stack(0x00000012bee00000,0x00000012bef00000) (1024K)]
  0x000001ad7bdb5b60 JavaThread "jar transforms Thread 2"           [_thread_blocked, id=17076, stack(0x00000012bef00000,0x00000012bf000000) (1024K)]
  0x000001ad7bdb75a0 JavaThread "jar transforms Thread 3"           [_thread_blocked, id=8328, stack(0x00000012bf100000,0x00000012bf200000) (1024K)]
  0x000001ad7bdbbdd0 JavaThread "jar transforms Thread 4"           [_thread_blocked, id=12572, stack(0x00000012bf300000,0x00000012bf400000) (1024K)]
  0x000001ad7bdc82b0 JavaThread "pool-21-thread-1"                  [_thread_blocked, id=12888, stack(0x00000012c1000000,0x00000012c1100000) (1024K)]
  0x000001ad6b9c3830 JavaThread "pool-24-thread-1"                  [_thread_blocked, id=9800, stack(0x00000012c0300000,0x00000012c0400000) (1024K)]
  0x000001ad7d8f1670 JavaThread "DefaultDispatcher-worker-4" daemon [_thread_blocked, id=17232, stack(0x00000012c3900000,0x00000012c3a00000) (1024K)]
  0x000001ad73c3c270 JavaThread "pool-28-thread-1"                  [_thread_blocked, id=8728, stack(0x00000012c0400000,0x00000012c0500000) (1024K)]
  0x000001ad7d8f3dd0 JavaThread "pool-31-thread-1"                  [_thread_blocked, id=17268, stack(0x00000012c0f00000,0x00000012c1000000) (1024K)]
  0x000001ad7d8efc30 JavaThread "Daemon Thread 8"                   [_thread_blocked, id=14156, stack(0x00000012bc400000,0x00000012bc500000) (1024K)]
  0x000001ad7d8ece40 JavaThread "Daemon worker Thread 8"            [_thread_blocked, id=16404, stack(0x00000012bdf00000,0x00000012be000000) (1024K)]
  0x000001ad7d8fa040 JavaThread "pool-34-thread-1"                  [_thread_blocked, id=17216, stack(0x00000012c0c00000,0x00000012c0d00000) (1024K)]
  0x000001ad7bdbf8e0 JavaThread "pool-37-thread-1"                  [_thread_blocked, id=10388, stack(0x00000012c0e00000,0x00000012c0f00000) (1024K)]
  0x000001ad6aa380e0 JavaThread "Handler for socket connection from /127.0.0.1:58955 to /127.0.0.1:60148"        [_thread_in_native, id=10724, stack(0x00000012bc500000,0x00000012bc600000) (1024K)]
  0x000001ad6aa38770 JavaThread "Cancel handler"                    [_thread_blocked, id=7388, stack(0x00000012bde00000,0x00000012bdf00000) (1024K)]
  0x000001ad6aa33220 JavaThread "Asynchronous log dispatcher for DefaultDaemonConnection: socket connection from /127.0.0.1:58955 to /127.0.0.1:60148"        [_thread_blocked, id=17060, stack(0x00000012be000000,0x00000012be100000) (1024K)]
  0x000001ad6aa338b0 JavaThread "Stdin handler"                     [_thread_blocked, id=2672, stack(0x00000012be100000,0x00000012be200000) (1024K)]
  0x000001ad6aa3d630 JavaThread "Daemon client event forwarder"        [_thread_blocked, id=11208, stack(0x00000012be200000,0x00000012be300000) (1024K)]
  0x000001ad6aa3c280 JavaThread "Cache worker for file hash cache (C:\Users\ecest\OneDrive\SigeSchoolpro\.gradle\9.3.1\fileHashes)"        [_thread_blocked, id=12432, stack(0x00000012be300000,0x00000012be400000) (1024K)]
  0x000001ad7d8f0950 JavaThread "Cache worker for Build Output Cleanup Cache (C:\Users\ecest\OneDrive\SigeSchoolpro\.gradle\buildOutputCleanup)"        [_thread_blocked, id=16536, stack(0x00000012be400000,0x00000012be500000) (1024K)]
  0x000001ad7d8ec120 JavaThread "Cache worker for checksums cache (C:\Users\ecest\OneDrive\SigeSchoolpro\.gradle\9.3.1\checksums)"        [_thread_blocked, id=13824, stack(0x00000012be700000,0x00000012be800000) (1024K)]
  0x000001ad7d8ead70 JavaThread "Cache worker for cache directory md-supplier (C:\Users\ecest\.gradle\caches\9.3.1\md-supplier)"        [_thread_blocked, id=8256, stack(0x00000012bea00000,0x00000012beb00000) (1024K)]
  0x000001ad7d8f0fe0 JavaThread "Cache worker for cache directory md-rule (C:\Users\ecest\.gradle\caches\9.3.1\md-rule)"        [_thread_blocked, id=2324, stack(0x00000012bec00000,0x00000012bed00000) (1024K)]
  0x000001ad7d8f1d00 JavaThread "Unconstrained build operations"        [_thread_blocked, id=6912, stack(0x00000012bf000000,0x00000012bf100000) (1024K)]
  0x000001ad7d8eb400 JavaThread "Unconstrained build operations Thread 2"        [_thread_blocked, id=14624, stack(0x00000012bf200000,0x00000012bf300000) (1024K)]
  0x000001ad7d8eba90 JavaThread "Unconstrained build operations Thread 3"        [_thread_blocked, id=17368, stack(0x00000012bf400000,0x00000012bf500000) (1024K)]
  0x000001ad7d8f2a20 JavaThread "Unconstrained build operations Thread 4"        [_thread_blocked, id=11032, stack(0x00000012bf500000,0x00000012bf600000) (1024K)]
  0x000001ad7d8f30b0 JavaThread "Unconstrained build operations Thread 5"        [_thread_blocked, id=3800, stack(0x00000012bf600000,0x00000012bf700000) (1024K)]
  0x000001ad7d8f4460 JavaThread "Unconstrained build operations Thread 6"        [_thread_blocked, id=5424, stack(0x00000012bf700000,0x00000012bf800000) (1024K)]
  0x000001ad7d8ee1f0 JavaThread "Unconstrained build operations Thread 7"        [_thread_blocked, id=15816, stack(0x00000012bfb00000,0x00000012bfc00000) (1024K)]
  0x000001ad7d8eef10 JavaThread "Unconstrained build operations Thread 8"        [_thread_blocked, id=15656, stack(0x00000012bfd00000,0x00000012bfe00000) (1024K)]
  0x000001ad7d8f3740 JavaThread "Unconstrained build operations Thread 9"        [_thread_blocked, id=3852, stack(0x00000012bfe00000,0x00000012bff00000) (1024K)]
  0x000001ad7d8ed4d0 JavaThread "Unconstrained build operations Thread 10"        [_thread_blocked, id=1240, stack(0x00000012c0000000,0x00000012c0100000) (1024K)]
  0x000001ad7d8f4af0 JavaThread "Unconstrained build operations Thread 11"        [_thread_blocked, id=7672, stack(0x00000012c0100000,0x00000012c0200000) (1024K)]
  0x000001ad7d8f5180 JavaThread "Unconstrained build operations Thread 12"        [_thread_blocked, id=15756, stack(0x00000012c0500000,0x00000012c0600000) (1024K)]
  0x000001ad7d8f5810 JavaThread "Unconstrained build operations Thread 13"        [_thread_blocked, id=10428, stack(0x00000012c0700000,0x00000012c0800000) (1024K)]
  0x000001ad7d8ee880 JavaThread "Unconstrained build operations Thread 14"        [_thread_blocked, id=14952, stack(0x00000012c0800000,0x00000012c0900000) (1024K)]
  0x000001ad7d8f78e0 JavaThread "build event listener"              [_thread_blocked, id=6520, stack(0x00000012c0900000,0x00000012c0a00000) (1024K)]
  0x000001ad7d8f5ea0 JavaThread "build event listener"              [_thread_blocked, id=5240, stack(0x00000012c0a00000,0x00000012c0b00000) (1024K)]
  0x000001ad7d8f8600 JavaThread "Problems report writer"            [_thread_blocked, id=14836, stack(0x00000012c0b00000,0x00000012c0c00000) (1024K)]
  0x000001ad7d8fba80 JavaThread "pool-40-thread-1"                  [_thread_blocked, id=12320, stack(0x00000012c0d00000,0x00000012c0e00000) (1024K)]
  0x000001ad7d8f7250 JavaThread "build event listener"              [_thread_blocked, id=10452, stack(0x00000012c1100000,0x00000012c1200000) (1024K)]
  0x000001ad7d8fce30 JavaThread "included builds"                   [_thread_blocked, id=10900, stack(0x00000012c1300000,0x00000012c1400000) (1024K)]
  0x000001ad7d8f6530 JavaThread "Execution worker"                  [_thread_blocked, id=15116, stack(0x00000012c1700000,0x00000012c1800000) (1024K)]
  0x000001ad7d8f7f70 JavaThread "Execution worker Thread 2"         [_thread_blocked, id=13900, stack(0x00000012c1800000,0x00000012c1900000) (1024K)]
  0x000001ad7d8f8c90 JavaThread "Execution worker Thread 3"         [_thread_in_native, id=5192, stack(0x00000012c1900000,0x00000012c1a00000) (1024K)]
  0x000001ad7d8fc110 JavaThread "Cache worker for execution history cache (C:\Users\ecest\OneDrive\SigeSchoolpro\.gradle\9.3.1\executionHistory)"        [_thread_blocked, id=6748, stack(0x00000012c1b00000,0x00000012c1c00000) (1024K)]
  0x000001ad7d8fdb50 JavaThread "Unconstrained build operations Thread 15"        [_thread_blocked, id=17372, stack(0x00000012c1a00000,0x00000012c1b00000) (1024K)]
  0x000001ad7d8fe870 JavaThread "WorkerExecutor Queue Thread 3"        [_thread_blocked, id=6420, stack(0x00000012c1f00000,0x00000012c2000000) (1024K)]
  0x000001ad7d8fef00 JavaThread "WorkerExecutor Queue Thread 4"        [_thread_blocked, id=11480, stack(0x00000012c1e00000,0x00000012c1f00000) (1024K)]
  0x000001ad7bdb8950 JavaThread "WorkerExecutor Queue Thread 5"        [_thread_blocked, id=16720, stack(0x00000012c2000000,0x00000012c2100000) (1024K)]
  0x000001ad719597a0 JavaThread "Unconstrained build operations Thread 16"        [_thread_blocked, id=13088, stack(0x00000012bc300000,0x00000012bc400000) (1024K)]
  0x000001ad71952810 JavaThread "Unconstrained build operations Thread 17"        [_thread_blocked, id=15184, stack(0x00000012c1d00000,0x00000012c1e00000) (1024K)]
  0x000001ad71959e30 JavaThread "Unconstrained build operations Thread 18"        [_thread_blocked, id=9976, stack(0x00000012c2100000,0x00000012c2200000) (1024K)]
  0x000001ad71952ea0 JavaThread "Unconstrained build operations Thread 19"        [_thread_blocked, id=4020, stack(0x00000012c2200000,0x00000012c2300000) (1024K)]
  0x000001ad7195a4c0 JavaThread "Unconstrained build operations Thread 20"        [_thread_in_native, id=5656, stack(0x00000012c2300000,0x00000012c2400000) (1024K)]
  0x000001ad7195ab50 JavaThread "Unconstrained build operations Thread 21"        [_thread_blocked, id=6976, stack(0x00000012c2400000,0x00000012c2500000) (1024K)]
  0x000001ad7195b870 JavaThread "Unconstrained build operations Thread 22"        [_thread_in_native, id=13004, stack(0x00000012c2500000,0x00000012c2600000) (1024K)]
  0x000001ad7195bf00 JavaThread "Unconstrained build operations Thread 23"        [_thread_in_native, id=15168, stack(0x00000012c2600000,0x00000012c2700000) (1024K)]
  0x000001ad7195c590 JavaThread "Unconstrained build operations Thread 24"        [_thread_blocked, id=14756, stack(0x00000012c2700000,0x00000012c2800000) (1024K)]
  0x000001ad7195d2b0 JavaThread "Unconstrained build operations Thread 25"        [_thread_blocked, id=16120, stack(0x00000012c2800000,0x00000012c2900000) (1024K)]
  0x000001ad7bdad820 JavaThread "Unconstrained build operations Thread 26"        [_thread_blocked, id=12232, stack(0x00000012c2900000,0x00000012c2a00000) (1024K)]
  0x000001ad7bdb3400 JavaThread "Unconstrained build operations Thread 27"        [_thread_blocked, id=17116, stack(0x00000012c2a00000,0x00000012c2b00000) (1024K)]
  0x000001ad7bdaf260 JavaThread "Unconstrained build operations Thread 28"        [_thread_blocked, id=8488, stack(0x00000012c2b00000,0x00000012c2c00000) (1024K)]
  0x000001ad7bdacb00 JavaThread "Unconstrained build operations Thread 29"        [_thread_blocked, id=10516, stack(0x00000012c2c00000,0x00000012c2d00000) (1024K)]
  0x000001ad7bdb3a90 JavaThread "Unconstrained build operations Thread 30"        [_thread_blocked, id=11024, stack(0x00000012c2e00000,0x00000012c2f00000) (1024K)]
  0x000001ad7bdb2050 JavaThread "Unconstrained build operations Thread 31"        [_thread_blocked, id=16564, stack(0x00000012c2f00000,0x00000012c3000000) (1024K)]
  0x000001ad7bdaf8f0 JavaThread "Unconstrained build operations Thread 32"        [_thread_blocked, id=16700, stack(0x00000012c3000000,0x00000012c3100000) (1024K)]
  0x000001ad7bdb4120 JavaThread "Unconstrained build operations Thread 33"        [_thread_blocked, id=3896, stack(0x00000012c3200000,0x00000012c3300000) (1024K)]
  0x000001ad7bdad190 JavaThread "Unconstrained build operations Thread 34"        [_thread_blocked, id=7704, stack(0x00000012c3300000,0x00000012c3400000) (1024K)]
  0x000001ad7bdb1330 JavaThread "Unconstrained build operations Thread 35"        [_thread_blocked, id=13552, stack(0x00000012c3600000,0x00000012c3700000) (1024K)]
  0x000001ad7bdb47b0 JavaThread "Unconstrained build operations Thread 36"        [_thread_blocked, id=13052, stack(0x00000012c3b00000,0x00000012c3c00000) (1024K)]
  0x000001ad7bdadeb0 JavaThread "Unconstrained build operations Thread 37"        [_thread_blocked, id=2832, stack(0x00000012c3d00000,0x00000012c3e00000) (1024K)]
  0x000001ad7bdae540 JavaThread "WorkerExecutor Queue Thread 6"        [_thread_blocked, id=15112, stack(0x00000012c3f00000,0x00000012c4000000) (1024K)]
  0x000001ad7bdb19c0 JavaThread "Unconstrained build operations Thread 38"        [_thread_blocked, id=11664, stack(0x00000012c3e00000,0x00000012c3f00000) (1024K)]
  0x000001ad7bdaebd0 JavaThread "Unconstrained build operations Thread 39"        [_thread_blocked, id=14408, stack(0x00000012c4200000,0x00000012c4300000) (1024K)]
  0x000001ad7bdb6880 JavaThread "Unconstrained build operations Thread 40"        [_thread_blocked, id=584, stack(0x00000012c4300000,0x00000012c4400000) (1024K)]
  0x000001ad7bdb2d70 JavaThread "ForkJoinPool-1-worker-1"    daemon [_thread_blocked, id=8536, stack(0x00000012c4600000,0x00000012c4700000) (1024K)]
  0x000001ad7bdbff70 JavaThread "ForkJoinPool-1-worker-2"    daemon [_thread_blocked, id=17164, stack(0x00000012c4700000,0x00000012c4800000) (1024K)]
  0x000001ad7bdb8fe0 JavaThread "ForkJoinPool-1-worker-4"    daemon [_thread_blocked, id=10844, stack(0x00000012c4900000,0x00000012c4a00000) (1024K)]
Total: 121

Other Threads:
  0x000001ad7ff49430 VMThread "VM Thread"                           [id=7104, stack(0x00000012bcd00000,0x00000012bce00000) (1024K)]
  0x000001ad7ff2e240 WatcherThread "VM Periodic Task Thread"        [id=3996, stack(0x00000012bcc00000,0x00000012bcd00000) (1024K)]
  0x000001ad7fa43260 WorkerThread "GC Thread#0"                     [id=16428, stack(0x00000012bc700000,0x00000012bc800000) (1024K)]
  0x000001ad1fcade00 WorkerThread "GC Thread#1"                     [id=13000, stack(0x00000012bd800000,0x00000012bd900000) (1024K)]
  0x000001ad1fcae1a0 WorkerThread "GC Thread#2"                     [id=8680, stack(0x00000012bd900000,0x00000012bda00000) (1024K)]
  0x000001ad1fc4b300 WorkerThread "GC Thread#3"                     [id=15284, stack(0x00000012bda00000,0x00000012bdb00000) (1024K)]
  0x000001ad7fa541a0 ConcurrentGCThread "G1 Main Marker"            [id=15676, stack(0x00000012bc800000,0x00000012bc900000) (1024K)]
  0x000001ad7fa551f0 WorkerThread "G1 Conc#0"                       [id=7332, stack(0x00000012bc900000,0x00000012bca00000) (1024K)]
  0x000001ad7faaeb70 ConcurrentGCThread "G1 Refine#0"               [id=1860, stack(0x00000012bca00000,0x00000012bcb00000) (1024K)]
  0x000001ad98f0a6e0 ConcurrentGCThread "G1 Refine#1"               [id=16096, stack(0x00000012c4500000,0x00000012c4600000) (1024K)]
  0x000001ad7d744050 ConcurrentGCThread "G1 Refine#2"               [id=9576, stack(0x00000012c4b00000,0x00000012c4c00000) (1024K)]
  0x000001ad795b3630 ConcurrentGCThread "G1 Refine#3"               [id=8572, stack(0x00000012c4a00000,0x00000012c4b00000) (1024K)]
  0x000001ad7fe045a0 ConcurrentGCThread "G1 Service"                [id=17012, stack(0x00000012bcb00000,0x00000012bcc00000) (1024K)]
Total: 13

Threads with active compile tasks:
C2 CompilerThread0  9270804 138174       4       com.android.aaptcompiler.ResourceTable::addResourceImpl (660 bytes)
Total: 1

VM state: not at safepoint (normal execution)

VM Mutex/Monitor currently owned by a thread: None

Heap address: 0x0000000700000000, size: 4096 MB, Compressed Oops mode: Zero based, Oop shift amount: 3

CDS archive(s) mapped at: [0x000001ad20000000-0x000001ad20c80000-0x000001ad20c80000), size 13107200, SharedBaseAddress: 0x000001ad20000000, ArchiveRelocationMode: 1.
Compressed class space mapped at: 0x000001ad21000000-0x000001ad61000000, reserved size: 1073741824
Narrow klass base: 0x000001ad20000000, Narrow klass shift: 0, Narrow klass range: 0x100000000

GC Precious Log:
 CardTable entry size: 512
 Card Set container configuration: InlinePtr #cards 4 size 8 Array Of Cards #cards 16 size 48 Howl #buckets 8 coarsen threshold 3686 Howl Bitmap #cards 512 size 80 coarsen threshold 460 Card regions per heap region 1 cards per card region 4096
 CPUs: 4 total, 4 available
 Memory: 10158M
 Large Page Support: Disabled
 NUMA Support: Disabled
 Compressed Oops: Enabled (Zero based)
 Heap Region Size: 2M
 Heap Min Capacity: 8M
 Heap Initial Capacity: 160M
 Heap Max Capacity: 4G
 Pre-touch: Disabled
 Parallel Workers: 4
 Concurrent Workers: 1
 Concurrent Refinement Workers: 4
 Periodic GC: Disabled

Heap:
 garbage-first heap   total 4007936K, used 1752195K [0x0000000700000000, 0x0000000800000000)
  region size 2048K, 53 young (108544K), 13 survivors (26624K)
 Metaspace       used 367655K, committed 369984K, reserved 1376256K
  class space    used 43029K, committed 44160K, reserved 1048576K

Heap Regions: E=young(eden), S=young(survivor), O=old, HS=humongous(starts), HC=humongous(continues), CS=collection set, F=free, TAMS=top-at-mark-start, PB=parsable bottom
|   0|0x0000000700000000, 0x0000000700200000, 0x0000000700200000|100%|HS|  |TAMS 0x0000000700000000| PB 0x0000000700000000| Complete 
|   1|0x0000000700200000, 0x0000000700400000, 0x0000000700400000|100%|HC|  |TAMS 0x0000000700200000| PB 0x0000000700200000| Complete 
|   2|0x0000000700400000, 0x0000000700600000, 0x0000000700600000|100%|HS|  |TAMS 0x0000000700400000| PB 0x0000000700400000| Complete 
|   3|0x0000000700600000, 0x0000000700800000, 0x0000000700800000|100%| O|  |TAMS 0x0000000700600000| PB 0x0000000700600000| Untracked 
|   4|0x0000000700800000, 0x0000000700a00000, 0x0000000700a00000|100%| O|  |TAMS 0x0000000700800000| PB 0x0000000700800000| Untracked 
|   5|0x0000000700a00000, 0x0000000700c00000, 0x0000000700c00000|100%| O|  |TAMS 0x0000000700a00000| PB 0x0000000700a00000| Untracked 
|   6|0x0000000700c00000, 0x0000000700e00000, 0x0000000700e00000|100%| O|  |TAMS 0x0000000700c00000| PB 0x0000000700c00000| Untracked 
|   7|0x0000000700e00000, 0x0000000701000000, 0x0000000701000000|100%| O|  |TAMS 0x0000000700e00000| PB 0x0000000700e00000| Untracked 
|   8|0x0000000701000000, 0x0000000701200000, 0x0000000701200000|100%| O|  |TAMS 0x0000000701000000| PB 0x0000000701000000| Untracked 
|   9|0x0000000701200000, 0x0000000701400000, 0x0000000701400000|100%| O|  |TAMS 0x0000000701200000| PB 0x0000000701200000| Untracked 
|  10|0x0000000701400000, 0x0000000701600000, 0x0000000701600000|100%| O|  |TAMS 0x0000000701400000| PB 0x0000000701400000| Untracked 
|  11|0x0000000701600000, 0x0000000701800000, 0x0000000701800000|100%| O|  |TAMS 0x0000000701600000| PB 0x0000000701600000| Untracked 
|  12|0x0000000701800000, 0x0000000701a00000, 0x0000000701a00000|100%| O|  |TAMS 0x0000000701800000| PB 0x0000000701800000| Untracked 
|  13|0x0000000701a00000, 0x0000000701c00000, 0x0000000701c00000|100%| O|  |TAMS 0x0000000701a00000| PB 0x0000000701a00000| Untracked 
|  14|0x0000000701c00000, 0x0000000701e00000, 0x0000000701e00000|100%| O|  |TAMS 0x0000000701c00000| PB 0x0000000701c00000| Untracked 
|  15|0x0000000701e00000, 0x0000000702000000, 0x0000000702000000|100%| O|  |TAMS 0x0000000701e00000| PB 0x0000000701e00000| Untracked 
|  16|0x0000000702000000, 0x0000000702200000, 0x0000000702200000|100%| O|  |TAMS 0x0000000702000000| PB 0x0000000702000000| Untracked 
|  17|0x0000000702200000, 0x0000000702400000, 0x0000000702400000|100%| O|  |TAMS 0x0000000702200000| PB 0x0000000702200000| Untracked 
|  18|0x0000000702400000, 0x0000000702600000, 0x0000000702600000|100%| O|  |TAMS 0x0000000702400000| PB 0x0000000702400000| Untracked 
|  19|0x0000000702600000, 0x0000000702800000, 0x0000000702800000|100%| O|  |TAMS 0x0000000702600000| PB 0x0000000702600000| Untracked 
|  20|0x0000000702800000, 0x0000000702a00000, 0x0000000702a00000|100%| O|  |TAMS 0x0000000702800000| PB 0x0000000702800000| Untracked 
|  21|0x0000000702a00000, 0x0000000702c00000, 0x0000000702c00000|100%| O|  |TAMS 0x0000000702a00000| PB 0x0000000702a00000| Untracked 
|  22|0x0000000702c00000, 0x0000000702e00000, 0x0000000702e00000|100%| O|  |TAMS 0x0000000702c00000| PB 0x0000000702c00000| Untracked 
|  23|0x0000000702e00000, 0x0000000703000000, 0x0000000703000000|100%| O|  |TAMS 0x0000000702e00000| PB 0x0000000702e00000| Untracked 
|  24|0x0000000703000000, 0x0000000703200000, 0x0000000703200000|100%| O|  |TAMS 0x0000000703000000| PB 0x0000000703000000| Untracked 
|  25|0x0000000703200000, 0x0000000703400000, 0x0000000703400000|100%| O|  |TAMS 0x0000000703200000| PB 0x0000000703200000| Untracked 
|  26|0x0000000703400000, 0x0000000703600000, 0x0000000703600000|100%| O|  |TAMS 0x0000000703400000| PB 0x0000000703400000| Untracked 
|  27|0x0000000703600000, 0x0000000703800000, 0x0000000703800000|100%| O|  |TAMS 0x0000000703600000| PB 0x0000000703600000| Untracked 
|  28|0x0000000703800000, 0x0000000703a00000, 0x0000000703a00000|100%| O|  |TAMS 0x0000000703800000| PB 0x0000000703800000| Untracked 
|  29|0x0000000703a00000, 0x0000000703c00000, 0x0000000703c00000|100%| O|  |TAMS 0x0000000703a00000| PB 0x0000000703a00000| Untracked 
|  30|0x0000000703c00000, 0x0000000703e00000, 0x0000000703e00000|100%|HS|  |TAMS 0x0000000703c00000| PB 0x0000000703c00000| Complete 
|  31|0x0000000703e00000, 0x0000000704000000, 0x0000000704000000|100%|HS|  |TAMS 0x0000000703e00000| PB 0x0000000703e00000| Complete 
|  32|0x0000000704000000, 0x0000000704200000, 0x0000000704200000|100%| O|  |TAMS 0x0000000704000000| PB 0x0000000704000000| Untracked 
|  33|0x0000000704200000, 0x0000000704400000, 0x0000000704400000|100%| O|  |TAMS 0x0000000704200000| PB 0x0000000704200000| Untracked 
|  34|0x0000000704400000, 0x0000000704600000, 0x0000000704600000|100%| O|  |TAMS 0x0000000704400000| PB 0x0000000704400000| Untracked 
|  35|0x0000000704600000, 0x0000000704800000, 0x0000000704800000|100%| O|  |TAMS 0x0000000704600000| PB 0x0000000704600000| Untracked 
|  36|0x0000000704800000, 0x0000000704a00000, 0x0000000704a00000|100%| O|  |TAMS 0x0000000704800000| PB 0x0000000704800000| Untracked 
|  37|0x0000000704a00000, 0x0000000704c00000, 0x0000000704c00000|100%| O|  |TAMS 0x0000000704a00000| PB 0x0000000704a00000| Untracked 
|  38|0x0000000704c00000, 0x0000000704e00000, 0x0000000704e00000|100%| O|  |TAMS 0x0000000704c00000| PB 0x0000000704c00000| Untracked 
|  39|0x0000000704e00000, 0x0000000705000000, 0x0000000705000000|100%| O|  |TAMS 0x0000000704e00000| PB 0x0000000704e00000| Untracked 
|  40|0x0000000705000000, 0x0000000705200000, 0x0000000705200000|100%| O|  |TAMS 0x0000000705000000| PB 0x0000000705000000| Untracked 
|  41|0x0000000705200000, 0x0000000705400000, 0x0000000705400000|100%| O|  |TAMS 0x0000000705200000| PB 0x0000000705200000| Untracked 
|  42|0x0000000705400000, 0x0000000705600000, 0x0000000705600000|100%| O|  |TAMS 0x0000000705400000| PB 0x0000000705400000| Untracked 
|  43|0x0000000705600000, 0x0000000705800000, 0x0000000705800000|100%| O|  |TAMS 0x0000000705600000| PB 0x0000000705600000| Untracked 
|  44|0x0000000705800000, 0x0000000705a00000, 0x0000000705a00000|100%| O|  |TAMS 0x0000000705800000| PB 0x0000000705800000| Untracked 
|  45|0x0000000705a00000, 0x0000000705c00000, 0x0000000705c00000|100%| O|  |TAMS 0x0000000705a00000| PB 0x0000000705a00000| Untracked 
|  46|0x0000000705c00000, 0x0000000705e00000, 0x0000000705e00000|100%| O|  |TAMS 0x0000000705c00000| PB 0x0000000705c00000| Untracked 
|  47|0x0000000705e00000, 0x0000000706000000, 0x0000000706000000|100%| O|  |TAMS 0x0000000705e00000| PB 0x0000000705e00000| Untracked 
|  48|0x0000000706000000, 0x0000000706200000, 0x0000000706200000|100%| O|  |TAMS 0x0000000706000000| PB 0x0000000706000000| Untracked 
|  49|0x0000000706200000, 0x0000000706400000, 0x0000000706400000|100%| O|  |TAMS 0x0000000706200000| PB 0x0000000706200000| Untracked 
|  50|0x0000000706400000, 0x0000000706600000, 0x0000000706600000|100%| O|  |TAMS 0x0000000706400000| PB 0x0000000706400000| Untracked 
|  51|0x0000000706600000, 0x0000000706800000, 0x0000000706800000|100%|HS|  |TAMS 0x0000000706600000| PB 0x0000000706600000| Complete 
|  52|0x0000000706800000, 0x0000000706a00000, 0x0000000706a00000|100%| O|  |TAMS 0x0000000706800000| PB 0x0000000706800000| Untracked 
|  53|0x0000000706a00000, 0x0000000706c00000, 0x0000000706c00000|100%| O|  |TAMS 0x0000000706a00000| PB 0x0000000706a00000| Untracked 
|  54|0x0000000706c00000, 0x0000000706e00000, 0x0000000706e00000|100%| O|  |TAMS 0x0000000706c00000| PB 0x0000000706c00000| Untracked 
|  55|0x0000000706e00000, 0x0000000707000000, 0x0000000707000000|100%| O|  |TAMS 0x0000000706e00000| PB 0x0000000706e00000| Untracked 
|  56|0x0000000707000000, 0x0000000707200000, 0x0000000707200000|100%| O|  |TAMS 0x0000000707000000| PB 0x0000000707000000| Untracked 
|  57|0x0000000707200000, 0x0000000707400000, 0x0000000707400000|100%| O|  |TAMS 0x0000000707200000| PB 0x0000000707200000| Untracked 
|  58|0x0000000707400000, 0x0000000707600000, 0x0000000707600000|100%| O|  |TAMS 0x0000000707400000| PB 0x0000000707400000| Untracked 
|  59|0x0000000707600000, 0x0000000707800000, 0x0000000707800000|100%| O|  |TAMS 0x0000000707600000| PB 0x0000000707600000| Untracked 
|  60|0x0000000707800000, 0x0000000707a00000, 0x0000000707a00000|100%| O|  |TAMS 0x0000000707800000| PB 0x0000000707800000| Untracked 
|  61|0x0000000707a00000, 0x0000000707c00000, 0x0000000707c00000|100%| O|  |TAMS 0x0000000707a00000| PB 0x0000000707a00000| Untracked 
|  62|0x0000000707c00000, 0x0000000707e00000, 0x0000000707e00000|100%| O|  |TAMS 0x0000000707c00000| PB 0x0000000707c00000| Untracked 
|  63|0x0000000707e00000, 0x0000000708000000, 0x0000000708000000|100%| O|  |TAMS 0x0000000707e00000| PB 0x0000000707e00000| Untracked 
|  64|0x0000000708000000, 0x0000000708200000, 0x0000000708200000|100%| O|  |TAMS 0x0000000708000000| PB 0x0000000708000000| Untracked 
|  65|0x0000000708200000, 0x0000000708400000, 0x0000000708400000|100%| O|  |TAMS 0x0000000708200000| PB 0x0000000708200000| Untracked 
|  66|0x0000000708400000, 0x0000000708600000, 0x0000000708600000|100%| O|  |TAMS 0x0000000708400000| PB 0x0000000708400000| Untracked 
|  67|0x0000000708600000, 0x0000000708800000, 0x0000000708800000|100%| O|  |TAMS 0x0000000708600000| PB 0x0000000708600000| Untracked 
|  68|0x0000000708800000, 0x0000000708a00000, 0x0000000708a00000|100%| O|  |TAMS 0x0000000708800000| PB 0x0000000708800000| Untracked 
|  69|0x0000000708a00000, 0x0000000708c00000, 0x0000000708c00000|100%| O|  |TAMS 0x0000000708a00000| PB 0x0000000708a00000| Untracked 
|  70|0x0000000708c00000, 0x0000000708e00000, 0x0000000708e00000|100%| O|  |TAMS 0x0000000708c00000| PB 0x0000000708c00000| Untracked 
|  71|0x0000000708e00000, 0x0000000709000000, 0x0000000709000000|100%| O|  |TAMS 0x0000000708e00000| PB 0x0000000708e00000| Untracked 
|  72|0x0000000709000000, 0x0000000709200000, 0x0000000709200000|100%| O|  |TAMS 0x0000000709000000| PB 0x0000000709000000| Untracked 
|  73|0x0000000709200000, 0x0000000709400000, 0x0000000709400000|100%| O|  |TAMS 0x0000000709200000| PB 0x0000000709200000| Untracked 
|  74|0x0000000709400000, 0x0000000709600000, 0x0000000709600000|100%| O|  |TAMS 0x0000000709400000| PB 0x0000000709400000| Untracked 
|  75|0x0000000709600000, 0x0000000709800000, 0x0000000709800000|100%| O|  |TAMS 0x0000000709600000| PB 0x0000000709600000| Untracked 
|  76|0x0000000709800000, 0x0000000709a00000, 0x0000000709a00000|100%| O|  |TAMS 0x0000000709800000| PB 0x0000000709800000| Untracked 
|  77|0x0000000709a00000, 0x0000000709c00000, 0x0000000709c00000|100%| O|  |TAMS 0x0000000709a00000| PB 0x0000000709a00000| Untracked 
|  78|0x0000000709c00000, 0x0000000709e00000, 0x0000000709e00000|100%| O|  |TAMS 0x0000000709c00000| PB 0x0000000709c00000| Untracked 
|  79|0x0000000709e00000, 0x000000070a000000, 0x000000070a000000|100%|HS|  |TAMS 0x0000000709e00000| PB 0x0000000709e00000| Complete 
|  80|0x000000070a000000, 0x000000070a200000, 0x000000070a200000|100%|HC|  |TAMS 0x000000070a000000| PB 0x000000070a000000| Complete 
|  81|0x000000070a200000, 0x000000070a400000, 0x000000070a400000|100%| O|  |TAMS 0x000000070a200000| PB 0x000000070a200000| Untracked 
|  82|0x000000070a400000, 0x000000070a600000, 0x000000070a600000|100%| O|  |TAMS 0x000000070a400000| PB 0x000000070a400000| Untracked 
|  83|0x000000070a600000, 0x000000070a800000, 0x000000070a800000|100%| O|  |TAMS 0x000000070a600000| PB 0x000000070a600000| Untracked 
|  84|0x000000070a800000, 0x000000070aa00000, 0x000000070aa00000|100%| O|  |TAMS 0x000000070a800000| PB 0x000000070a800000| Untracked 
|  85|0x000000070aa00000, 0x000000070ac00000, 0x000000070ac00000|100%| O|  |TAMS 0x000000070aa00000| PB 0x000000070aa00000| Untracked 
|  86|0x000000070ac00000, 0x000000070ae00000, 0x000000070ae00000|100%| O|  |TAMS 0x000000070ac00000| PB 0x000000070ac00000| Untracked 
|  87|0x000000070ae00000, 0x000000070b000000, 0x000000070b000000|100%|HS|  |TAMS 0x000000070ae00000| PB 0x000000070ae00000| Complete 
|  88|0x000000070b000000, 0x000000070b200000, 0x000000070b200000|100%| O|  |TAMS 0x000000070b000000| PB 0x000000070b000000| Untracked 
|  89|0x000000070b200000, 0x000000070b400000, 0x000000070b400000|100%| O|  |TAMS 0x000000070b200000| PB 0x000000070b200000| Untracked 
|  90|0x000000070b400000, 0x000000070b600000, 0x000000070b600000|100%| O|  |TAMS 0x000000070b400000| PB 0x000000070b400000| Untracked 
|  91|0x000000070b600000, 0x000000070b800000, 0x000000070b800000|100%| O|  |TAMS 0x000000070b600000| PB 0x000000070b600000| Untracked 
|  92|0x000000070b800000, 0x000000070ba00000, 0x000000070ba00000|100%| O|  |TAMS 0x000000070b800000| PB 0x000000070b800000| Untracked 
|  93|0x000000070ba00000, 0x000000070bc00000, 0x000000070bc00000|100%| O|  |TAMS 0x000000070ba00000| PB 0x000000070ba00000| Untracked 
|  94|0x000000070bc00000, 0x000000070be00000, 0x000000070be00000|100%| O|  |TAMS 0x000000070bc00000| PB 0x000000070bc00000| Untracked 
|  95|0x000000070be00000, 0x000000070c000000, 0x000000070c000000|100%| O|  |TAMS 0x000000070be00000| PB 0x000000070be00000| Untracked 
|  96|0x000000070c000000, 0x000000070c200000, 0x000000070c200000|100%| O|  |TAMS 0x000000070c000000| PB 0x000000070c000000| Untracked 
|  97|0x000000070c200000, 0x000000070c400000, 0x000000070c400000|100%|HS|  |TAMS 0x000000070c200000| PB 0x000000070c200000| Complete 
|  98|0x000000070c400000, 0x000000070c600000, 0x000000070c600000|100%| O|  |TAMS 0x000000070c400000| PB 0x000000070c400000| Untracked 
|  99|0x000000070c600000, 0x000000070c800000, 0x000000070c800000|100%|HS|  |TAMS 0x000000070c600000| PB 0x000000070c600000| Complete 
| 100|0x000000070c800000, 0x000000070ca00000, 0x000000070ca00000|100%| O|  |TAMS 0x000000070c800000| PB 0x000000070c800000| Untracked 
| 101|0x000000070ca00000, 0x000000070cc00000, 0x000000070cc00000|100%| O|  |TAMS 0x000000070ca00000| PB 0x000000070ca00000| Untracked 
| 102|0x000000070cc00000, 0x000000070ce00000, 0x000000070ce00000|100%|HS|  |TAMS 0x000000070cc00000| PB 0x000000070cc00000| Complete 
| 103|0x000000070ce00000, 0x000000070d000000, 0x000000070d000000|100%| O|  |TAMS 0x000000070ce00000| PB 0x000000070ce00000| Untracked 
| 104|0x000000070d000000, 0x000000070d200000, 0x000000070d200000|100%| O|  |TAMS 0x000000070d000000| PB 0x000000070d000000| Untracked 
| 105|0x000000070d200000, 0x000000070d400000, 0x000000070d400000|100%| O|  |TAMS 0x000000070d200000| PB 0x000000070d200000| Untracked 
| 106|0x000000070d400000, 0x000000070d600000, 0x000000070d600000|100%| O|  |TAMS 0x000000070d400000| PB 0x000000070d400000| Untracked 
| 107|0x000000070d600000, 0x000000070d800000, 0x000000070d800000|100%|HS|  |TAMS 0x000000070d600000| PB 0x000000070d600000| Complete 
| 108|0x000000070d800000, 0x000000070da00000, 0x000000070da00000|100%| O|  |TAMS 0x000000070d800000| PB 0x000000070d800000| Untracked 
| 109|0x000000070da00000, 0x000000070dc00000, 0x000000070dc00000|100%| O|  |TAMS 0x000000070da00000| PB 0x000000070da00000| Untracked 
| 110|0x000000070dc00000, 0x000000070de00000, 0x000000070de00000|100%| O|  |TAMS 0x000000070dc00000| PB 0x000000070dc00000| Untracked 
| 111|0x000000070de00000, 0x000000070e000000, 0x000000070e000000|100%|HS|  |TAMS 0x000000070de00000| PB 0x000000070de00000| Complete 
| 112|0x000000070e000000, 0x000000070e200000, 0x000000070e200000|100%|HC|  |TAMS 0x000000070e000000| PB 0x000000070e000000| Complete 
| 113|0x000000070e200000, 0x000000070e400000, 0x000000070e400000|100%| O|  |TAMS 0x000000070e200000| PB 0x000000070e200000| Untracked 
| 114|0x000000070e400000, 0x000000070e600000, 0x000000070e600000|100%| O|  |TAMS 0x000000070e400000| PB 0x000000070e400000| Untracked 
| 115|0x000000070e600000, 0x000000070e800000, 0x000000070e800000|100%| O|  |TAMS 0x000000070e600000| PB 0x000000070e600000| Untracked 
| 116|0x000000070e800000, 0x000000070ea00000, 0x000000070ea00000|100%| O|  |TAMS 0x000000070e800000| PB 0x000000070e800000| Untracked 
| 117|0x000000070ea00000, 0x000000070ec00000, 0x000000070ec00000|100%| O|  |TAMS 0x000000070ea00000| PB 0x000000070ea00000| Untracked 
| 118|0x000000070ec00000, 0x000000070ee00000, 0x000000070ee00000|100%| O|  |TAMS 0x000000070ec00000| PB 0x000000070ec00000| Untracked 
| 119|0x000000070ee00000, 0x000000070f000000, 0x000000070f000000|100%| O|  |TAMS 0x000000070ee00000| PB 0x000000070ee00000| Untracked 
| 120|0x000000070f000000, 0x000000070f200000, 0x000000070f200000|100%| O|  |TAMS 0x000000070f000000| PB 0x000000070f000000| Untracked 
| 121|0x000000070f200000, 0x000000070f400000, 0x000000070f400000|100%| O|  |TAMS 0x000000070f200000| PB 0x000000070f200000| Untracked 
| 122|0x000000070f400000, 0x000000070f600000, 0x000000070f600000|100%| O|  |TAMS 0x000000070f400000| PB 0x000000070f400000| Untracked 
| 123|0x000000070f600000, 0x000000070f800000, 0x000000070f800000|100%| O|  |TAMS 0x000000070f600000| PB 0x000000070f600000| Untracked 
| 124|0x000000070f800000, 0x000000070fa00000, 0x000000070fa00000|100%| O|  |TAMS 0x000000070f800000| PB 0x000000070f800000| Untracked 
| 125|0x000000070fa00000, 0x000000070fc00000, 0x000000070fc00000|100%|HS|  |TAMS 0x000000070fa00000| PB 0x000000070fa00000| Complete 
| 126|0x000000070fc00000, 0x000000070fe00000, 0x000000070fe00000|100%|HC|  |TAMS 0x000000070fc00000| PB 0x000000070fc00000| Complete 
| 127|0x000000070fe00000, 0x0000000710000000, 0x0000000710000000|100%| O|  |TAMS 0x000000070fe00000| PB 0x000000070fe00000| Untracked 
| 128|0x0000000710000000, 0x0000000710200000, 0x0000000710200000|100%| O|  |TAMS 0x0000000710000000| PB 0x0000000710000000| Untracked 
| 129|0x0000000710200000, 0x0000000710400000, 0x0000000710400000|100%|HS|  |TAMS 0x0000000710200000| PB 0x0000000710200000| Complete 
| 130|0x0000000710400000, 0x0000000710600000, 0x0000000710600000|100%| O|  |TAMS 0x0000000710400000| PB 0x0000000710400000| Untracked 
| 131|0x0000000710600000, 0x0000000710800000, 0x0000000710800000|100%| O|  |TAMS 0x0000000710600000| PB 0x0000000710600000| Untracked 
| 132|0x0000000710800000, 0x0000000710a00000, 0x0000000710a00000|100%| O|  |TAMS 0x0000000710800000| PB 0x0000000710800000| Untracked 
| 133|0x0000000710a00000, 0x0000000710c00000, 0x0000000710c00000|100%| O|  |TAMS 0x0000000710a00000| PB 0x0000000710a00000| Untracked 
| 134|0x0000000710c00000, 0x0000000710e00000, 0x0000000710e00000|100%| O|  |TAMS 0x0000000710c00000| PB 0x0000000710c00000| Untracked 
| 135|0x0000000710e00000, 0x0000000711000000, 0x0000000711000000|100%| O|  |TAMS 0x0000000710e00000| PB 0x0000000710e00000| Untracked 
| 136|0x0000000711000000, 0x0000000711200000, 0x0000000711200000|100%| O|  |TAMS 0x0000000711000000| PB 0x0000000711000000| Untracked 
| 137|0x0000000711200000, 0x0000000711400000, 0x0000000711400000|100%|HS|  |TAMS 0x0000000711200000| PB 0x0000000711200000| Complete 
| 138|0x0000000711400000, 0x0000000711600000, 0x0000000711600000|100%| O|Cm|TAMS 0x0000000711400000| PB 0x0000000711400000| Complete 
| 139|0x0000000711600000, 0x0000000711800000, 0x0000000711800000|100%| O|  |TAMS 0x0000000711600000| PB 0x0000000711600000| Untracked 
| 140|0x0000000711800000, 0x0000000711a00000, 0x0000000711a00000|100%| O|  |TAMS 0x0000000711800000| PB 0x0000000711800000| Untracked 
| 141|0x0000000711a00000, 0x0000000711c00000, 0x0000000711c00000|100%|HS|  |TAMS 0x0000000711a00000| PB 0x0000000711a00000| Complete 
| 142|0x0000000711c00000, 0x0000000711e00000, 0x0000000711e00000|100%|HS|  |TAMS 0x0000000711c00000| PB 0x0000000711c00000| Complete 
| 143|0x0000000711e00000, 0x0000000712000000, 0x0000000712000000|100%|HS|  |TAMS 0x0000000711e00000| PB 0x0000000711e00000| Complete 
| 144|0x0000000712000000, 0x0000000712200000, 0x0000000712200000|100%| O|  |TAMS 0x0000000712000000| PB 0x0000000712000000| Untracked 
| 145|0x0000000712200000, 0x0000000712400000, 0x0000000712400000|100%| O|  |TAMS 0x0000000712200000| PB 0x0000000712200000| Untracked 
| 146|0x0000000712400000, 0x0000000712600000, 0x0000000712600000|100%|HS|  |TAMS 0x0000000712400000| PB 0x0000000712400000| Complete 
| 147|0x0000000712600000, 0x0000000712800000, 0x0000000712800000|100%| O|  |TAMS 0x0000000712600000| PB 0x0000000712600000| Untracked 
| 148|0x0000000712800000, 0x0000000712a00000, 0x0000000712a00000|100%| O|  |TAMS 0x0000000712800000| PB 0x0000000712800000| Untracked 
| 149|0x0000000712a00000, 0x0000000712c00000, 0x0000000712c00000|100%| O|  |TAMS 0x0000000712a00000| PB 0x0000000712a00000| Untracked 
| 150|0x0000000712c00000, 0x0000000712e00000, 0x0000000712e00000|100%| O|  |TAMS 0x0000000712c00000| PB 0x0000000712c00000| Untracked 
| 151|0x0000000712e00000, 0x0000000713000000, 0x0000000713000000|100%| O|  |TAMS 0x0000000712e00000| PB 0x0000000712e00000| Untracked 
| 152|0x0000000713000000, 0x0000000713200000, 0x0000000713200000|100%| O|  |TAMS 0x0000000713000000| PB 0x0000000713000000| Untracked 
| 153|0x0000000713200000, 0x0000000713400000, 0x0000000713400000|100%| O|  |TAMS 0x0000000713200000| PB 0x0000000713200000| Untracked 
| 154|0x0000000713400000, 0x0000000713600000, 0x0000000713600000|100%| O|  |TAMS 0x0000000713400000| PB 0x0000000713400000| Untracked 
| 155|0x0000000713600000, 0x0000000713800000, 0x0000000713800000|100%| O|  |TAMS 0x0000000713600000| PB 0x0000000713600000| Untracked 
| 156|0x0000000713800000, 0x0000000713a00000, 0x0000000713a00000|100%| O|  |TAMS 0x0000000713800000| PB 0x0000000713800000| Untracked 
| 157|0x0000000713a00000, 0x0000000713c00000, 0x0000000713c00000|100%| O|  |TAMS 0x0000000713a00000| PB 0x0000000713a00000| Untracked 
| 158|0x0000000713c00000, 0x0000000713e00000, 0x0000000713e00000|100%| O|  |TAMS 0x0000000713c00000| PB 0x0000000713c00000| Untracked 
| 159|0x0000000713e00000, 0x0000000714000000, 0x0000000714000000|100%| O|  |TAMS 0x0000000713e00000| PB 0x0000000713e00000| Untracked 
| 160|0x0000000714000000, 0x0000000714200000, 0x0000000714200000|100%| O|  |TAMS 0x0000000714000000| PB 0x0000000714000000| Untracked 
| 161|0x0000000714200000, 0x0000000714400000, 0x0000000714400000|100%| O|  |TAMS 0x0000000714200000| PB 0x0000000714200000| Untracked 
| 162|0x0000000714400000, 0x0000000714600000, 0x0000000714600000|100%| O|  |TAMS 0x0000000714400000| PB 0x0000000714400000| Untracked 
| 163|0x0000000714600000, 0x0000000714800000, 0x0000000714800000|100%| O|  |TAMS 0x0000000714600000| PB 0x0000000714600000| Untracked 
| 164|0x0000000714800000, 0x0000000714a00000, 0x0000000714a00000|100%| O|  |TAMS 0x0000000714800000| PB 0x0000000714800000| Untracked 
| 165|0x0000000714a00000, 0x0000000714c00000, 0x0000000714c00000|100%| O|  |TAMS 0x0000000714a00000| PB 0x0000000714a00000| Untracked 
| 166|0x0000000714c00000, 0x0000000714e00000, 0x0000000714e00000|100%| O|  |TAMS 0x0000000714c00000| PB 0x0000000714c00000| Untracked 
| 167|0x0000000714e00000, 0x0000000715000000, 0x0000000715000000|100%| O|  |TAMS 0x0000000714e00000| PB 0x0000000714e00000| Untracked 
| 168|0x0000000715000000, 0x0000000715200000, 0x0000000715200000|100%| O|  |TAMS 0x0000000715000000| PB 0x0000000715000000| Untracked 
| 169|0x0000000715200000, 0x0000000715400000, 0x0000000715400000|100%| O|  |TAMS 0x0000000715200000| PB 0x0000000715200000| Untracked 
| 170|0x0000000715400000, 0x0000000715600000, 0x0000000715600000|100%| O|  |TAMS 0x0000000715400000| PB 0x0000000715400000| Untracked 
| 171|0x0000000715600000, 0x0000000715800000, 0x0000000715800000|100%|HS|  |TAMS 0x0000000715600000| PB 0x0000000715600000| Complete 
| 172|0x0000000715800000, 0x0000000715a00000, 0x0000000715a00000|100%| O|  |TAMS 0x0000000715800000| PB 0x0000000715800000| Untracked 
| 173|0x0000000715a00000, 0x0000000715c00000, 0x0000000715c00000|100%| O|Cm|TAMS 0x0000000715a00000| PB 0x0000000715a00000| Complete 
| 174|0x0000000715c00000, 0x0000000715e00000, 0x0000000715e00000|100%| O|  |TAMS 0x0000000715c00000| PB 0x0000000715c00000| Untracked 
| 175|0x0000000715e00000, 0x0000000716000000, 0x0000000716000000|100%| O|  |TAMS 0x0000000715e00000| PB 0x0000000715e00000| Untracked 
| 176|0x0000000716000000, 0x0000000716200000, 0x0000000716200000|100%| O|  |TAMS 0x0000000716000000| PB 0x0000000716000000| Untracked 
| 177|0x0000000716200000, 0x0000000716400000, 0x0000000716400000|100%| O|Cm|TAMS 0x0000000716200000| PB 0x0000000716200000| Complete 
| 178|0x0000000716400000, 0x0000000716600000, 0x0000000716600000|100%| O|  |TAMS 0x0000000716400000| PB 0x0000000716400000| Untracked 
| 179|0x0000000716600000, 0x0000000716800000, 0x0000000716800000|100%| O|  |TAMS 0x0000000716600000| PB 0x0000000716600000| Untracked 
| 180|0x0000000716800000, 0x0000000716a00000, 0x0000000716a00000|100%| O|  |TAMS 0x0000000716800000| PB 0x0000000716800000| Untracked 
| 181|0x0000000716a00000, 0x0000000716c00000, 0x0000000716c00000|100%| O|Cm|TAMS 0x0000000716a00000| PB 0x0000000716a00000| Complete 
| 182|0x0000000716c00000, 0x0000000716e00000, 0x0000000716e00000|100%| O|  |TAMS 0x0000000716c00000| PB 0x0000000716c00000| Untracked 
| 183|0x0000000716e00000, 0x0000000717000000, 0x0000000717000000|100%| O|  |TAMS 0x0000000716e00000| PB 0x0000000716e00000| Untracked 
| 184|0x0000000717000000, 0x0000000717200000, 0x0000000717200000|100%| O|Cm|TAMS 0x0000000717000000| PB 0x0000000717000000| Complete 
| 185|0x0000000717200000, 0x0000000717400000, 0x0000000717400000|100%| O|  |TAMS 0x0000000717200000| PB 0x0000000717200000| Untracked 
| 186|0x0000000717400000, 0x0000000717600000, 0x0000000717600000|100%| O|Cm|TAMS 0x0000000717400000| PB 0x0000000717400000| Complete 
| 187|0x0000000717600000, 0x0000000717600000, 0x0000000717800000|  0%| F|  |TAMS 0x0000000717600000| PB 0x0000000717600000| Untracked 
| 188|0x0000000717800000, 0x0000000717a00000, 0x0000000717a00000|100%| O|  |TAMS 0x0000000717800000| PB 0x0000000717800000| Untracked 
| 189|0x0000000717a00000, 0x0000000717c00000, 0x0000000717c00000|100%| O|  |TAMS 0x0000000717a00000| PB 0x0000000717a00000| Untracked 
| 190|0x0000000717c00000, 0x0000000717e00000, 0x0000000717e00000|100%| O|  |TAMS 0x0000000717c00000| PB 0x0000000717c00000| Untracked 
| 191|0x0000000717e00000, 0x0000000718000000, 0x0000000718000000|100%| O|Cm|TAMS 0x0000000717e00000| PB 0x0000000717e00000| Complete 
| 192|0x0000000718000000, 0x0000000718200000, 0x0000000718200000|100%|HS|  |TAMS 0x0000000718000000| PB 0x0000000718000000| Complete 
| 193|0x0000000718200000, 0x0000000718400000, 0x0000000718400000|100%| O|  |TAMS 0x0000000718200000| PB 0x0000000718200000| Untracked 
| 194|0x0000000718400000, 0x0000000718600000, 0x0000000718600000|100%|HS|  |TAMS 0x0000000718400000| PB 0x0000000718400000| Complete 
| 195|0x0000000718600000, 0x0000000718800000, 0x0000000718800000|100%|HC|  |TAMS 0x0000000718600000| PB 0x0000000718600000| Complete 
| 196|0x0000000718800000, 0x0000000718a00000, 0x0000000718a00000|100%| O|  |TAMS 0x0000000718800000| PB 0x0000000718800000| Untracked 
| 197|0x0000000718a00000, 0x0000000718c00000, 0x0000000718c00000|100%| O|  |TAMS 0x0000000718a00000| PB 0x0000000718a00000| Untracked 
| 198|0x0000000718c00000, 0x0000000718e00000, 0x0000000718e00000|100%| O|  |TAMS 0x0000000718c00000| PB 0x0000000718c00000| Untracked 
| 199|0x0000000718e00000, 0x0000000719000000, 0x0000000719000000|100%| O|  |TAMS 0x0000000718e00000| PB 0x0000000718e00000| Untracked 
| 200|0x0000000719000000, 0x0000000719200000, 0x0000000719200000|100%| O|  |TAMS 0x0000000719000000| PB 0x0000000719000000| Untracked 
| 201|0x0000000719200000, 0x0000000719400000, 0x0000000719400000|100%| O|  |TAMS 0x0000000719200000| PB 0x0000000719200000| Untracked 
| 202|0x0000000719400000, 0x0000000719600000, 0x0000000719600000|100%| O|  |TAMS 0x0000000719400000| PB 0x0000000719400000| Untracked 
| 203|0x0000000719600000, 0x0000000719800000, 0x0000000719800000|100%| O|  |TAMS 0x0000000719600000| PB 0x0000000719600000| Untracked 
| 204|0x0000000719800000, 0x0000000719a00000, 0x0000000719a00000|100%| O|  |TAMS 0x0000000719800000| PB 0x0000000719800000| Untracked 
| 205|0x0000000719a00000, 0x0000000719c00000, 0x0000000719c00000|100%| O|Cm|TAMS 0x0000000719a00000| PB 0x0000000719a00000| Complete 
| 206|0x0000000719c00000, 0x0000000719e00000, 0x0000000719e00000|100%|HS|  |TAMS 0x0000000719c00000| PB 0x0000000719c00000| Complete 
| 207|0x0000000719e00000, 0x000000071a000000, 0x000000071a000000|100%| O|Cm|TAMS 0x0000000719e00000| PB 0x0000000719e00000| Complete 
| 208|0x000000071a000000, 0x000000071a200000, 0x000000071a200000|100%| O|  |TAMS 0x000000071a000000| PB 0x000000071a000000| Untracked 
| 209|0x000000071a200000, 0x000000071a400000, 0x000000071a400000|100%| O|  |TAMS 0x000000071a200000| PB 0x000000071a200000| Untracked 
| 210|0x000000071a400000, 0x000000071a600000, 0x000000071a600000|100%| O|Cm|TAMS 0x000000071a400000| PB 0x000000071a400000| Complete 
| 211|0x000000071a600000, 0x000000071a800000, 0x000000071a800000|100%| O|  |TAMS 0x000000071a600000| PB 0x000000071a600000| Untracked 
| 212|0x000000071a800000, 0x000000071aa00000, 0x000000071aa00000|100%|HS|  |TAMS 0x000000071a800000| PB 0x000000071a800000| Complete 
| 213|0x000000071aa00000, 0x000000071ac00000, 0x000000071ac00000|100%|HC|  |TAMS 0x000000071aa00000| PB 0x000000071aa00000| Complete 
| 214|0x000000071ac00000, 0x000000071ae00000, 0x000000071ae00000|100%|HS|  |TAMS 0x000000071ac00000| PB 0x000000071ac00000| Complete 
| 215|0x000000071ae00000, 0x000000071b000000, 0x000000071b000000|100%|HC|  |TAMS 0x000000071ae00000| PB 0x000000071ae00000| Complete 
| 216|0x000000071b000000, 0x000000071b200000, 0x000000071b200000|100%|HS|  |TAMS 0x000000071b000000| PB 0x000000071b000000| Complete 
| 217|0x000000071b200000, 0x000000071b400000, 0x000000071b400000|100%|HC|  |TAMS 0x000000071b200000| PB 0x000000071b200000| Complete 
| 218|0x000000071b400000, 0x000000071b600000, 0x000000071b600000|100%| O|  |TAMS 0x000000071b400000| PB 0x000000071b400000| Untracked 
| 219|0x000000071b600000, 0x000000071b800000, 0x000000071b800000|100%| O|  |TAMS 0x000000071b600000| PB 0x000000071b600000| Untracked 
| 220|0x000000071b800000, 0x000000071ba00000, 0x000000071ba00000|100%| O|  |TAMS 0x000000071b800000| PB 0x000000071b800000| Untracked 
| 221|0x000000071ba00000, 0x000000071bc00000, 0x000000071bc00000|100%| O|  |TAMS 0x000000071ba00000| PB 0x000000071ba00000| Untracked 
| 222|0x000000071bc00000, 0x000000071be00000, 0x000000071be00000|100%| O|  |TAMS 0x000000071bc00000| PB 0x000000071bc00000| Untracked 
| 223|0x000000071be00000, 0x000000071c000000, 0x000000071c000000|100%| O|  |TAMS 0x000000071be00000| PB 0x000000071be00000| Untracked 
| 224|0x000000071c000000, 0x000000071c200000, 0x000000071c200000|100%| O|  |TAMS 0x000000071c000000| PB 0x000000071c000000| Untracked 
| 225|0x000000071c200000, 0x000000071c400000, 0x000000071c400000|100%| O|  |TAMS 0x000000071c200000| PB 0x000000071c200000| Untracked 
| 226|0x000000071c400000, 0x000000071c600000, 0x000000071c600000|100%| O|  |TAMS 0x000000071c400000| PB 0x000000071c400000| Untracked 
| 227|0x000000071c600000, 0x000000071c800000, 0x000000071c800000|100%| O|  |TAMS 0x000000071c600000| PB 0x000000071c600000| Untracked 
| 228|0x000000071c800000, 0x000000071ca00000, 0x000000071ca00000|100%| O|  |TAMS 0x000000071c800000| PB 0x000000071c800000| Untracked 
| 229|0x000000071ca00000, 0x000000071cc00000, 0x000000071cc00000|100%| O|  |TAMS 0x000000071ca00000| PB 0x000000071ca00000| Untracked 
| 230|0x000000071cc00000, 0x000000071ce00000, 0x000000071ce00000|100%| O|  |TAMS 0x000000071cc00000| PB 0x000000071cc00000| Untracked 
| 231|0x000000071ce00000, 0x000000071d000000, 0x000000071d000000|100%| O|  |TAMS 0x000000071ce00000| PB 0x000000071ce00000| Untracked 
| 232|0x000000071d000000, 0x000000071d200000, 0x000000071d200000|100%| O|  |TAMS 0x000000071d000000| PB 0x000000071d000000| Untracked 
| 233|0x000000071d200000, 0x000000071d400000, 0x000000071d400000|100%| O|  |TAMS 0x000000071d200000| PB 0x000000071d200000| Untracked 
| 234|0x000000071d400000, 0x000000071d600000, 0x000000071d600000|100%| O|  |TAMS 0x000000071d400000| PB 0x000000071d400000| Untracked 
| 235|0x000000071d600000, 0x000000071d800000, 0x000000071d800000|100%|HS|  |TAMS 0x000000071d600000| PB 0x000000071d600000| Complete 
| 236|0x000000071d800000, 0x000000071da00000, 0x000000071da00000|100%|HC|  |TAMS 0x000000071d800000| PB 0x000000071d800000| Complete 
| 237|0x000000071da00000, 0x000000071dc00000, 0x000000071dc00000|100%|HC|  |TAMS 0x000000071da00000| PB 0x000000071da00000| Complete 
| 238|0x000000071dc00000, 0x000000071de00000, 0x000000071de00000|100%|HC|  |TAMS 0x000000071dc00000| PB 0x000000071dc00000| Complete 
| 239|0x000000071de00000, 0x000000071e000000, 0x000000071e000000|100%|HC|  |TAMS 0x000000071de00000| PB 0x000000071de00000| Complete 
| 240|0x000000071e000000, 0x000000071e200000, 0x000000071e200000|100%|HC|  |TAMS 0x000000071e000000| PB 0x000000071e000000| Complete 
| 241|0x000000071e200000, 0x000000071e400000, 0x000000071e400000|100%|HC|  |TAMS 0x000000071e200000| PB 0x000000071e200000| Complete 
| 242|0x000000071e400000, 0x000000071e600000, 0x000000071e600000|100%|HC|  |TAMS 0x000000071e400000| PB 0x000000071e400000| Complete 
| 243|0x000000071e600000, 0x000000071e800000, 0x000000071e800000|100%|HC|  |TAMS 0x000000071e600000| PB 0x000000071e600000| Complete 
| 244|0x000000071e800000, 0x000000071ea00000, 0x000000071ea00000|100%|HC|  |TAMS 0x000000071e800000| PB 0x000000071e800000| Complete 
| 245|0x000000071ea00000, 0x000000071ec00000, 0x000000071ec00000|100%|HC|  |TAMS 0x000000071ea00000| PB 0x000000071ea00000| Complete 
| 246|0x000000071ec00000, 0x000000071ee00000, 0x000000071ee00000|100%|HC|  |TAMS 0x000000071ec00000| PB 0x000000071ec00000| Complete 
| 247|0x000000071ee00000, 0x000000071f000000, 0x000000071f000000|100%|HC|  |TAMS 0x000000071ee00000| PB 0x000000071ee00000| Complete 
| 248|0x000000071f000000, 0x000000071f200000, 0x000000071f200000|100%|HC|  |TAMS 0x000000071f000000| PB 0x000000071f000000| Complete 
| 249|0x000000071f200000, 0x000000071f400000, 0x000000071f400000|100%|HC|  |TAMS 0x000000071f200000| PB 0x000000071f200000| Complete 
| 250|0x000000071f400000, 0x000000071f600000, 0x000000071f600000|100%|HS|  |TAMS 0x000000071f400000| PB 0x000000071f400000| Complete 
| 251|0x000000071f600000, 0x000000071f800000, 0x000000071f800000|100%|HC|  |TAMS 0x000000071f600000| PB 0x000000071f600000| Complete 
| 252|0x000000071f800000, 0x000000071fa00000, 0x000000071fa00000|100%|HS|  |TAMS 0x000000071f800000| PB 0x000000071f800000| Complete 
| 253|0x000000071fa00000, 0x000000071fc00000, 0x000000071fc00000|100%|HC|  |TAMS 0x000000071fa00000| PB 0x000000071fa00000| Complete 
| 254|0x000000071fc00000, 0x000000071fe00000, 0x000000071fe00000|100%| O|  |TAMS 0x000000071fc00000| PB 0x000000071fc00000| Untracked 
| 255|0x000000071fe00000, 0x0000000720000000, 0x0000000720000000|100%| O|  |TAMS 0x000000071fe00000| PB 0x000000071fe00000| Untracked 
| 256|0x0000000720000000, 0x0000000720200000, 0x0000000720200000|100%| O|  |TAMS 0x0000000720000000| PB 0x0000000720000000| Untracked 
| 257|0x0000000720200000, 0x0000000720400000, 0x0000000720400000|100%|HS|  |TAMS 0x0000000720200000| PB 0x0000000720200000| Complete 
| 258|0x0000000720400000, 0x0000000720600000, 0x0000000720600000|100%|HC|  |TAMS 0x0000000720400000| PB 0x0000000720400000| Complete 
| 259|0x0000000720600000, 0x0000000720800000, 0x0000000720800000|100%|HC|  |TAMS 0x0000000720600000| PB 0x0000000720600000| Complete 
| 260|0x0000000720800000, 0x0000000720a00000, 0x0000000720a00000|100%|HS|  |TAMS 0x0000000720800000| PB 0x0000000720800000| Complete 
| 261|0x0000000720a00000, 0x0000000720c00000, 0x0000000720c00000|100%|HC|  |TAMS 0x0000000720a00000| PB 0x0000000720a00000| Complete 
| 262|0x0000000720c00000, 0x0000000720e00000, 0x0000000720e00000|100%|HS|  |TAMS 0x0000000720c00000| PB 0x0000000720c00000| Complete 
| 263|0x0000000720e00000, 0x0000000721000000, 0x0000000721000000|100%|HC|  |TAMS 0x0000000720e00000| PB 0x0000000720e00000| Complete 
| 264|0x0000000721000000, 0x0000000721200000, 0x0000000721200000|100%|HC|  |TAMS 0x0000000721000000| PB 0x0000000721000000| Complete 
| 265|0x0000000721200000, 0x0000000721400000, 0x0000000721400000|100%|HS|  |TAMS 0x0000000721200000| PB 0x0000000721200000| Complete 
| 266|0x0000000721400000, 0x0000000721600000, 0x0000000721600000|100%|HC|  |TAMS 0x0000000721400000| PB 0x0000000721400000| Complete 
| 267|0x0000000721600000, 0x0000000721800000, 0x0000000721800000|100%|HC|  |TAMS 0x0000000721600000| PB 0x0000000721600000| Complete 
| 268|0x0000000721800000, 0x0000000721a00000, 0x0000000721a00000|100%|HS|  |TAMS 0x0000000721800000| PB 0x0000000721800000| Complete 
| 269|0x0000000721a00000, 0x0000000721c00000, 0x0000000721c00000|100%|HC|  |TAMS 0x0000000721a00000| PB 0x0000000721a00000| Complete 
| 270|0x0000000721c00000, 0x0000000721e00000, 0x0000000721e00000|100%|HS|  |TAMS 0x0000000721c00000| PB 0x0000000721c00000| Complete 
| 271|0x0000000721e00000, 0x0000000722000000, 0x0000000722000000|100%|HC|  |TAMS 0x0000000721e00000| PB 0x0000000721e00000| Complete 
| 272|0x0000000722000000, 0x0000000722200000, 0x0000000722200000|100%| O|  |TAMS 0x0000000722000000| PB 0x0000000722000000| Untracked 
| 273|0x0000000722200000, 0x0000000722400000, 0x0000000722400000|100%| O|  |TAMS 0x0000000722200000| PB 0x0000000722200000| Untracked 
| 274|0x0000000722400000, 0x0000000722600000, 0x0000000722600000|100%| O|  |TAMS 0x0000000722400000| PB 0x0000000722400000| Untracked 
| 275|0x0000000722600000, 0x0000000722800000, 0x0000000722800000|100%| O|  |TAMS 0x0000000722600000| PB 0x0000000722600000| Untracked 
| 276|0x0000000722800000, 0x0000000722a00000, 0x0000000722a00000|100%| O|Cm|TAMS 0x0000000722800000| PB 0x0000000722800000| Complete 
| 277|0x0000000722a00000, 0x0000000722c00000, 0x0000000722c00000|100%| O|  |TAMS 0x0000000722a00000| PB 0x0000000722a00000| Untracked 
| 278|0x0000000722c00000, 0x0000000722e00000, 0x0000000722e00000|100%| O|Cm|TAMS 0x0000000722c00000| PB 0x0000000722c00000| Complete 
| 279|0x0000000722e00000, 0x0000000723000000, 0x0000000723000000|100%|HS|  |TAMS 0x0000000722e00000| PB 0x0000000722e00000| Complete 
| 280|0x0000000723000000, 0x0000000723000000, 0x0000000723200000|  0%| F|  |TAMS 0x0000000723000000| PB 0x0000000723000000| Untracked 
| 281|0x0000000723200000, 0x0000000723400000, 0x0000000723400000|100%| O|  |TAMS 0x0000000723200000| PB 0x0000000723200000| Untracked 
| 282|0x0000000723400000, 0x0000000723600000, 0x0000000723600000|100%| O|  |TAMS 0x0000000723400000| PB 0x0000000723400000| Untracked 
| 283|0x0000000723600000, 0x0000000723800000, 0x0000000723800000|100%| O|  |TAMS 0x0000000723600000| PB 0x0000000723600000| Untracked 
| 284|0x0000000723800000, 0x0000000723a00000, 0x0000000723a00000|100%| O|Cm|TAMS 0x0000000723800000| PB 0x0000000723800000| Complete 
| 285|0x0000000723a00000, 0x0000000723c00000, 0x0000000723c00000|100%| O|  |TAMS 0x0000000723a00000| PB 0x0000000723a00000| Untracked 
| 286|0x0000000723c00000, 0x0000000723e00000, 0x0000000723e00000|100%| O|  |TAMS 0x0000000723c00000| PB 0x0000000723c00000| Untracked 
| 287|0x0000000723e00000, 0x0000000724000000, 0x0000000724000000|100%| O|  |TAMS 0x0000000723e00000| PB 0x0000000723e00000| Untracked 
| 288|0x0000000724000000, 0x0000000724200000, 0x0000000724200000|100%|HS|  |TAMS 0x0000000724000000| PB 0x0000000724000000| Complete 
| 289|0x0000000724200000, 0x0000000724400000, 0x0000000724400000|100%| O|  |TAMS 0x0000000724200000| PB 0x0000000724200000| Untracked 
| 290|0x0000000724400000, 0x0000000724600000, 0x0000000724600000|100%| O|  |TAMS 0x0000000724400000| PB 0x0000000724400000| Untracked 
| 291|0x0000000724600000, 0x0000000724800000, 0x0000000724800000|100%| O|  |TAMS 0x0000000724600000| PB 0x0000000724600000| Untracked 
| 292|0x0000000724800000, 0x0000000724a00000, 0x0000000724a00000|100%| O|Cm|TAMS 0x0000000724800000| PB 0x0000000724800000| Complete 
| 293|0x0000000724a00000, 0x0000000724c00000, 0x0000000724c00000|100%| O|Cm|TAMS 0x0000000724a00000| PB 0x0000000724a00000| Complete 
| 294|0x0000000724c00000, 0x0000000724e00000, 0x0000000724e00000|100%| O|  |TAMS 0x0000000724c00000| PB 0x0000000724c00000| Untracked 
| 295|0x0000000724e00000, 0x0000000725000000, 0x0000000725000000|100%|HS|  |TAMS 0x0000000724e00000| PB 0x0000000724e00000| Complete 
| 296|0x0000000725000000, 0x0000000725200000, 0x0000000725200000|100%| O|  |TAMS 0x0000000725000000| PB 0x0000000725000000| Untracked 
| 297|0x0000000725200000, 0x0000000725400000, 0x0000000725400000|100%| O|  |TAMS 0x0000000725200000| PB 0x0000000725200000| Untracked 
| 298|0x0000000725400000, 0x0000000725600000, 0x0000000725600000|100%| O|Cm|TAMS 0x0000000725400000| PB 0x0000000725400000| Complete 
| 299|0x0000000725600000, 0x0000000725800000, 0x0000000725800000|100%| O|  |TAMS 0x0000000725600000| PB 0x0000000725600000| Untracked 
| 300|0x0000000725800000, 0x0000000725a00000, 0x0000000725a00000|100%| O|  |TAMS 0x0000000725800000| PB 0x0000000725800000| Untracked 
| 301|0x0000000725a00000, 0x0000000725c00000, 0x0000000725c00000|100%| O|  |TAMS 0x0000000725a00000| PB 0x0000000725a00000| Untracked 
| 302|0x0000000725c00000, 0x0000000725e00000, 0x0000000725e00000|100%| O|  |TAMS 0x0000000725c00000| PB 0x0000000725c00000| Untracked 
| 303|0x0000000725e00000, 0x0000000726000000, 0x0000000726000000|100%| O|  |TAMS 0x0000000725e00000| PB 0x0000000725e00000| Untracked 
| 304|0x0000000726000000, 0x0000000726200000, 0x0000000726200000|100%| O|  |TAMS 0x0000000726000000| PB 0x0000000726000000| Untracked 
| 305|0x0000000726200000, 0x0000000726400000, 0x0000000726400000|100%| O|  |TAMS 0x0000000726200000| PB 0x0000000726200000| Untracked 
| 306|0x0000000726400000, 0x0000000726400000, 0x0000000726600000|  0%| F|  |TAMS 0x0000000726400000| PB 0x0000000726400000| Untracked 
| 307|0x0000000726600000, 0x0000000726800000, 0x0000000726800000|100%| O|  |TAMS 0x0000000726600000| PB 0x0000000726600000| Untracked 
| 308|0x0000000726800000, 0x0000000726800000, 0x0000000726a00000|  0%| F|  |TAMS 0x0000000726800000| PB 0x0000000726800000| Untracked 
| 309|0x0000000726a00000, 0x0000000726a00000, 0x0000000726c00000|  0%| F|  |TAMS 0x0000000726a00000| PB 0x0000000726a00000| Untracked 
| 310|0x0000000726c00000, 0x0000000726c00000, 0x0000000726e00000|  0%| F|  |TAMS 0x0000000726c00000| PB 0x0000000726c00000| Untracked 
| 311|0x0000000726e00000, 0x0000000727000000, 0x0000000727000000|100%| O|  |TAMS 0x0000000726e00000| PB 0x0000000726e00000| Untracked 
| 312|0x0000000727000000, 0x0000000727200000, 0x0000000727200000|100%| O|  |TAMS 0x0000000727000000| PB 0x0000000727000000| Untracked 
| 313|0x0000000727200000, 0x0000000727400000, 0x0000000727400000|100%| O|  |TAMS 0x0000000727200000| PB 0x0000000727200000| Untracked 
| 314|0x0000000727400000, 0x0000000727600000, 0x0000000727600000|100%| O|  |TAMS 0x0000000727400000| PB 0x0000000727400000| Untracked 
| 315|0x0000000727600000, 0x0000000727800000, 0x0000000727800000|100%|HS|  |TAMS 0x0000000727600000| PB 0x0000000727600000| Complete 
| 316|0x0000000727800000, 0x0000000727a00000, 0x0000000727a00000|100%| O|  |TAMS 0x0000000727800000| PB 0x0000000727800000| Untracked 
| 317|0x0000000727a00000, 0x0000000727c00000, 0x0000000727c00000|100%| O|  |TAMS 0x0000000727a00000| PB 0x0000000727a00000| Untracked 
| 318|0x0000000727c00000, 0x0000000727e00000, 0x0000000727e00000|100%| O|  |TAMS 0x0000000727c00000| PB 0x0000000727c00000| Untracked 
| 319|0x0000000727e00000, 0x0000000728000000, 0x0000000728000000|100%| O|  |TAMS 0x0000000727e00000| PB 0x0000000727e00000| Untracked 
| 320|0x0000000728000000, 0x0000000728200000, 0x0000000728200000|100%| O|  |TAMS 0x0000000728000000| PB 0x0000000728000000| Untracked 
| 321|0x0000000728200000, 0x0000000728400000, 0x0000000728400000|100%| O|  |TAMS 0x0000000728200000| PB 0x0000000728200000| Untracked 
| 322|0x0000000728400000, 0x0000000728600000, 0x0000000728600000|100%| O|Cm|TAMS 0x0000000728400000| PB 0x0000000728400000| Complete 
| 323|0x0000000728600000, 0x0000000728800000, 0x0000000728800000|100%| O|  |TAMS 0x0000000728600000| PB 0x0000000728600000| Untracked 
| 324|0x0000000728800000, 0x0000000728a00000, 0x0000000728a00000|100%| O|  |TAMS 0x0000000728800000| PB 0x0000000728800000| Untracked 
| 325|0x0000000728a00000, 0x0000000728c00000, 0x0000000728c00000|100%| O|  |TAMS 0x0000000728a00000| PB 0x0000000728a00000| Untracked 
| 326|0x0000000728c00000, 0x0000000728e00000, 0x0000000728e00000|100%| O|  |TAMS 0x0000000728c00000| PB 0x0000000728c00000| Untracked 
| 327|0x0000000728e00000, 0x0000000729000000, 0x0000000729000000|100%| O|  |TAMS 0x0000000728e00000| PB 0x0000000728e00000| Untracked 
| 328|0x0000000729000000, 0x0000000729200000, 0x0000000729200000|100%| O|  |TAMS 0x0000000729000000| PB 0x0000000729000000| Untracked 
| 329|0x0000000729200000, 0x0000000729400000, 0x0000000729400000|100%| O|  |TAMS 0x0000000729200000| PB 0x0000000729200000| Untracked 
| 330|0x0000000729400000, 0x0000000729600000, 0x0000000729600000|100%| O|  |TAMS 0x0000000729400000| PB 0x0000000729400000| Untracked 
| 331|0x0000000729600000, 0x0000000729800000, 0x0000000729800000|100%| O|  |TAMS 0x0000000729600000| PB 0x0000000729600000| Untracked 
| 332|0x0000000729800000, 0x0000000729a00000, 0x0000000729a00000|100%| O|  |TAMS 0x0000000729800000| PB 0x0000000729800000| Untracked 
| 333|0x0000000729a00000, 0x0000000729c00000, 0x0000000729c00000|100%| O|  |TAMS 0x0000000729a00000| PB 0x0000000729a00000| Untracked 
| 334|0x0000000729c00000, 0x0000000729e00000, 0x0000000729e00000|100%| O|  |TAMS 0x0000000729c00000| PB 0x0000000729c00000| Untracked 
| 335|0x0000000729e00000, 0x000000072a000000, 0x000000072a000000|100%| O|  |TAMS 0x0000000729e00000| PB 0x0000000729e00000| Untracked 
| 336|0x000000072a000000, 0x000000072a200000, 0x000000072a200000|100%| O|  |TAMS 0x000000072a000000| PB 0x000000072a000000| Untracked 
| 337|0x000000072a200000, 0x000000072a400000, 0x000000072a400000|100%| O|  |TAMS 0x000000072a200000| PB 0x000000072a200000| Untracked 
| 338|0x000000072a400000, 0x000000072a600000, 0x000000072a600000|100%| O|  |TAMS 0x000000072a400000| PB 0x000000072a400000| Untracked 
| 339|0x000000072a600000, 0x000000072a800000, 0x000000072a800000|100%| O|  |TAMS 0x000000072a600000| PB 0x000000072a600000| Untracked 
| 340|0x000000072a800000, 0x000000072aa00000, 0x000000072aa00000|100%|HS|  |TAMS 0x000000072a800000| PB 0x000000072a800000| Complete 
| 341|0x000000072aa00000, 0x000000072ac00000, 0x000000072ac00000|100%| O|  |TAMS 0x000000072aa00000| PB 0x000000072aa00000| Untracked 
| 342|0x000000072ac00000, 0x000000072ae00000, 0x000000072ae00000|100%| O|Cm|TAMS 0x000000072ac00000| PB 0x000000072ac00000| Complete 
| 343|0x000000072ae00000, 0x000000072b000000, 0x000000072b000000|100%| O|  |TAMS 0x000000072ae00000| PB 0x000000072ae00000| Untracked 
| 344|0x000000072b000000, 0x000000072b200000, 0x000000072b200000|100%| O|  |TAMS 0x000000072b000000| PB 0x000000072b000000| Untracked 
| 345|0x000000072b200000, 0x000000072b200000, 0x000000072b400000|  0%| F|  |TAMS 0x000000072b200000| PB 0x000000072b200000| Untracked 
| 346|0x000000072b400000, 0x000000072b400000, 0x000000072b600000|  0%| F|  |TAMS 0x000000072b400000| PB 0x000000072b400000| Untracked 
| 347|0x000000072b600000, 0x000000072b800000, 0x000000072b800000|100%| O|  |TAMS 0x000000072b600000| PB 0x000000072b600000| Untracked 
| 348|0x000000072b800000, 0x000000072ba00000, 0x000000072ba00000|100%| O|  |TAMS 0x000000072b800000| PB 0x000000072b800000| Untracked 
| 349|0x000000072ba00000, 0x000000072bc00000, 0x000000072bc00000|100%| O|  |TAMS 0x000000072ba00000| PB 0x000000072ba00000| Untracked 
| 350|0x000000072bc00000, 0x000000072be00000, 0x000000072be00000|100%| O|  |TAMS 0x000000072bc00000| PB 0x000000072bc00000| Untracked 
| 351|0x000000072be00000, 0x000000072c000000, 0x000000072c000000|100%| O|  |TAMS 0x000000072be00000| PB 0x000000072be00000| Untracked 
| 352|0x000000072c000000, 0x000000072c200000, 0x000000072c200000|100%| O|  |TAMS 0x000000072c000000| PB 0x000000072c000000| Untracked 
| 353|0x000000072c200000, 0x000000072c400000, 0x000000072c400000|100%| O|Cm|TAMS 0x000000072c200000| PB 0x000000072c200000| Complete 
| 354|0x000000072c400000, 0x000000072c600000, 0x000000072c600000|100%| O|  |TAMS 0x000000072c400000| PB 0x000000072c400000| Untracked 
| 355|0x000000072c600000, 0x000000072c800000, 0x000000072c800000|100%| O|  |TAMS 0x000000072c600000| PB 0x000000072c600000| Untracked 
| 356|0x000000072c800000, 0x000000072ca00000, 0x000000072ca00000|100%| O|  |TAMS 0x000000072c800000| PB 0x000000072c800000| Untracked 
| 357|0x000000072ca00000, 0x000000072cc00000, 0x000000072cc00000|100%| O|  |TAMS 0x000000072ca00000| PB 0x000000072ca00000| Untracked 
| 358|0x000000072cc00000, 0x000000072ce00000, 0x000000072ce00000|100%| O|  |TAMS 0x000000072cc00000| PB 0x000000072cc00000| Untracked 
| 359|0x000000072ce00000, 0x000000072d000000, 0x000000072d000000|100%| O|  |TAMS 0x000000072ce00000| PB 0x000000072ce00000| Untracked 
| 360|0x000000072d000000, 0x000000072d200000, 0x000000072d200000|100%| O|  |TAMS 0x000000072d000000| PB 0x000000072d000000| Untracked 
| 361|0x000000072d200000, 0x000000072d400000, 0x000000072d400000|100%| O|  |TAMS 0x000000072d200000| PB 0x000000072d200000| Untracked 
| 362|0x000000072d400000, 0x000000072d600000, 0x000000072d600000|100%| O|  |TAMS 0x000000072d400000| PB 0x000000072d400000| Untracked 
| 363|0x000000072d600000, 0x000000072d800000, 0x000000072d800000|100%| O|  |TAMS 0x000000072d600000| PB 0x000000072d600000| Untracked 
| 364|0x000000072d800000, 0x000000072da00000, 0x000000072da00000|100%| O|  |TAMS 0x000000072d800000| PB 0x000000072d800000| Untracked 
| 365|0x000000072da00000, 0x000000072dc00000, 0x000000072dc00000|100%| O|  |TAMS 0x000000072da00000| PB 0x000000072da00000| Untracked 
| 366|0x000000072dc00000, 0x000000072de00000, 0x000000072de00000|100%| O|  |TAMS 0x000000072dc00000| PB 0x000000072dc00000| Untracked 
| 367|0x000000072de00000, 0x000000072e000000, 0x000000072e000000|100%| O|  |TAMS 0x000000072de00000| PB 0x000000072de00000| Untracked 
| 368|0x000000072e000000, 0x000000072e200000, 0x000000072e200000|100%| O|  |TAMS 0x000000072e000000| PB 0x000000072e000000| Untracked 
| 369|0x000000072e200000, 0x000000072e400000, 0x000000072e400000|100%| O|Cm|TAMS 0x000000072e200000| PB 0x000000072e200000| Complete 
| 370|0x000000072e400000, 0x000000072e600000, 0x000000072e600000|100%| O|  |TAMS 0x000000072e400000| PB 0x000000072e400000| Untracked 
| 371|0x000000072e600000, 0x000000072e800000, 0x000000072e800000|100%| O|  |TAMS 0x000000072e600000| PB 0x000000072e600000| Untracked 
| 372|0x000000072e800000, 0x000000072ea00000, 0x000000072ea00000|100%| O|  |TAMS 0x000000072e800000| PB 0x000000072e800000| Untracked 
| 373|0x000000072ea00000, 0x000000072ec00000, 0x000000072ec00000|100%| O|  |TAMS 0x000000072ea00000| PB 0x000000072ea00000| Untracked 
| 374|0x000000072ec00000, 0x000000072ee00000, 0x000000072ee00000|100%| O|  |TAMS 0x000000072ec00000| PB 0x000000072ec00000| Untracked 
| 375|0x000000072ee00000, 0x000000072f000000, 0x000000072f000000|100%| O|Cm|TAMS 0x000000072ee00000| PB 0x000000072ee00000| Complete 
| 376|0x000000072f000000, 0x000000072f200000, 0x000000072f200000|100%| O|Cm|TAMS 0x000000072f000000| PB 0x000000072f000000| Complete 
| 377|0x000000072f200000, 0x000000072f400000, 0x000000072f400000|100%| O|  |TAMS 0x000000072f200000| PB 0x000000072f200000| Untracked 
| 378|0x000000072f400000, 0x000000072f600000, 0x000000072f600000|100%| O|  |TAMS 0x000000072f400000| PB 0x000000072f400000| Untracked 
| 379|0x000000072f600000, 0x000000072f800000, 0x000000072f800000|100%| O|Cm|TAMS 0x000000072f600000| PB 0x000000072f600000| Complete 
| 380|0x000000072f800000, 0x000000072fa00000, 0x000000072fa00000|100%| O|Cm|TAMS 0x000000072f800000| PB 0x000000072f800000| Complete 
| 381|0x000000072fa00000, 0x000000072fc00000, 0x000000072fc00000|100%| O|  |TAMS 0x000000072fa00000| PB 0x000000072fa00000| Untracked 
| 382|0x000000072fc00000, 0x000000072fc00000, 0x000000072fe00000|  0%| F|  |TAMS 0x000000072fc00000| PB 0x000000072fc00000| Untracked 
| 383|0x000000072fe00000, 0x000000072fe00000, 0x0000000730000000|  0%| F|  |TAMS 0x000000072fe00000| PB 0x000000072fe00000| Untracked 
| 384|0x0000000730000000, 0x0000000730200000, 0x0000000730200000|100%| O|  |TAMS 0x0000000730000000| PB 0x0000000730000000| Untracked 
| 385|0x0000000730200000, 0x0000000730400000, 0x0000000730400000|100%| O|  |TAMS 0x0000000730200000| PB 0x0000000730200000| Untracked 
| 386|0x0000000730400000, 0x0000000730600000, 0x0000000730600000|100%|HS|  |TAMS 0x0000000730400000| PB 0x0000000730400000| Complete 
| 387|0x0000000730600000, 0x0000000730800000, 0x0000000730800000|100%| O|  |TAMS 0x0000000730600000| PB 0x0000000730600000| Untracked 
| 388|0x0000000730800000, 0x0000000730a00000, 0x0000000730a00000|100%| O|  |TAMS 0x0000000730800000| PB 0x0000000730800000| Untracked 
| 389|0x0000000730a00000, 0x0000000730c00000, 0x0000000730c00000|100%| O|  |TAMS 0x0000000730a00000| PB 0x0000000730a00000| Untracked 
| 390|0x0000000730c00000, 0x0000000730e00000, 0x0000000730e00000|100%| O|  |TAMS 0x0000000730c00000| PB 0x0000000730c00000| Untracked 
| 391|0x0000000730e00000, 0x0000000731000000, 0x0000000731000000|100%| O|  |TAMS 0x0000000730e00000| PB 0x0000000730e00000| Untracked 
| 392|0x0000000731000000, 0x0000000731200000, 0x0000000731200000|100%| O|  |TAMS 0x0000000731000000| PB 0x0000000731000000| Untracked 
| 393|0x0000000731200000, 0x0000000731400000, 0x0000000731400000|100%| O|Cm|TAMS 0x0000000731200000| PB 0x0000000731200000| Complete 
| 394|0x0000000731400000, 0x0000000731600000, 0x0000000731600000|100%| O|Cm|TAMS 0x0000000731400000| PB 0x0000000731400000| Complete 
| 395|0x0000000731600000, 0x0000000731800000, 0x0000000731800000|100%| O|  |TAMS 0x0000000731600000| PB 0x0000000731600000| Untracked 
| 396|0x0000000731800000, 0x0000000731a00000, 0x0000000731a00000|100%| O|Cm|TAMS 0x0000000731800000| PB 0x0000000731800000| Complete 
| 397|0x0000000731a00000, 0x0000000731c00000, 0x0000000731c00000|100%|HS|  |TAMS 0x0000000731a00000| PB 0x0000000731a00000| Complete 
| 398|0x0000000731c00000, 0x0000000731e00000, 0x0000000731e00000|100%|HC|  |TAMS 0x0000000731c00000| PB 0x0000000731c00000| Complete 
| 399|0x0000000731e00000, 0x0000000732000000, 0x0000000732000000|100%|HC|  |TAMS 0x0000000731e00000| PB 0x0000000731e00000| Complete 
| 400|0x0000000732000000, 0x0000000732200000, 0x0000000732200000|100%| O|  |TAMS 0x0000000732000000| PB 0x0000000732000000| Untracked 
| 401|0x0000000732200000, 0x0000000732400000, 0x0000000732400000|100%| O|  |TAMS 0x0000000732200000| PB 0x0000000732200000| Untracked 
| 402|0x0000000732400000, 0x0000000732600000, 0x0000000732600000|100%| O|  |TAMS 0x0000000732400000| PB 0x0000000732400000| Untracked 
| 403|0x0000000732600000, 0x0000000732800000, 0x0000000732800000|100%| O|  |TAMS 0x0000000732600000| PB 0x0000000732600000| Untracked 
| 404|0x0000000732800000, 0x0000000732a00000, 0x0000000732a00000|100%| O|  |TAMS 0x0000000732800000| PB 0x0000000732800000| Untracked 
| 405|0x0000000732a00000, 0x0000000732c00000, 0x0000000732c00000|100%| O|  |TAMS 0x0000000732a00000| PB 0x0000000732a00000| Untracked 
| 406|0x0000000732c00000, 0x0000000732e00000, 0x0000000732e00000|100%| O|  |TAMS 0x0000000732c00000| PB 0x0000000732c00000| Untracked 
| 407|0x0000000732e00000, 0x0000000733000000, 0x0000000733000000|100%| O|  |TAMS 0x0000000732e00000| PB 0x0000000732e00000| Untracked 
| 408|0x0000000733000000, 0x0000000733200000, 0x0000000733200000|100%| O|Cm|TAMS 0x0000000733000000| PB 0x0000000733000000| Complete 
| 409|0x0000000733200000, 0x0000000733400000, 0x0000000733400000|100%| O|Cm|TAMS 0x0000000733200000| PB 0x0000000733200000| Complete 
| 410|0x0000000733400000, 0x0000000733600000, 0x0000000733600000|100%| O|  |TAMS 0x0000000733400000| PB 0x0000000733400000| Untracked 
| 411|0x0000000733600000, 0x0000000733800000, 0x0000000733800000|100%| O|  |TAMS 0x0000000733600000| PB 0x0000000733600000| Untracked 
| 412|0x0000000733800000, 0x0000000733a00000, 0x0000000733a00000|100%| O|  |TAMS 0x0000000733800000| PB 0x0000000733800000| Untracked 
| 413|0x0000000733a00000, 0x0000000733c00000, 0x0000000733c00000|100%| O|  |TAMS 0x0000000733a00000| PB 0x0000000733a00000| Untracked 
| 414|0x0000000733c00000, 0x0000000733e00000, 0x0000000733e00000|100%| O|  |TAMS 0x0000000733c00000| PB 0x0000000733c00000| Untracked 
| 415|0x0000000733e00000, 0x0000000734000000, 0x0000000734000000|100%| O|  |TAMS 0x0000000733e00000| PB 0x0000000733e00000| Untracked 
| 416|0x0000000734000000, 0x0000000734200000, 0x0000000734200000|100%| O|  |TAMS 0x0000000734000000| PB 0x0000000734000000| Untracked 
| 417|0x0000000734200000, 0x0000000734400000, 0x0000000734400000|100%| O|  |TAMS 0x0000000734200000| PB 0x0000000734200000| Untracked 
| 418|0x0000000734400000, 0x0000000734600000, 0x0000000734600000|100%| O|  |TAMS 0x0000000734400000| PB 0x0000000734400000| Untracked 
| 419|0x0000000734600000, 0x0000000734800000, 0x0000000734800000|100%| O|  |TAMS 0x0000000734600000| PB 0x0000000734600000| Untracked 
| 420|0x0000000734800000, 0x0000000734a00000, 0x0000000734a00000|100%|HS|  |TAMS 0x0000000734800000| PB 0x0000000734800000| Complete 
| 421|0x0000000734a00000, 0x0000000734c00000, 0x0000000734c00000|100%|HC|  |TAMS 0x0000000734a00000| PB 0x0000000734a00000| Complete 
| 422|0x0000000734c00000, 0x0000000734e00000, 0x0000000734e00000|100%|HC|  |TAMS 0x0000000734c00000| PB 0x0000000734c00000| Complete 
| 423|0x0000000734e00000, 0x0000000735000000, 0x0000000735000000|100%| O|Cm|TAMS 0x0000000734e00000| PB 0x0000000734e00000| Complete 
| 424|0x0000000735000000, 0x0000000735200000, 0x0000000735200000|100%| O|Cm|TAMS 0x0000000735000000| PB 0x0000000735000000| Complete 
| 425|0x0000000735200000, 0x0000000735400000, 0x0000000735400000|100%| O|Cm|TAMS 0x0000000735200000| PB 0x0000000735200000| Complete 
| 426|0x0000000735400000, 0x0000000735600000, 0x0000000735600000|100%| O|  |TAMS 0x0000000735400000| PB 0x0000000735400000| Untracked 
| 427|0x0000000735600000, 0x0000000735800000, 0x0000000735800000|100%| O|  |TAMS 0x0000000735600000| PB 0x0000000735600000| Untracked 
| 428|0x0000000735800000, 0x0000000735a00000, 0x0000000735a00000|100%| O|  |TAMS 0x0000000735800000| PB 0x0000000735800000| Untracked 
| 429|0x0000000735a00000, 0x0000000735c00000, 0x0000000735c00000|100%| O|  |TAMS 0x0000000735a00000| PB 0x0000000735a00000| Untracked 
| 430|0x0000000735c00000, 0x0000000735e00000, 0x0000000735e00000|100%| O|  |TAMS 0x0000000735c00000| PB 0x0000000735c00000| Untracked 
| 431|0x0000000735e00000, 0x0000000736000000, 0x0000000736000000|100%| O|  |TAMS 0x0000000735e00000| PB 0x0000000735e00000| Untracked 
| 432|0x0000000736000000, 0x0000000736200000, 0x0000000736200000|100%| O|  |TAMS 0x0000000736000000| PB 0x0000000736000000| Untracked 
| 433|0x0000000736200000, 0x0000000736400000, 0x0000000736400000|100%| O|  |TAMS 0x0000000736200000| PB 0x0000000736200000| Untracked 
| 434|0x0000000736400000, 0x0000000736600000, 0x0000000736600000|100%| O|  |TAMS 0x0000000736400000| PB 0x0000000736400000| Untracked 
| 435|0x0000000736600000, 0x0000000736800000, 0x0000000736800000|100%| O|Cm|TAMS 0x0000000736600000| PB 0x0000000736600000| Complete 
| 436|0x0000000736800000, 0x0000000736a00000, 0x0000000736a00000|100%| O|Cm|TAMS 0x0000000736800000| PB 0x0000000736800000| Complete 
| 437|0x0000000736a00000, 0x0000000736a00000, 0x0000000736c00000|  0%| F|  |TAMS 0x0000000736a00000| PB 0x0000000736a00000| Untracked 
| 438|0x0000000736c00000, 0x0000000736e00000, 0x0000000736e00000|100%| O|Cm|TAMS 0x0000000736c00000| PB 0x0000000736c00000| Complete 
| 439|0x0000000736e00000, 0x0000000737000000, 0x0000000737000000|100%| O|  |TAMS 0x0000000736e00000| PB 0x0000000736e00000| Untracked 
| 440|0x0000000737000000, 0x0000000737200000, 0x0000000737200000|100%| O|  |TAMS 0x0000000737000000| PB 0x0000000737000000| Untracked 
| 441|0x0000000737200000, 0x0000000737400000, 0x0000000737400000|100%| O|  |TAMS 0x0000000737200000| PB 0x0000000737200000| Untracked 
| 442|0x0000000737400000, 0x0000000737600000, 0x0000000737600000|100%| O|  |TAMS 0x0000000737400000| PB 0x0000000737400000| Untracked 
| 443|0x0000000737600000, 0x0000000737800000, 0x0000000737800000|100%| O|  |TAMS 0x0000000737600000| PB 0x0000000737600000| Untracked 
| 444|0x0000000737800000, 0x0000000737a00000, 0x0000000737a00000|100%| O|  |TAMS 0x0000000737800000| PB 0x0000000737800000| Untracked 
| 445|0x0000000737a00000, 0x0000000737c00000, 0x0000000737c00000|100%| O|  |TAMS 0x0000000737a00000| PB 0x0000000737a00000| Untracked 
| 446|0x0000000737c00000, 0x0000000737e00000, 0x0000000737e00000|100%| O|Cm|TAMS 0x0000000737c00000| PB 0x0000000737c00000| Complete 
| 447|0x0000000737e00000, 0x0000000738000000, 0x0000000738000000|100%| O|  |TAMS 0x0000000737e00000| PB 0x0000000737e00000| Untracked 
| 448|0x0000000738000000, 0x0000000738200000, 0x0000000738200000|100%| O|Cm|TAMS 0x0000000738000000| PB 0x0000000738000000| Complete 
| 449|0x0000000738200000, 0x0000000738400000, 0x0000000738400000|100%| O|Cm|TAMS 0x0000000738200000| PB 0x0000000738200000| Complete 
| 450|0x0000000738400000, 0x0000000738400000, 0x0000000738600000|  0%| F|  |TAMS 0x0000000738400000| PB 0x0000000738400000| Untracked 
| 451|0x0000000738600000, 0x0000000738600000, 0x0000000738800000|  0%| F|  |TAMS 0x0000000738600000| PB 0x0000000738600000| Untracked 
| 452|0x0000000738800000, 0x0000000738a00000, 0x0000000738a00000|100%| O|  |TAMS 0x0000000738800000| PB 0x0000000738800000| Untracked 
| 453|0x0000000738a00000, 0x0000000738a00000, 0x0000000738c00000|  0%| F|  |TAMS 0x0000000738a00000| PB 0x0000000738a00000| Untracked 
| 454|0x0000000738c00000, 0x0000000738e00000, 0x0000000738e00000|100%| O|Cm|TAMS 0x0000000738c00000| PB 0x0000000738c00000| Complete 
| 455|0x0000000738e00000, 0x0000000739000000, 0x0000000739000000|100%| O|Cm|TAMS 0x0000000738e00000| PB 0x0000000738e00000| Complete 
| 456|0x0000000739000000, 0x0000000739000000, 0x0000000739200000|  0%| F|  |TAMS 0x0000000739000000| PB 0x0000000739000000| Untracked 
| 457|0x0000000739200000, 0x0000000739400000, 0x0000000739400000|100%| O|Cm|TAMS 0x0000000739200000| PB 0x0000000739200000| Complete 
| 458|0x0000000739400000, 0x0000000739600000, 0x0000000739600000|100%| O|Cm|TAMS 0x0000000739400000| PB 0x0000000739400000| Complete 
| 459|0x0000000739600000, 0x0000000739800000, 0x0000000739800000|100%| O|Cm|TAMS 0x0000000739600000| PB 0x0000000739600000| Complete 
| 460|0x0000000739800000, 0x0000000739800000, 0x0000000739a00000|  0%| F|  |TAMS 0x0000000739800000| PB 0x0000000739800000| Untracked 
| 461|0x0000000739a00000, 0x0000000739c00000, 0x0000000739c00000|100%| O|Cm|TAMS 0x0000000739a00000| PB 0x0000000739a00000| Complete 
| 462|0x0000000739c00000, 0x0000000739e00000, 0x0000000739e00000|100%| O|Cm|TAMS 0x0000000739c00000| PB 0x0000000739c00000| Complete 
| 463|0x0000000739e00000, 0x0000000739e00000, 0x000000073a000000|  0%| F|  |TAMS 0x0000000739e00000| PB 0x0000000739e00000| Untracked 
| 464|0x000000073a000000, 0x000000073a000000, 0x000000073a200000|  0%| F|  |TAMS 0x000000073a000000| PB 0x000000073a000000| Untracked 
| 465|0x000000073a200000, 0x000000073a400000, 0x000000073a400000|100%| O|Cm|TAMS 0x000000073a200000| PB 0x000000073a200000| Complete 
| 466|0x000000073a400000, 0x000000073a600000, 0x000000073a600000|100%| O|Cm|TAMS 0x000000073a400000| PB 0x000000073a400000| Complete 
| 467|0x000000073a600000, 0x000000073a800000, 0x000000073a800000|100%| O|Cm|TAMS 0x000000073a600000| PB 0x000000073a600000| Complete 
| 468|0x000000073a800000, 0x000000073aa00000, 0x000000073aa00000|100%| O|  |TAMS 0x000000073a800000| PB 0x000000073a800000| Untracked 
| 469|0x000000073aa00000, 0x000000073ac00000, 0x000000073ac00000|100%| O|Cm|TAMS 0x000000073aa00000| PB 0x000000073aa00000| Complete 
| 470|0x000000073ac00000, 0x000000073ac00000, 0x000000073ae00000|  0%| F|  |TAMS 0x000000073ac00000| PB 0x000000073ac00000| Untracked 
| 471|0x000000073ae00000, 0x000000073ae00000, 0x000000073b000000|  0%| F|  |TAMS 0x000000073ae00000| PB 0x000000073ae00000| Untracked 
| 472|0x000000073b000000, 0x000000073b000000, 0x000000073b200000|  0%| F|  |TAMS 0x000000073b000000| PB 0x000000073b000000| Untracked 
| 473|0x000000073b200000, 0x000000073b400000, 0x000000073b400000|100%| O|  |TAMS 0x000000073b200000| PB 0x000000073b200000| Untracked 
| 474|0x000000073b400000, 0x000000073b600000, 0x000000073b600000|100%| O|  |TAMS 0x000000073b400000| PB 0x000000073b400000| Untracked 
| 475|0x000000073b600000, 0x000000073b800000, 0x000000073b800000|100%| O|  |TAMS 0x000000073b600000| PB 0x000000073b600000| Untracked 
| 476|0x000000073b800000, 0x000000073ba00000, 0x000000073ba00000|100%| O|Cm|TAMS 0x000000073b800000| PB 0x000000073b800000| Complete 
| 477|0x000000073ba00000, 0x000000073ba00000, 0x000000073bc00000|  0%| F|  |TAMS 0x000000073ba00000| PB 0x000000073ba00000| Untracked 
| 478|0x000000073bc00000, 0x000000073bc00000, 0x000000073be00000|  0%| F|  |TAMS 0x000000073bc00000| PB 0x000000073bc00000| Untracked 
| 479|0x000000073be00000, 0x000000073be00000, 0x000000073c000000|  0%| F|  |TAMS 0x000000073be00000| PB 0x000000073be00000| Untracked 
| 480|0x000000073c000000, 0x000000073c000000, 0x000000073c200000|  0%| F|  |TAMS 0x000000073c000000| PB 0x000000073c000000| Untracked 
| 481|0x000000073c200000, 0x000000073c200000, 0x000000073c400000|  0%| F|  |TAMS 0x000000073c200000| PB 0x000000073c200000| Untracked 
| 482|0x000000073c400000, 0x000000073c400000, 0x000000073c600000|  0%| F|  |TAMS 0x000000073c400000| PB 0x000000073c400000| Untracked 
| 483|0x000000073c600000, 0x000000073c800000, 0x000000073c800000|100%| O|Cm|TAMS 0x000000073c600000| PB 0x000000073c600000| Complete 
| 484|0x000000073c800000, 0x000000073c800000, 0x000000073ca00000|  0%| F|  |TAMS 0x000000073c800000| PB 0x000000073c800000| Untracked 
| 485|0x000000073ca00000, 0x000000073cc00000, 0x000000073cc00000|100%| O|Cm|TAMS 0x000000073ca00000| PB 0x000000073ca00000| Complete 
| 486|0x000000073cc00000, 0x000000073ce00000, 0x000000073ce00000|100%| O|Cm|TAMS 0x000000073cc00000| PB 0x000000073cc00000| Complete 
| 487|0x000000073ce00000, 0x000000073d000000, 0x000000073d000000|100%| O|Cm|TAMS 0x000000073ce00000| PB 0x000000073ce00000| Complete 
| 488|0x000000073d000000, 0x000000073d200000, 0x000000073d200000|100%| O|Cm|TAMS 0x000000073d000000| PB 0x000000073d000000| Complete 
| 489|0x000000073d200000, 0x000000073d400000, 0x000000073d400000|100%| O|Cm|TAMS 0x000000073d200000| PB 0x000000073d200000| Complete 
| 490|0x000000073d400000, 0x000000073d600000, 0x000000073d600000|100%| O|Cm|TAMS 0x000000073d400000| PB 0x000000073d400000| Complete 
| 491|0x000000073d600000, 0x000000073d800000, 0x000000073d800000|100%| O|  |TAMS 0x000000073d600000| PB 0x000000073d600000| Untracked 
| 492|0x000000073d800000, 0x000000073d800000, 0x000000073da00000|  0%| F|  |TAMS 0x000000073d800000| PB 0x000000073d800000| Untracked 
| 493|0x000000073da00000, 0x000000073dc00000, 0x000000073dc00000|100%| O|  |TAMS 0x000000073da00000| PB 0x000000073da00000| Untracked 
| 494|0x000000073dc00000, 0x000000073dd20fc0, 0x000000073de00000| 56%| O|  |TAMS 0x000000073dc00000| PB 0x000000073dc00000| Untracked 
| 495|0x000000073de00000, 0x000000073de00000, 0x000000073e000000|  0%| F|  |TAMS 0x000000073de00000| PB 0x000000073de00000| Untracked 
| 496|0x000000073e000000, 0x000000073e000000, 0x000000073e200000|  0%| F|  |TAMS 0x000000073e000000| PB 0x000000073e000000| Untracked 
| 497|0x000000073e200000, 0x000000073e400000, 0x000000073e400000|100%| O|Cm|TAMS 0x000000073e200000| PB 0x000000073e200000| Complete 
| 498|0x000000073e400000, 0x000000073e400000, 0x000000073e600000|  0%| F|  |TAMS 0x000000073e400000| PB 0x000000073e400000| Untracked 
| 499|0x000000073e600000, 0x000000073e800000, 0x000000073e800000|100%| O|Cm|TAMS 0x000000073e600000| PB 0x000000073e600000| Complete 
| 500|0x000000073e800000, 0x000000073e800000, 0x000000073ea00000|  0%| F|  |TAMS 0x000000073e800000| PB 0x000000073e800000| Untracked 
| 501|0x000000073ea00000, 0x000000073ea00000, 0x000000073ec00000|  0%| F|  |TAMS 0x000000073ea00000| PB 0x000000073ea00000| Untracked 
| 502|0x000000073ec00000, 0x000000073ec00000, 0x000000073ee00000|  0%| F|  |TAMS 0x000000073ec00000| PB 0x000000073ec00000| Untracked 
| 503|0x000000073ee00000, 0x000000073ee00000, 0x000000073f000000|  0%| F|  |TAMS 0x000000073ee00000| PB 0x000000073ee00000| Untracked 
| 504|0x000000073f000000, 0x000000073f000000, 0x000000073f200000|  0%| F|  |TAMS 0x000000073f000000| PB 0x000000073f000000| Untracked 
| 505|0x000000073f200000, 0x000000073f200000, 0x000000073f400000|  0%| F|  |TAMS 0x000000073f200000| PB 0x000000073f200000| Untracked 
| 506|0x000000073f400000, 0x000000073f400000, 0x000000073f600000|  0%| F|  |TAMS 0x000000073f400000| PB 0x000000073f400000| Untracked 
| 507|0x000000073f600000, 0x000000073f600000, 0x000000073f800000|  0%| F|  |TAMS 0x000000073f600000| PB 0x000000073f600000| Untracked 
| 508|0x000000073f800000, 0x000000073f800000, 0x000000073fa00000|  0%| F|  |TAMS 0x000000073f800000| PB 0x000000073f800000| Untracked 
| 509|0x000000073fa00000, 0x000000073fc00000, 0x000000073fc00000|100%| O|Cm|TAMS 0x000000073fa00000| PB 0x000000073fa00000| Complete 
| 510|0x000000073fc00000, 0x000000073fe00000, 0x000000073fe00000|100%| O|Cm|TAMS 0x000000073fc00000| PB 0x000000073fc00000| Complete 
| 511|0x000000073fe00000, 0x0000000740000000, 0x0000000740000000|100%| O|Cm|TAMS 0x000000073fe00000| PB 0x000000073fe00000| Complete 
| 512|0x0000000740000000, 0x0000000740000000, 0x0000000740200000|  0%| F|  |TAMS 0x0000000740000000| PB 0x0000000740000000| Untracked 
| 513|0x0000000740200000, 0x0000000740200000, 0x0000000740400000|  0%| F|  |TAMS 0x0000000740200000| PB 0x0000000740200000| Untracked 
| 514|0x0000000740400000, 0x0000000740600000, 0x0000000740600000|100%| O|Cm|TAMS 0x0000000740400000| PB 0x0000000740400000| Complete 
| 515|0x0000000740600000, 0x0000000740800000, 0x0000000740800000|100%| O|Cm|TAMS 0x0000000740600000| PB 0x0000000740600000| Complete 
| 516|0x0000000740800000, 0x0000000740a00000, 0x0000000740a00000|100%| O|Cm|TAMS 0x0000000740800000| PB 0x0000000740800000| Complete 
| 517|0x0000000740a00000, 0x0000000740c00000, 0x0000000740c00000|100%| O|Cm|TAMS 0x0000000740a00000| PB 0x0000000740a00000| Complete 
| 518|0x0000000740c00000, 0x0000000740e00000, 0x0000000740e00000|100%| O|Cm|TAMS 0x0000000740c00000| PB 0x0000000740c00000| Complete 
| 519|0x0000000740e00000, 0x0000000741000000, 0x0000000741000000|100%| O|Cm|TAMS 0x0000000740e00000| PB 0x0000000740e00000| Complete 
| 520|0x0000000741000000, 0x0000000741200000, 0x0000000741200000|100%| O|Cm|TAMS 0x0000000741000000| PB 0x0000000741000000| Complete 
| 521|0x0000000741200000, 0x0000000741400000, 0x0000000741400000|100%| O|Cm|TAMS 0x0000000741200000| PB 0x0000000741200000| Complete 
| 522|0x0000000741400000, 0x0000000741600000, 0x0000000741600000|100%| O|Cm|TAMS 0x0000000741400000| PB 0x0000000741400000| Complete 
| 523|0x0000000741600000, 0x0000000741800000, 0x0000000741800000|100%| O|Cm|TAMS 0x0000000741600000| PB 0x0000000741600000| Complete 
| 524|0x0000000741800000, 0x0000000741a00000, 0x0000000741a00000|100%| O|Cm|TAMS 0x0000000741800000| PB 0x0000000741800000| Complete 
| 525|0x0000000741a00000, 0x0000000741c00000, 0x0000000741c00000|100%| O|Cm|TAMS 0x0000000741a00000| PB 0x0000000741a00000| Complete 
| 526|0x0000000741c00000, 0x0000000741e00000, 0x0000000741e00000|100%| O|Cm|TAMS 0x0000000741c00000| PB 0x0000000741c00000| Complete 
| 527|0x0000000741e00000, 0x0000000742000000, 0x0000000742000000|100%| O|Cm|TAMS 0x0000000741e00000| PB 0x0000000741e00000| Complete 
| 528|0x0000000742000000, 0x0000000742200000, 0x0000000742200000|100%| O|  |TAMS 0x0000000742000000| PB 0x0000000742000000| Untracked 
| 529|0x0000000742200000, 0x0000000742400000, 0x0000000742400000|100%| O|  |TAMS 0x0000000742200000| PB 0x0000000742200000| Untracked 
| 530|0x0000000742400000, 0x0000000742600000, 0x0000000742600000|100%| O|  |TAMS 0x0000000742400000| PB 0x0000000742400000| Untracked 
| 531|0x0000000742600000, 0x0000000742800000, 0x0000000742800000|100%| O|  |TAMS 0x0000000742600000| PB 0x0000000742600000| Untracked 
| 532|0x0000000742800000, 0x0000000742a00000, 0x0000000742a00000|100%| O|  |TAMS 0x0000000742800000| PB 0x0000000742800000| Untracked 
| 533|0x0000000742a00000, 0x0000000742c00000, 0x0000000742c00000|100%| O|  |TAMS 0x0000000742a00000| PB 0x0000000742a00000| Untracked 
| 534|0x0000000742c00000, 0x0000000742e00000, 0x0000000742e00000|100%| O|  |TAMS 0x0000000742c00000| PB 0x0000000742c00000| Untracked 
| 535|0x0000000742e00000, 0x0000000743000000, 0x0000000743000000|100%| O|  |TAMS 0x0000000742e00000| PB 0x0000000742e00000| Untracked 
| 536|0x0000000743000000, 0x0000000743200000, 0x0000000743200000|100%| O|  |TAMS 0x0000000743000000| PB 0x0000000743000000| Untracked 
| 537|0x0000000743200000, 0x0000000743400000, 0x0000000743400000|100%| O|  |TAMS 0x0000000743200000| PB 0x0000000743200000| Untracked 
| 538|0x0000000743400000, 0x0000000743600000, 0x0000000743600000|100%| O|  |TAMS 0x0000000743400000| PB 0x0000000743400000| Untracked 
| 539|0x0000000743600000, 0x0000000743800000, 0x0000000743800000|100%| O|  |TAMS 0x0000000743600000| PB 0x0000000743600000| Untracked 
| 540|0x0000000743800000, 0x0000000743a00000, 0x0000000743a00000|100%| O|  |TAMS 0x0000000743800000| PB 0x0000000743800000| Untracked 
| 541|0x0000000743a00000, 0x0000000743c00000, 0x0000000743c00000|100%| O|Cm|TAMS 0x0000000743a00000| PB 0x0000000743a00000| Complete 
| 542|0x0000000743c00000, 0x0000000743e00000, 0x0000000743e00000|100%| O|  |TAMS 0x0000000743c00000| PB 0x0000000743c00000| Untracked 
| 543|0x0000000743e00000, 0x0000000744000000, 0x0000000744000000|100%| O|Cm|TAMS 0x0000000743e00000| PB 0x0000000743e00000| Complete 
| 544|0x0000000744000000, 0x0000000744200000, 0x0000000744200000|100%| O|  |TAMS 0x0000000744000000| PB 0x0000000744000000| Untracked 
| 545|0x0000000744200000, 0x0000000744400000, 0x0000000744400000|100%| O|Cm|TAMS 0x0000000744200000| PB 0x0000000744200000| Complete 
| 546|0x0000000744400000, 0x0000000744600000, 0x0000000744600000|100%| O|  |TAMS 0x0000000744400000| PB 0x0000000744400000| Untracked 
| 547|0x0000000744600000, 0x0000000744800000, 0x0000000744800000|100%| O|  |TAMS 0x0000000744600000| PB 0x0000000744600000| Untracked 
| 548|0x0000000744800000, 0x0000000744a00000, 0x0000000744a00000|100%| O|Cm|TAMS 0x0000000744800000| PB 0x0000000744800000| Complete 
| 549|0x0000000744a00000, 0x0000000744c00000, 0x0000000744c00000|100%| O|Cm|TAMS 0x0000000744a00000| PB 0x0000000744a00000| Complete 
| 550|0x0000000744c00000, 0x0000000744e00000, 0x0000000744e00000|100%| O|Cm|TAMS 0x0000000744c00000| PB 0x0000000744c00000| Complete 
| 551|0x0000000744e00000, 0x0000000745000000, 0x0000000745000000|100%| O|  |TAMS 0x0000000744e00000| PB 0x0000000744e00000| Untracked 
| 552|0x0000000745000000, 0x0000000745200000, 0x0000000745200000|100%| O|  |TAMS 0x0000000745000000| PB 0x0000000745000000| Untracked 
| 553|0x0000000745200000, 0x0000000745400000, 0x0000000745400000|100%| O|Cm|TAMS 0x0000000745200000| PB 0x0000000745200000| Complete 
| 554|0x0000000745400000, 0x0000000745600000, 0x0000000745600000|100%| O|Cm|TAMS 0x0000000745400000| PB 0x0000000745400000| Complete 
| 555|0x0000000745600000, 0x0000000745800000, 0x0000000745800000|100%| O|  |TAMS 0x0000000745600000| PB 0x0000000745600000| Untracked 
| 556|0x0000000745800000, 0x0000000745a00000, 0x0000000745a00000|100%| O|Cm|TAMS 0x0000000745800000| PB 0x0000000745800000| Complete 
| 557|0x0000000745a00000, 0x0000000745c00000, 0x0000000745c00000|100%| O|  |TAMS 0x0000000745a00000| PB 0x0000000745a00000| Untracked 
| 558|0x0000000745c00000, 0x0000000745e00000, 0x0000000745e00000|100%| O|Cm|TAMS 0x0000000745c00000| PB 0x0000000745c00000| Complete 
| 559|0x0000000745e00000, 0x0000000746000000, 0x0000000746000000|100%| O|Cm|TAMS 0x0000000745e00000| PB 0x0000000745e00000| Complete 
| 560|0x0000000746000000, 0x0000000746200000, 0x0000000746200000|100%| O|Cm|TAMS 0x0000000746000000| PB 0x0000000746000000| Complete 
| 561|0x0000000746200000, 0x0000000746400000, 0x0000000746400000|100%| O|  |TAMS 0x0000000746200000| PB 0x0000000746200000| Untracked 
| 562|0x0000000746400000, 0x0000000746600000, 0x0000000746600000|100%| O|Cm|TAMS 0x0000000746400000| PB 0x0000000746400000| Complete 
| 563|0x0000000746600000, 0x0000000746800000, 0x0000000746800000|100%| O|  |TAMS 0x0000000746600000| PB 0x0000000746600000| Untracked 
| 564|0x0000000746800000, 0x0000000746a00000, 0x0000000746a00000|100%| O|  |TAMS 0x0000000746800000| PB 0x0000000746800000| Untracked 
| 565|0x0000000746a00000, 0x0000000746c00000, 0x0000000746c00000|100%| O|Cm|TAMS 0x0000000746a00000| PB 0x0000000746a00000| Complete 
| 566|0x0000000746c00000, 0x0000000746e00000, 0x0000000746e00000|100%| O|Cm|TAMS 0x0000000746c00000| PB 0x0000000746c00000| Complete 
| 567|0x0000000746e00000, 0x0000000747000000, 0x0000000747000000|100%| O|Cm|TAMS 0x0000000746e00000| PB 0x0000000746e00000| Complete 
| 568|0x0000000747000000, 0x0000000747200000, 0x0000000747200000|100%| O|Cm|TAMS 0x0000000747000000| PB 0x0000000747000000| Complete 
| 569|0x0000000747200000, 0x0000000747400000, 0x0000000747400000|100%| O|Cm|TAMS 0x0000000747200000| PB 0x0000000747200000| Complete 
| 570|0x0000000747400000, 0x0000000747600000, 0x0000000747600000|100%| O|Cm|TAMS 0x0000000747400000| PB 0x0000000747400000| Complete 
| 571|0x0000000747600000, 0x0000000747800000, 0x0000000747800000|100%| O|Cm|TAMS 0x0000000747600000| PB 0x0000000747600000| Complete 
| 572|0x0000000747800000, 0x0000000747a00000, 0x0000000747a00000|100%| O|Cm|TAMS 0x0000000747800000| PB 0x0000000747800000| Complete 
| 573|0x0000000747a00000, 0x0000000747c00000, 0x0000000747c00000|100%| O|Cm|TAMS 0x0000000747a00000| PB 0x0000000747a00000| Complete 
| 574|0x0000000747c00000, 0x0000000747e00000, 0x0000000747e00000|100%| O|Cm|TAMS 0x0000000747c00000| PB 0x0000000747c00000| Complete 
| 575|0x0000000747e00000, 0x0000000748000000, 0x0000000748000000|100%| O|Cm|TAMS 0x0000000747e00000| PB 0x0000000747e00000| Complete 
| 576|0x0000000748000000, 0x0000000748200000, 0x0000000748200000|100%| O|Cm|TAMS 0x0000000748000000| PB 0x0000000748000000| Complete 
| 577|0x0000000748200000, 0x0000000748400000, 0x0000000748400000|100%| O|Cm|TAMS 0x0000000748200000| PB 0x0000000748200000| Complete 
| 578|0x0000000748400000, 0x0000000748600000, 0x0000000748600000|100%| O|  |TAMS 0x0000000748400000| PB 0x0000000748400000| Untracked 
| 579|0x0000000748600000, 0x0000000748800000, 0x0000000748800000|100%| O|Cm|TAMS 0x0000000748600000| PB 0x0000000748600000| Complete 
| 580|0x0000000748800000, 0x0000000748a00000, 0x0000000748a00000|100%| O|Cm|TAMS 0x0000000748800000| PB 0x0000000748800000| Complete 
| 581|0x0000000748a00000, 0x0000000748c00000, 0x0000000748c00000|100%| O|Cm|TAMS 0x0000000748a00000| PB 0x0000000748a00000| Complete 
| 582|0x0000000748c00000, 0x0000000748e00000, 0x0000000748e00000|100%| O|Cm|TAMS 0x0000000748c00000| PB 0x0000000748c00000| Complete 
| 583|0x0000000748e00000, 0x0000000749000000, 0x0000000749000000|100%| O|Cm|TAMS 0x0000000748e00000| PB 0x0000000748e00000| Complete 
| 584|0x0000000749000000, 0x0000000749200000, 0x0000000749200000|100%| O|  |TAMS 0x0000000749000000| PB 0x0000000749000000| Untracked 
| 585|0x0000000749200000, 0x0000000749400000, 0x0000000749400000|100%| O|Cm|TAMS 0x0000000749200000| PB 0x0000000749200000| Complete 
| 586|0x0000000749400000, 0x0000000749600000, 0x0000000749600000|100%| O|Cm|TAMS 0x0000000749400000| PB 0x0000000749400000| Complete 
| 587|0x0000000749600000, 0x0000000749800000, 0x0000000749800000|100%| O|Cm|TAMS 0x0000000749600000| PB 0x0000000749600000| Complete 
| 588|0x0000000749800000, 0x0000000749a00000, 0x0000000749a00000|100%| O|Cm|TAMS 0x0000000749800000| PB 0x0000000749800000| Complete 
| 589|0x0000000749a00000, 0x0000000749c00000, 0x0000000749c00000|100%| O|  |TAMS 0x0000000749a00000| PB 0x0000000749a00000| Untracked 
| 590|0x0000000749c00000, 0x0000000749e00000, 0x0000000749e00000|100%| O|Cm|TAMS 0x0000000749c00000| PB 0x0000000749c00000| Complete 
| 591|0x0000000749e00000, 0x000000074a000000, 0x000000074a000000|100%| O|Cm|TAMS 0x0000000749e00000| PB 0x0000000749e00000| Complete 
| 592|0x000000074a000000, 0x000000074a200000, 0x000000074a200000|100%| O|  |TAMS 0x000000074a000000| PB 0x000000074a000000| Untracked 
| 593|0x000000074a200000, 0x000000074a400000, 0x000000074a400000|100%| O|  |TAMS 0x000000074a200000| PB 0x000000074a200000| Untracked 
| 594|0x000000074a400000, 0x000000074a600000, 0x000000074a600000|100%| O|Cm|TAMS 0x000000074a400000| PB 0x000000074a400000| Complete 
| 595|0x000000074a600000, 0x000000074a800000, 0x000000074a800000|100%| O|  |TAMS 0x000000074a600000| PB 0x000000074a600000| Untracked 
| 596|0x000000074a800000, 0x000000074aa00000, 0x000000074aa00000|100%| O|Cm|TAMS 0x000000074a800000| PB 0x000000074a800000| Complete 
| 597|0x000000074aa00000, 0x000000074ac00000, 0x000000074ac00000|100%| O|Cm|TAMS 0x000000074aa00000| PB 0x000000074aa00000| Complete 
| 598|0x000000074ac00000, 0x000000074ae00000, 0x000000074ae00000|100%| O|Cm|TAMS 0x000000074ac00000| PB 0x000000074ac00000| Complete 
| 599|0x000000074ae00000, 0x000000074ae00000, 0x000000074b000000|  0%| F|  |TAMS 0x000000074ae00000| PB 0x000000074ae00000| Untracked 
| 600|0x000000074b000000, 0x000000074b200000, 0x000000074b200000|100%| O|Cm|TAMS 0x000000074b000000| PB 0x000000074b000000| Complete 
| 601|0x000000074b200000, 0x000000074b400000, 0x000000074b400000|100%| O|Cm|TAMS 0x000000074b200000| PB 0x000000074b200000| Complete 
| 602|0x000000074b400000, 0x000000074b600000, 0x000000074b600000|100%| O|Cm|TAMS 0x000000074b400000| PB 0x000000074b400000| Complete 
| 603|0x000000074b600000, 0x000000074b800000, 0x000000074b800000|100%| O|Cm|TAMS 0x000000074b600000| PB 0x000000074b600000| Complete 
| 604|0x000000074b800000, 0x000000074ba00000, 0x000000074ba00000|100%| O|  |TAMS 0x000000074b800000| PB 0x000000074b800000| Untracked 
| 605|0x000000074ba00000, 0x000000074bc00000, 0x000000074bc00000|100%| O|Cm|TAMS 0x000000074ba00000| PB 0x000000074ba00000| Complete 
| 606|0x000000074bc00000, 0x000000074be00000, 0x000000074be00000|100%| O|Cm|TAMS 0x000000074bc00000| PB 0x000000074bc00000| Complete 
| 607|0x000000074be00000, 0x000000074c000000, 0x000000074c000000|100%| O|Cm|TAMS 0x000000074be00000| PB 0x000000074be00000| Complete 
| 608|0x000000074c000000, 0x000000074c200000, 0x000000074c200000|100%| O|Cm|TAMS 0x000000074c000000| PB 0x000000074c000000| Complete 
| 609|0x000000074c200000, 0x000000074c400000, 0x000000074c400000|100%| O|Cm|TAMS 0x000000074c200000| PB 0x000000074c200000| Complete 
| 610|0x000000074c400000, 0x000000074c600000, 0x000000074c600000|100%| O|Cm|TAMS 0x000000074c400000| PB 0x000000074c400000| Complete 
| 611|0x000000074c600000, 0x000000074c800000, 0x000000074c800000|100%| O|Cm|TAMS 0x000000074c600000| PB 0x000000074c600000| Complete 
| 612|0x000000074c800000, 0x000000074ca00000, 0x000000074ca00000|100%| O|Cm|TAMS 0x000000074c800000| PB 0x000000074c800000| Complete 
| 613|0x000000074ca00000, 0x000000074cc00000, 0x000000074cc00000|100%| O|Cm|TAMS 0x000000074ca00000| PB 0x000000074ca00000| Complete 
| 614|0x000000074cc00000, 0x000000074ce00000, 0x000000074ce00000|100%| O|Cm|TAMS 0x000000074cc00000| PB 0x000000074cc00000| Complete 
| 615|0x000000074ce00000, 0x000000074d000000, 0x000000074d000000|100%| O|Cm|TAMS 0x000000074ce00000| PB 0x000000074ce00000| Complete 
| 616|0x000000074d000000, 0x000000074d200000, 0x000000074d200000|100%| O|Cm|TAMS 0x000000074d000000| PB 0x000000074d000000| Complete 
| 617|0x000000074d200000, 0x000000074d400000, 0x000000074d400000|100%| O|Cm|TAMS 0x000000074d200000| PB 0x000000074d200000| Complete 
| 618|0x000000074d400000, 0x000000074d600000, 0x000000074d600000|100%| O|Cm|TAMS 0x000000074d400000| PB 0x000000074d400000| Complete 
| 619|0x000000074d600000, 0x000000074d800000, 0x000000074d800000|100%| O|  |TAMS 0x000000074d600000| PB 0x000000074d600000| Untracked 
| 620|0x000000074d800000, 0x000000074da00000, 0x000000074da00000|100%| O|  |TAMS 0x000000074d800000| PB 0x000000074d800000| Untracked 
| 621|0x000000074da00000, 0x000000074dc00000, 0x000000074dc00000|100%| O|  |TAMS 0x000000074da00000| PB 0x000000074da00000| Untracked 
| 622|0x000000074dc00000, 0x000000074de00000, 0x000000074de00000|100%| O|Cm|TAMS 0x000000074dc00000| PB 0x000000074dc00000| Complete 
| 623|0x000000074de00000, 0x000000074e000000, 0x000000074e000000|100%| O|  |TAMS 0x000000074de00000| PB 0x000000074de00000| Untracked 
| 624|0x000000074e000000, 0x000000074e200000, 0x000000074e200000|100%| O|  |TAMS 0x000000074e000000| PB 0x000000074e000000| Untracked 
| 625|0x000000074e200000, 0x000000074e400000, 0x000000074e400000|100%| O|Cm|TAMS 0x000000074e200000| PB 0x000000074e200000| Complete 
| 626|0x000000074e400000, 0x000000074e600000, 0x000000074e600000|100%| O|  |TAMS 0x000000074e400000| PB 0x000000074e400000| Untracked 
| 627|0x000000074e600000, 0x000000074e800000, 0x000000074e800000|100%| O|  |TAMS 0x000000074e600000| PB 0x000000074e600000| Untracked 
| 628|0x000000074e800000, 0x000000074ea00000, 0x000000074ea00000|100%| O|  |TAMS 0x000000074e800000| PB 0x000000074e800000| Untracked 
| 629|0x000000074ea00000, 0x000000074ec00000, 0x000000074ec00000|100%| O|  |TAMS 0x000000074ea00000| PB 0x000000074ea00000| Untracked 
| 630|0x000000074ec00000, 0x000000074ee00000, 0x000000074ee00000|100%| O|  |TAMS 0x000000074ec00000| PB 0x000000074ec00000| Untracked 
| 631|0x000000074ee00000, 0x000000074f000000, 0x000000074f000000|100%| O|Cm|TAMS 0x000000074ee00000| PB 0x000000074ee00000| Complete 
| 632|0x000000074f000000, 0x000000074f200000, 0x000000074f200000|100%| O|  |TAMS 0x000000074f000000| PB 0x000000074f000000| Untracked 
| 633|0x000000074f200000, 0x000000074f400000, 0x000000074f400000|100%| O|  |TAMS 0x000000074f200000| PB 0x000000074f200000| Untracked 
| 634|0x000000074f400000, 0x000000074f600000, 0x000000074f600000|100%| O|  |TAMS 0x000000074f400000| PB 0x000000074f400000| Untracked 
| 635|0x000000074f600000, 0x000000074f800000, 0x000000074f800000|100%| O|  |TAMS 0x000000074f600000| PB 0x000000074f600000| Untracked 
| 636|0x000000074f800000, 0x000000074fa00000, 0x000000074fa00000|100%| O|  |TAMS 0x000000074f800000| PB 0x000000074f800000| Untracked 
| 637|0x000000074fa00000, 0x000000074fc00000, 0x000000074fc00000|100%| O|  |TAMS 0x000000074fa00000| PB 0x000000074fa00000| Untracked 
| 638|0x000000074fc00000, 0x000000074fe00000, 0x000000074fe00000|100%| O|Cm|TAMS 0x000000074fc00000| PB 0x000000074fc00000| Complete 
| 639|0x000000074fe00000, 0x0000000750000000, 0x0000000750000000|100%| O|  |TAMS 0x000000074fe00000| PB 0x000000074fe00000| Untracked 
| 640|0x0000000750000000, 0x0000000750200000, 0x0000000750200000|100%| O|  |TAMS 0x0000000750000000| PB 0x0000000750000000| Untracked 
| 641|0x0000000750200000, 0x0000000750400000, 0x0000000750400000|100%| O|  |TAMS 0x0000000750200000| PB 0x0000000750200000| Untracked 
| 642|0x0000000750400000, 0x0000000750600000, 0x0000000750600000|100%| O|  |TAMS 0x0000000750400000| PB 0x0000000750400000| Untracked 
| 643|0x0000000750600000, 0x0000000750800000, 0x0000000750800000|100%| O|  |TAMS 0x0000000750600000| PB 0x0000000750600000| Untracked 
| 644|0x0000000750800000, 0x0000000750a00000, 0x0000000750a00000|100%| O|  |TAMS 0x0000000750800000| PB 0x0000000750800000| Untracked 
| 645|0x0000000750a00000, 0x0000000750c00000, 0x0000000750c00000|100%| O|Cm|TAMS 0x0000000750a00000| PB 0x0000000750a00000| Complete 
| 646|0x0000000750c00000, 0x0000000750e00000, 0x0000000750e00000|100%| O|  |TAMS 0x0000000750c00000| PB 0x0000000750c00000| Untracked 
| 647|0x0000000750e00000, 0x0000000751000000, 0x0000000751000000|100%| O|  |TAMS 0x0000000750e00000| PB 0x0000000750e00000| Untracked 
| 648|0x0000000751000000, 0x0000000751200000, 0x0000000751200000|100%| O|  |TAMS 0x0000000751000000| PB 0x0000000751000000| Untracked 
| 649|0x0000000751200000, 0x0000000751400000, 0x0000000751400000|100%| O|Cm|TAMS 0x0000000751200000| PB 0x0000000751200000| Complete 
| 650|0x0000000751400000, 0x0000000751600000, 0x0000000751600000|100%| O|Cm|TAMS 0x0000000751400000| PB 0x0000000751400000| Complete 
| 651|0x0000000751600000, 0x0000000751800000, 0x0000000751800000|100%| O|  |TAMS 0x0000000751600000| PB 0x0000000751600000| Untracked 
| 652|0x0000000751800000, 0x0000000751a00000, 0x0000000751a00000|100%| O|  |TAMS 0x0000000751800000| PB 0x0000000751800000| Untracked 
| 653|0x0000000751a00000, 0x0000000751c00000, 0x0000000751c00000|100%| O|  |TAMS 0x0000000751a00000| PB 0x0000000751a00000| Untracked 
| 654|0x0000000751c00000, 0x0000000751e00000, 0x0000000751e00000|100%| O|  |TAMS 0x0000000751c00000| PB 0x0000000751c00000| Untracked 
| 655|0x0000000751e00000, 0x0000000752000000, 0x0000000752000000|100%| O|  |TAMS 0x0000000751e00000| PB 0x0000000751e00000| Untracked 
| 656|0x0000000752000000, 0x0000000752200000, 0x0000000752200000|100%| O|  |TAMS 0x0000000752000000| PB 0x0000000752000000| Untracked 
| 657|0x0000000752200000, 0x0000000752400000, 0x0000000752400000|100%| O|  |TAMS 0x0000000752200000| PB 0x0000000752200000| Untracked 
| 658|0x0000000752400000, 0x0000000752600000, 0x0000000752600000|100%| O|  |TAMS 0x0000000752400000| PB 0x0000000752400000| Untracked 
| 659|0x0000000752600000, 0x0000000752800000, 0x0000000752800000|100%| O|  |TAMS 0x0000000752600000| PB 0x0000000752600000| Untracked 
| 660|0x0000000752800000, 0x0000000752a00000, 0x0000000752a00000|100%| O|  |TAMS 0x0000000752800000| PB 0x0000000752800000| Untracked 
| 661|0x0000000752a00000, 0x0000000752c00000, 0x0000000752c00000|100%| O|  |TAMS 0x0000000752a00000| PB 0x0000000752a00000| Untracked 
| 662|0x0000000752c00000, 0x0000000752e00000, 0x0000000752e00000|100%| O|  |TAMS 0x0000000752c00000| PB 0x0000000752c00000| Untracked 
| 663|0x0000000752e00000, 0x0000000753000000, 0x0000000753000000|100%| O|  |TAMS 0x0000000752e00000| PB 0x0000000752e00000| Untracked 
| 664|0x0000000753000000, 0x0000000753200000, 0x0000000753200000|100%| O|  |TAMS 0x0000000753000000| PB 0x0000000753000000| Untracked 
| 665|0x0000000753200000, 0x0000000753400000, 0x0000000753400000|100%| O|Cm|TAMS 0x0000000753200000| PB 0x0000000753200000| Complete 
| 666|0x0000000753400000, 0x0000000753600000, 0x0000000753600000|100%| O|Cm|TAMS 0x0000000753400000| PB 0x0000000753400000| Complete 
| 667|0x0000000753600000, 0x0000000753800000, 0x0000000753800000|100%| O|  |TAMS 0x0000000753600000| PB 0x0000000753600000| Untracked 
| 668|0x0000000753800000, 0x0000000753a00000, 0x0000000753a00000|100%| O|  |TAMS 0x0000000753800000| PB 0x0000000753800000| Untracked 
| 669|0x0000000753a00000, 0x0000000753c00000, 0x0000000753c00000|100%| O|  |TAMS 0x0000000753a00000| PB 0x0000000753a00000| Untracked 
| 670|0x0000000753c00000, 0x0000000753e00000, 0x0000000753e00000|100%| O|  |TAMS 0x0000000753c00000| PB 0x0000000753c00000| Untracked 
| 671|0x0000000753e00000, 0x0000000754000000, 0x0000000754000000|100%| O|  |TAMS 0x0000000753e00000| PB 0x0000000753e00000| Untracked 
| 672|0x0000000754000000, 0x0000000754200000, 0x0000000754200000|100%| O|  |TAMS 0x0000000754000000| PB 0x0000000754000000| Untracked 
| 673|0x0000000754200000, 0x0000000754400000, 0x0000000754400000|100%| O|  |TAMS 0x0000000754200000| PB 0x0000000754200000| Untracked 
| 674|0x0000000754400000, 0x0000000754400000, 0x0000000754600000|  0%| F|  |TAMS 0x0000000754400000| PB 0x0000000754400000| Untracked 
| 675|0x0000000754600000, 0x0000000754600000, 0x0000000754800000|  0%| F|  |TAMS 0x0000000754600000| PB 0x0000000754600000| Untracked 
| 676|0x0000000754800000, 0x0000000754800000, 0x0000000754a00000|  0%| F|  |TAMS 0x0000000754800000| PB 0x0000000754800000| Untracked 
| 677|0x0000000754a00000, 0x0000000754c00000, 0x0000000754c00000|100%|HS|  |TAMS 0x0000000754a00000| PB 0x0000000754a00000| Complete 
| 678|0x0000000754c00000, 0x0000000754e00000, 0x0000000754e00000|100%|HC|  |TAMS 0x0000000754c00000| PB 0x0000000754c00000| Complete 
| 679|0x0000000754e00000, 0x0000000755000000, 0x0000000755000000|100%|HC|  |TAMS 0x0000000754e00000| PB 0x0000000754e00000| Complete 
| 680|0x0000000755000000, 0x0000000755200000, 0x0000000755200000|100%|HS|  |TAMS 0x0000000755000000| PB 0x0000000755000000| Complete 
| 681|0x0000000755200000, 0x0000000755200000, 0x0000000755400000|  0%| F|  |TAMS 0x0000000755200000| PB 0x0000000755200000| Untracked 
| 682|0x0000000755400000, 0x0000000755400000, 0x0000000755600000|  0%| F|  |TAMS 0x0000000755400000| PB 0x0000000755400000| Untracked 
| 683|0x0000000755600000, 0x0000000755600000, 0x0000000755800000|  0%| F|  |TAMS 0x0000000755600000| PB 0x0000000755600000| Untracked 
| 684|0x0000000755800000, 0x0000000755a00000, 0x0000000755a00000|100%|HS|  |TAMS 0x0000000755800000| PB 0x0000000755800000| Complete 
| 685|0x0000000755a00000, 0x0000000755c00000, 0x0000000755c00000|100%|HC|  |TAMS 0x0000000755a00000| PB 0x0000000755a00000| Complete 
| 686|0x0000000755c00000, 0x0000000755e00000, 0x0000000755e00000|100%|HC|  |TAMS 0x0000000755c00000| PB 0x0000000755c00000| Complete 
| 687|0x0000000755e00000, 0x0000000756000000, 0x0000000756000000|100%| O|  |TAMS 0x0000000755e00000| PB 0x0000000755e00000| Untracked 
| 688|0x0000000756000000, 0x0000000756200000, 0x0000000756200000|100%| O|  |TAMS 0x0000000756000000| PB 0x0000000756000000| Untracked 
| 689|0x0000000756200000, 0x0000000756400000, 0x0000000756400000|100%| O|  |TAMS 0x0000000756200000| PB 0x0000000756200000| Untracked 
| 690|0x0000000756400000, 0x0000000756600000, 0x0000000756600000|100%| O|  |TAMS 0x0000000756400000| PB 0x0000000756400000| Untracked 
| 691|0x0000000756600000, 0x0000000756800000, 0x0000000756800000|100%| O|  |TAMS 0x0000000756600000| PB 0x0000000756600000| Untracked 
| 692|0x0000000756800000, 0x0000000756a00000, 0x0000000756a00000|100%| O|  |TAMS 0x0000000756800000| PB 0x0000000756800000| Untracked 
| 693|0x0000000756a00000, 0x0000000756c00000, 0x0000000756c00000|100%| O|  |TAMS 0x0000000756a00000| PB 0x0000000756a00000| Untracked 
| 694|0x0000000756c00000, 0x0000000756e00000, 0x0000000756e00000|100%| O|  |TAMS 0x0000000756c00000| PB 0x0000000756c00000| Untracked 
| 695|0x0000000756e00000, 0x0000000757000000, 0x0000000757000000|100%| O|  |TAMS 0x0000000756e00000| PB 0x0000000756e00000| Untracked 
| 696|0x0000000757000000, 0x0000000757200000, 0x0000000757200000|100%| O|  |TAMS 0x0000000757000000| PB 0x0000000757000000| Untracked 
| 697|0x0000000757200000, 0x0000000757400000, 0x0000000757400000|100%| O|  |TAMS 0x0000000757200000| PB 0x0000000757200000| Untracked 
| 698|0x0000000757400000, 0x0000000757600000, 0x0000000757600000|100%| O|  |TAMS 0x0000000757400000| PB 0x0000000757400000| Untracked 
| 699|0x0000000757600000, 0x0000000757800000, 0x0000000757800000|100%| O|  |TAMS 0x0000000757600000| PB 0x0000000757600000| Untracked 
| 700|0x0000000757800000, 0x0000000757a00000, 0x0000000757a00000|100%| O|  |TAMS 0x0000000757800000| PB 0x0000000757800000| Untracked 
| 701|0x0000000757a00000, 0x0000000757c00000, 0x0000000757c00000|100%| O|  |TAMS 0x0000000757a00000| PB 0x0000000757a00000| Untracked 
| 702|0x0000000757c00000, 0x0000000757e00000, 0x0000000757e00000|100%| O|  |TAMS 0x0000000757c00000| PB 0x0000000757c00000| Untracked 
| 703|0x0000000757e00000, 0x0000000758000000, 0x0000000758000000|100%| O|  |TAMS 0x0000000757e00000| PB 0x0000000757e00000| Untracked 
| 704|0x0000000758000000, 0x0000000758200000, 0x0000000758200000|100%| O|  |TAMS 0x0000000758000000| PB 0x0000000758000000| Untracked 
| 705|0x0000000758200000, 0x0000000758400000, 0x0000000758400000|100%| O|  |TAMS 0x0000000758200000| PB 0x0000000758200000| Untracked 
| 706|0x0000000758400000, 0x0000000758600000, 0x0000000758600000|100%| O|  |TAMS 0x0000000758400000| PB 0x0000000758400000| Untracked 
| 707|0x0000000758600000, 0x0000000758800000, 0x0000000758800000|100%| O|  |TAMS 0x0000000758600000| PB 0x0000000758600000| Untracked 
| 708|0x0000000758800000, 0x0000000758a00000, 0x0000000758a00000|100%| O|  |TAMS 0x0000000758800000| PB 0x0000000758800000| Untracked 
| 709|0x0000000758a00000, 0x0000000758c00000, 0x0000000758c00000|100%| O|Cm|TAMS 0x0000000758a00000| PB 0x0000000758a00000| Complete 
| 710|0x0000000758c00000, 0x0000000758e00000, 0x0000000758e00000|100%| O|Cm|TAMS 0x0000000758c00000| PB 0x0000000758c00000| Complete 
| 711|0x0000000758e00000, 0x0000000758e00000, 0x0000000759000000|  0%| F|  |TAMS 0x0000000758e00000| PB 0x0000000758e00000| Untracked 
| 712|0x0000000759000000, 0x0000000759200000, 0x0000000759200000|100%|HS|  |TAMS 0x0000000759000000| PB 0x0000000759000000| Complete 
| 713|0x0000000759200000, 0x0000000759400000, 0x0000000759400000|100%| O|  |TAMS 0x0000000759200000| PB 0x0000000759200000| Untracked 
| 714|0x0000000759400000, 0x0000000759600000, 0x0000000759600000|100%| O|Cm|TAMS 0x0000000759400000| PB 0x0000000759400000| Complete 
| 715|0x0000000759600000, 0x0000000759600000, 0x0000000759800000|  0%| F|  |TAMS 0x0000000759600000| PB 0x0000000759600000| Untracked 
| 716|0x0000000759800000, 0x0000000759800000, 0x0000000759a00000|  0%| F|  |TAMS 0x0000000759800000| PB 0x0000000759800000| Untracked 
| 717|0x0000000759a00000, 0x0000000759a00000, 0x0000000759c00000|  0%| F|  |TAMS 0x0000000759a00000| PB 0x0000000759a00000| Untracked 
| 718|0x0000000759c00000, 0x0000000759e00000, 0x0000000759e00000|100%| O|Cm|TAMS 0x0000000759c00000| PB 0x0000000759c00000| Complete 
| 719|0x0000000759e00000, 0x000000075a000000, 0x000000075a000000|100%|HS|  |TAMS 0x0000000759e00000| PB 0x0000000759e00000| Complete 
| 720|0x000000075a000000, 0x000000075a200000, 0x000000075a200000|100%|HS|  |TAMS 0x000000075a000000| PB 0x000000075a000000| Complete 
| 721|0x000000075a200000, 0x000000075a400000, 0x000000075a400000|100%| O|Cm|TAMS 0x000000075a200000| PB 0x000000075a200000| Complete 
| 722|0x000000075a400000, 0x000000075a600000, 0x000000075a600000|100%| O|  |TAMS 0x000000075a400000| PB 0x000000075a400000| Untracked 
| 723|0x000000075a600000, 0x000000075a800000, 0x000000075a800000|100%| O|  |TAMS 0x000000075a600000| PB 0x000000075a600000| Untracked 
| 724|0x000000075a800000, 0x000000075aa00000, 0x000000075aa00000|100%| O|  |TAMS 0x000000075a800000| PB 0x000000075a800000| Untracked 
| 725|0x000000075aa00000, 0x000000075ac00000, 0x000000075ac00000|100%| O|  |TAMS 0x000000075aa00000| PB 0x000000075aa00000| Untracked 
| 726|0x000000075ac00000, 0x000000075ae00000, 0x000000075ae00000|100%| O|  |TAMS 0x000000075ac00000| PB 0x000000075ac00000| Untracked 
| 727|0x000000075ae00000, 0x000000075b000000, 0x000000075b000000|100%| O|  |TAMS 0x000000075ae00000| PB 0x000000075ae00000| Untracked 
| 728|0x000000075b000000, 0x000000075b200000, 0x000000075b200000|100%| O|  |TAMS 0x000000075b000000| PB 0x000000075b000000| Untracked 
| 729|0x000000075b200000, 0x000000075b400000, 0x000000075b400000|100%| O|  |TAMS 0x000000075b200000| PB 0x000000075b200000| Untracked 
| 730|0x000000075b400000, 0x000000075b600000, 0x000000075b600000|100%| O|  |TAMS 0x000000075b400000| PB 0x000000075b400000| Untracked 
| 731|0x000000075b600000, 0x000000075b800000, 0x000000075b800000|100%| O|  |TAMS 0x000000075b600000| PB 0x000000075b600000| Untracked 
| 732|0x000000075b800000, 0x000000075ba00000, 0x000000075ba00000|100%| O|  |TAMS 0x000000075b800000| PB 0x000000075b800000| Untracked 
| 733|0x000000075ba00000, 0x000000075bc00000, 0x000000075bc00000|100%| O|  |TAMS 0x000000075ba00000| PB 0x000000075ba00000| Untracked 
| 734|0x000000075bc00000, 0x000000075be00000, 0x000000075be00000|100%|HS|  |TAMS 0x000000075bc00000| PB 0x000000075bc00000| Complete 
| 735|0x000000075be00000, 0x000000075c000000, 0x000000075c000000|100%|HS|  |TAMS 0x000000075be00000| PB 0x000000075be00000| Complete 
| 736|0x000000075c000000, 0x000000075c200000, 0x000000075c200000|100%|HS|  |TAMS 0x000000075c000000| PB 0x000000075c000000| Complete 
| 737|0x000000075c200000, 0x000000075c400000, 0x000000075c400000|100%|HS|  |TAMS 0x000000075c200000| PB 0x000000075c200000| Complete 
| 738|0x000000075c400000, 0x000000075c600000, 0x000000075c600000|100%|HS|  |TAMS 0x000000075c400000| PB 0x000000075c400000| Complete 
| 739|0x000000075c600000, 0x000000075c800000, 0x000000075c800000|100%|HS|  |TAMS 0x000000075c600000| PB 0x000000075c600000| Complete 
| 740|0x000000075c800000, 0x000000075ca00000, 0x000000075ca00000|100%|HS|  |TAMS 0x000000075c800000| PB 0x000000075c800000| Complete 
| 741|0x000000075ca00000, 0x000000075cc00000, 0x000000075cc00000|100%|HS|  |TAMS 0x000000075ca00000| PB 0x000000075ca00000| Complete 
| 742|0x000000075cc00000, 0x000000075ce00000, 0x000000075ce00000|100%|HS|  |TAMS 0x000000075cc00000| PB 0x000000075cc00000| Complete 
| 743|0x000000075ce00000, 0x000000075d000000, 0x000000075d000000|100%|HS|  |TAMS 0x000000075ce00000| PB 0x000000075ce00000| Complete 
| 744|0x000000075d000000, 0x000000075d200000, 0x000000075d200000|100%|HS|  |TAMS 0x000000075d000000| PB 0x000000075d000000| Complete 
| 745|0x000000075d200000, 0x000000075d400000, 0x000000075d400000|100%|HS|  |TAMS 0x000000075d200000| PB 0x000000075d200000| Complete 
| 746|0x000000075d400000, 0x000000075d600000, 0x000000075d600000|100%|HC|  |TAMS 0x000000075d400000| PB 0x000000075d400000| Complete 
| 747|0x000000075d600000, 0x000000075d800000, 0x000000075d800000|100%|HS|  |TAMS 0x000000075d600000| PB 0x000000075d600000| Complete 
| 748|0x000000075d800000, 0x000000075da00000, 0x000000075da00000|100%|HS|  |TAMS 0x000000075d800000| PB 0x000000075d800000| Complete 
| 749|0x000000075da00000, 0x000000075dc00000, 0x000000075dc00000|100%|HS|  |TAMS 0x000000075da00000| PB 0x000000075da00000| Complete 
| 750|0x000000075dc00000, 0x000000075de00000, 0x000000075de00000|100%|HC|  |TAMS 0x000000075dc00000| PB 0x000000075dc00000| Complete 
| 751|0x000000075de00000, 0x000000075e000000, 0x000000075e000000|100%| O|  |TAMS 0x000000075de00000| PB 0x000000075de00000| Untracked 
| 752|0x000000075e000000, 0x000000075e200000, 0x000000075e200000|100%| O|  |TAMS 0x000000075e000000| PB 0x000000075e000000| Untracked 
| 753|0x000000075e200000, 0x000000075e400000, 0x000000075e400000|100%| O|  |TAMS 0x000000075e200000| PB 0x000000075e200000| Untracked 
| 754|0x000000075e400000, 0x000000075e600000, 0x000000075e600000|100%| O|  |TAMS 0x000000075e400000| PB 0x000000075e400000| Untracked 
| 755|0x000000075e600000, 0x000000075e800000, 0x000000075e800000|100%| O|  |TAMS 0x000000075e600000| PB 0x000000075e600000| Untracked 
| 756|0x000000075e800000, 0x000000075ea00000, 0x000000075ea00000|100%| O|  |TAMS 0x000000075e800000| PB 0x000000075e800000| Untracked 
| 757|0x000000075ea00000, 0x000000075ec00000, 0x000000075ec00000|100%| O|  |TAMS 0x000000075ea00000| PB 0x000000075ea00000| Untracked 
| 758|0x000000075ec00000, 0x000000075ee00000, 0x000000075ee00000|100%| O|  |TAMS 0x000000075ec00000| PB 0x000000075ec00000| Untracked 
| 759|0x000000075ee00000, 0x000000075f000000, 0x000000075f000000|100%| O|Cm|TAMS 0x000000075ee00000| PB 0x000000075ee00000| Complete 
| 760|0x000000075f000000, 0x000000075f200000, 0x000000075f200000|100%| O|  |TAMS 0x000000075f000000| PB 0x000000075f000000| Untracked 
| 761|0x000000075f200000, 0x000000075f400000, 0x000000075f400000|100%| O|  |TAMS 0x000000075f200000| PB 0x000000075f200000| Untracked 
| 762|0x000000075f400000, 0x000000075f600000, 0x000000075f600000|100%| O|  |TAMS 0x000000075f400000| PB 0x000000075f400000| Untracked 
| 763|0x000000075f600000, 0x000000075f800000, 0x000000075f800000|100%| O|  |TAMS 0x000000075f600000| PB 0x000000075f600000| Untracked 
| 764|0x000000075f800000, 0x000000075fa00000, 0x000000075fa00000|100%| O|  |TAMS 0x000000075f800000| PB 0x000000075f800000| Untracked 
| 765|0x000000075fa00000, 0x000000075fc00000, 0x000000075fc00000|100%| O|  |TAMS 0x000000075fa00000| PB 0x000000075fa00000| Untracked 
| 766|0x000000075fc00000, 0x000000075fe00000, 0x000000075fe00000|100%| O|  |TAMS 0x000000075fc00000| PB 0x000000075fc00000| Untracked 
| 767|0x000000075fe00000, 0x0000000760000000, 0x0000000760000000|100%| O|  |TAMS 0x000000075fe00000| PB 0x000000075fe00000| Untracked 
| 768|0x0000000760000000, 0x0000000760200000, 0x0000000760200000|100%| O|  |TAMS 0x0000000760000000| PB 0x0000000760000000| Untracked 
| 769|0x0000000760200000, 0x0000000760400000, 0x0000000760400000|100%| O|  |TAMS 0x0000000760200000| PB 0x0000000760200000| Untracked 
| 770|0x0000000760400000, 0x0000000760600000, 0x0000000760600000|100%| O|Cm|TAMS 0x0000000760400000| PB 0x0000000760400000| Complete 
| 771|0x0000000760600000, 0x0000000760800000, 0x0000000760800000|100%| O|Cm|TAMS 0x0000000760600000| PB 0x0000000760600000| Complete 
| 772|0x0000000760800000, 0x0000000760a00000, 0x0000000760a00000|100%| O|  |TAMS 0x0000000760800000| PB 0x0000000760800000| Untracked 
| 773|0x0000000760a00000, 0x0000000760c00000, 0x0000000760c00000|100%| O|  |TAMS 0x0000000760a00000| PB 0x0000000760a00000| Untracked 
| 774|0x0000000760c00000, 0x0000000760e00000, 0x0000000760e00000|100%| O|  |TAMS 0x0000000760c00000| PB 0x0000000760c00000| Untracked 
| 775|0x0000000760e00000, 0x0000000761000000, 0x0000000761000000|100%| O|Cm|TAMS 0x0000000760e00000| PB 0x0000000760e00000| Complete 
| 776|0x0000000761000000, 0x0000000761200000, 0x0000000761200000|100%| O|  |TAMS 0x0000000761000000| PB 0x0000000761000000| Untracked 
| 777|0x0000000761200000, 0x0000000761400000, 0x0000000761400000|100%| O|  |TAMS 0x0000000761200000| PB 0x0000000761200000| Untracked 
| 778|0x0000000761400000, 0x0000000761600000, 0x0000000761600000|100%| O|Cm|TAMS 0x0000000761400000| PB 0x0000000761400000| Complete 
| 779|0x0000000761600000, 0x0000000761800000, 0x0000000761800000|100%| O|Cm|TAMS 0x0000000761600000| PB 0x0000000761600000| Complete 
| 780|0x0000000761800000, 0x0000000761a00000, 0x0000000761a00000|100%|HS|  |TAMS 0x0000000761800000| PB 0x0000000761800000| Complete 
| 781|0x0000000761a00000, 0x0000000761c00000, 0x0000000761c00000|100%|HS|  |TAMS 0x0000000761a00000| PB 0x0000000761a00000| Complete 
| 782|0x0000000761c00000, 0x0000000761e00000, 0x0000000761e00000|100%|HS|  |TAMS 0x0000000761c00000| PB 0x0000000761c00000| Complete 
| 783|0x0000000761e00000, 0x0000000762000000, 0x0000000762000000|100%|HS|  |TAMS 0x0000000761e00000| PB 0x0000000761e00000| Complete 
| 784|0x0000000762000000, 0x0000000762200000, 0x0000000762200000|100%|HC|  |TAMS 0x0000000762000000| PB 0x0000000762000000| Complete 
| 785|0x0000000762200000, 0x0000000762400000, 0x0000000762400000|100%| O|Cm|TAMS 0x0000000762200000| PB 0x0000000762200000| Complete 
| 786|0x0000000762400000, 0x0000000762400000, 0x0000000762600000|  0%| F|  |TAMS 0x0000000762400000| PB 0x0000000762400000| Untracked 
| 787|0x0000000762600000, 0x0000000762600000, 0x0000000762800000|  0%| F|  |TAMS 0x0000000762600000| PB 0x0000000762600000| Untracked 
| 788|0x0000000762800000, 0x0000000762800000, 0x0000000762a00000|  0%| F|  |TAMS 0x0000000762800000| PB 0x0000000762800000| Untracked 
| 789|0x0000000762a00000, 0x0000000762a00000, 0x0000000762c00000|  0%| F|  |TAMS 0x0000000762a00000| PB 0x0000000762a00000| Untracked 
| 790|0x0000000762c00000, 0x0000000762c00000, 0x0000000762e00000|  0%| F|  |TAMS 0x0000000762c00000| PB 0x0000000762c00000| Untracked 
| 791|0x0000000762e00000, 0x0000000762e00000, 0x0000000763000000|  0%| F|  |TAMS 0x0000000762e00000| PB 0x0000000762e00000| Untracked 
| 792|0x0000000763000000, 0x0000000763200000, 0x0000000763200000|100%|HS|  |TAMS 0x0000000763000000| PB 0x0000000763000000| Complete 
| 793|0x0000000763200000, 0x0000000763400000, 0x0000000763400000|100%|HS|  |TAMS 0x0000000763200000| PB 0x0000000763200000| Complete 
| 794|0x0000000763400000, 0x0000000763600000, 0x0000000763600000|100%|HS|  |TAMS 0x0000000763400000| PB 0x0000000763400000| Complete 
| 795|0x0000000763600000, 0x0000000763800000, 0x0000000763800000|100%|HC|  |TAMS 0x0000000763600000| PB 0x0000000763600000| Complete 
| 796|0x0000000763800000, 0x0000000763a00000, 0x0000000763a00000|100%| O|  |TAMS 0x0000000763800000| PB 0x0000000763800000| Untracked 
| 797|0x0000000763a00000, 0x0000000763c00000, 0x0000000763c00000|100%| O|Cm|TAMS 0x0000000763a00000| PB 0x0000000763a00000| Complete 
| 798|0x0000000763c00000, 0x0000000763e00000, 0x0000000763e00000|100%| O|  |TAMS 0x0000000763c00000| PB 0x0000000763c00000| Untracked 
| 799|0x0000000763e00000, 0x0000000764000000, 0x0000000764000000|100%| O|  |TAMS 0x0000000763e00000| PB 0x0000000763e00000| Untracked 
| 800|0x0000000764000000, 0x0000000764200000, 0x0000000764200000|100%| O|Cm|TAMS 0x0000000764000000| PB 0x0000000764000000| Complete 
| 801|0x0000000764200000, 0x0000000764200000, 0x0000000764400000|  0%| F|  |TAMS 0x0000000764200000| PB 0x0000000764200000| Untracked 
| 802|0x0000000764400000, 0x0000000764600000, 0x0000000764600000|100%| O|  |TAMS 0x0000000764400000| PB 0x0000000764400000| Untracked 
| 803|0x0000000764600000, 0x0000000764600000, 0x0000000764800000|  0%| F|  |TAMS 0x0000000764600000| PB 0x0000000764600000| Untracked 
| 804|0x0000000764800000, 0x0000000764800000, 0x0000000764a00000|  0%| F|  |TAMS 0x0000000764800000| PB 0x0000000764800000| Untracked 
| 805|0x0000000764a00000, 0x0000000764a00000, 0x0000000764c00000|  0%| F|  |TAMS 0x0000000764a00000| PB 0x0000000764a00000| Untracked 
| 806|0x0000000764c00000, 0x0000000764e00000, 0x0000000764e00000|100%| O|  |TAMS 0x0000000764c00000| PB 0x0000000764c00000| Untracked 
| 807|0x0000000764e00000, 0x0000000765000000, 0x0000000765000000|100%| O|  |TAMS 0x0000000764e00000| PB 0x0000000764e00000| Untracked 
| 808|0x0000000765000000, 0x0000000765200000, 0x0000000765200000|100%| O|Cm|TAMS 0x0000000765000000| PB 0x0000000765000000| Complete 
| 809|0x0000000765200000, 0x0000000765200000, 0x0000000765400000|  0%| F|  |TAMS 0x0000000765200000| PB 0x0000000765200000| Untracked 
| 810|0x0000000765400000, 0x0000000765400000, 0x0000000765600000|  0%| F|  |TAMS 0x0000000765400000| PB 0x0000000765400000| Untracked 
| 811|0x0000000765600000, 0x0000000765800000, 0x0000000765800000|100%|HS|  |TAMS 0x0000000765600000| PB 0x0000000765600000| Complete 
| 812|0x0000000765800000, 0x0000000765a00000, 0x0000000765a00000|100%|HC|  |TAMS 0x0000000765800000| PB 0x0000000765800000| Complete 
| 813|0x0000000765a00000, 0x0000000765c00000, 0x0000000765c00000|100%|HC|  |TAMS 0x0000000765a00000| PB 0x0000000765a00000| Complete 
| 814|0x0000000765c00000, 0x0000000765e00000, 0x0000000765e00000|100%|HC|  |TAMS 0x0000000765c00000| PB 0x0000000765c00000| Complete 
| 815|0x0000000765e00000, 0x0000000766000000, 0x0000000766000000|100%|HC|  |TAMS 0x0000000765e00000| PB 0x0000000765e00000| Complete 
| 816|0x0000000766000000, 0x0000000766200000, 0x0000000766200000|100%|HC|  |TAMS 0x0000000766000000| PB 0x0000000766000000| Complete 
| 817|0x0000000766200000, 0x0000000766400000, 0x0000000766400000|100%| O|  |TAMS 0x0000000766200000| PB 0x0000000766200000| Untracked 
| 818|0x0000000766400000, 0x0000000766600000, 0x0000000766600000|100%| O|  |TAMS 0x0000000766400000| PB 0x0000000766400000| Untracked 
| 819|0x0000000766600000, 0x0000000766800000, 0x0000000766800000|100%| O|  |TAMS 0x0000000766600000| PB 0x0000000766600000| Untracked 
| 820|0x0000000766800000, 0x0000000766a00000, 0x0000000766a00000|100%| O|  |TAMS 0x0000000766800000| PB 0x0000000766800000| Untracked 
| 821|0x0000000766a00000, 0x0000000766a00000, 0x0000000766c00000|  0%| F|  |TAMS 0x0000000766a00000| PB 0x0000000766a00000| Untracked 
| 822|0x0000000766c00000, 0x0000000766c00000, 0x0000000766e00000|  0%| F|  |TAMS 0x0000000766c00000| PB 0x0000000766c00000| Untracked 
| 823|0x0000000766e00000, 0x0000000766e00000, 0x0000000767000000|  0%| F|  |TAMS 0x0000000766e00000| PB 0x0000000766e00000| Untracked 
| 824|0x0000000767000000, 0x0000000767000000, 0x0000000767200000|  0%| F|  |TAMS 0x0000000767000000| PB 0x0000000767000000| Untracked 
| 825|0x0000000767200000, 0x0000000767200000, 0x0000000767400000|  0%| F|  |TAMS 0x0000000767200000| PB 0x0000000767200000| Untracked 
| 826|0x0000000767400000, 0x0000000767400000, 0x0000000767600000|  0%| F|  |TAMS 0x0000000767400000| PB 0x0000000767400000| Untracked 
| 827|0x0000000767600000, 0x0000000767600000, 0x0000000767800000|  0%| F|  |TAMS 0x0000000767600000| PB 0x0000000767600000| Untracked 
| 828|0x0000000767800000, 0x0000000767800000, 0x0000000767a00000|  0%| F|  |TAMS 0x0000000767800000| PB 0x0000000767800000| Untracked 
| 829|0x0000000767a00000, 0x0000000767a00000, 0x0000000767c00000|  0%| F|  |TAMS 0x0000000767a00000| PB 0x0000000767a00000| Untracked 
| 830|0x0000000767c00000, 0x0000000767c00000, 0x0000000767e00000|  0%| F|  |TAMS 0x0000000767c00000| PB 0x0000000767c00000| Untracked 
| 831|0x0000000767e00000, 0x0000000767e00000, 0x0000000768000000|  0%| F|  |TAMS 0x0000000767e00000| PB 0x0000000767e00000| Untracked 
| 832|0x0000000768000000, 0x0000000768000000, 0x0000000768200000|  0%| F|  |TAMS 0x0000000768000000| PB 0x0000000768000000| Untracked 
| 833|0x0000000768200000, 0x0000000768200000, 0x0000000768400000|  0%| F|  |TAMS 0x0000000768200000| PB 0x0000000768200000| Untracked 
| 834|0x0000000768400000, 0x0000000768400000, 0x0000000768600000|  0%| F|  |TAMS 0x0000000768400000| PB 0x0000000768400000| Untracked 
| 835|0x0000000768600000, 0x0000000768600000, 0x0000000768800000|  0%| F|  |TAMS 0x0000000768600000| PB 0x0000000768600000| Untracked 
| 836|0x0000000768800000, 0x0000000768800000, 0x0000000768a00000|  0%| F|  |TAMS 0x0000000768800000| PB 0x0000000768800000| Untracked 
| 837|0x0000000768a00000, 0x0000000768a00000, 0x0000000768c00000|  0%| F|  |TAMS 0x0000000768a00000| PB 0x0000000768a00000| Untracked 
| 838|0x0000000768c00000, 0x0000000768c00000, 0x0000000768e00000|  0%| F|  |TAMS 0x0000000768c00000| PB 0x0000000768c00000| Untracked 
| 839|0x0000000768e00000, 0x0000000768e00000, 0x0000000769000000|  0%| F|  |TAMS 0x0000000768e00000| PB 0x0000000768e00000| Untracked 
| 840|0x0000000769000000, 0x0000000769200000, 0x0000000769200000|100%| O|  |TAMS 0x0000000769000000| PB 0x0000000769000000| Untracked 
| 841|0x0000000769200000, 0x0000000769400000, 0x0000000769400000|100%| O|Cm|TAMS 0x0000000769200000| PB 0x0000000769200000| Complete 
| 842|0x0000000769400000, 0x0000000769600000, 0x0000000769600000|100%| O|  |TAMS 0x0000000769400000| PB 0x0000000769400000| Untracked 
| 843|0x0000000769600000, 0x0000000769600000, 0x0000000769800000|  0%| F|  |TAMS 0x0000000769600000| PB 0x0000000769600000| Untracked 
| 844|0x0000000769800000, 0x0000000769a00000, 0x0000000769a00000|100%| O|Cm|TAMS 0x0000000769800000| PB 0x0000000769800000| Complete 
| 845|0x0000000769a00000, 0x0000000769a00000, 0x0000000769c00000|  0%| F|  |TAMS 0x0000000769a00000| PB 0x0000000769a00000| Untracked 
| 846|0x0000000769c00000, 0x0000000769c00000, 0x0000000769e00000|  0%| F|  |TAMS 0x0000000769c00000| PB 0x0000000769c00000| Untracked 
| 847|0x0000000769e00000, 0x0000000769e00000, 0x000000076a000000|  0%| F|  |TAMS 0x0000000769e00000| PB 0x0000000769e00000| Untracked 
| 848|0x000000076a000000, 0x000000076a000000, 0x000000076a200000|  0%| F|  |TAMS 0x000000076a000000| PB 0x000000076a000000| Untracked 
| 849|0x000000076a200000, 0x000000076a200000, 0x000000076a400000|  0%| F|  |TAMS 0x000000076a200000| PB 0x000000076a200000| Untracked 
| 850|0x000000076a400000, 0x000000076a400000, 0x000000076a600000|  0%| F|  |TAMS 0x000000076a400000| PB 0x000000076a400000| Untracked 
| 851|0x000000076a600000, 0x000000076a600000, 0x000000076a800000|  0%| F|  |TAMS 0x000000076a600000| PB 0x000000076a600000| Untracked 
| 852|0x000000076a800000, 0x000000076a800000, 0x000000076aa00000|  0%| F|  |TAMS 0x000000076a800000| PB 0x000000076a800000| Untracked 
| 853|0x000000076aa00000, 0x000000076aa00000, 0x000000076ac00000|  0%| F|  |TAMS 0x000000076aa00000| PB 0x000000076aa00000| Untracked 
| 854|0x000000076ac00000, 0x000000076ac00000, 0x000000076ae00000|  0%| F|  |TAMS 0x000000076ac00000| PB 0x000000076ac00000| Untracked 
| 855|0x000000076ae00000, 0x000000076ae00000, 0x000000076b000000|  0%| F|  |TAMS 0x000000076ae00000| PB 0x000000076ae00000| Untracked 
| 856|0x000000076b000000, 0x000000076b200000, 0x000000076b200000|100%|HS|  |TAMS 0x000000076b000000| PB 0x000000076b000000| Complete 
| 857|0x000000076b200000, 0x000000076b400000, 0x000000076b400000|100%|HC|  |TAMS 0x000000076b200000| PB 0x000000076b200000| Complete 
| 858|0x000000076b400000, 0x000000076b600000, 0x000000076b600000|100%|HC|  |TAMS 0x000000076b400000| PB 0x000000076b400000| Complete 
| 859|0x000000076b600000, 0x000000076b800000, 0x000000076b800000|100%|HC|  |TAMS 0x000000076b600000| PB 0x000000076b600000| Complete 
| 860|0x000000076b800000, 0x000000076ba00000, 0x000000076ba00000|100%|HC|  |TAMS 0x000000076b800000| PB 0x000000076b800000| Complete 
| 861|0x000000076ba00000, 0x000000076bc00000, 0x000000076bc00000|100%|HC|  |TAMS 0x000000076ba00000| PB 0x000000076ba00000| Complete 
| 862|0x000000076bc00000, 0x000000076be00000, 0x000000076be00000|100%|HC|  |TAMS 0x000000076bc00000| PB 0x000000076bc00000| Complete 
| 863|0x000000076be00000, 0x000000076c000000, 0x000000076c000000|100%|HC|  |TAMS 0x000000076be00000| PB 0x000000076be00000| Complete 
| 864|0x000000076c000000, 0x000000076c200000, 0x000000076c200000|100%|HC|  |TAMS 0x000000076c000000| PB 0x000000076c000000| Complete 
| 865|0x000000076c200000, 0x000000076c400000, 0x000000076c400000|100%|HC|  |TAMS 0x000000076c200000| PB 0x000000076c200000| Complete 
| 866|0x000000076c400000, 0x000000076c600000, 0x000000076c600000|100%|HC|  |TAMS 0x000000076c400000| PB 0x000000076c400000| Complete 
| 867|0x000000076c600000, 0x000000076c800000, 0x000000076c800000|100%|HC|  |TAMS 0x000000076c600000| PB 0x000000076c600000| Complete 
| 868|0x000000076c800000, 0x000000076ca00000, 0x000000076ca00000|100%|HC|  |TAMS 0x000000076c800000| PB 0x000000076c800000| Complete 
| 869|0x000000076ca00000, 0x000000076cc00000, 0x000000076cc00000|100%|HC|  |TAMS 0x000000076ca00000| PB 0x000000076ca00000| Complete 
| 870|0x000000076cc00000, 0x000000076ce00000, 0x000000076ce00000|100%|HC|  |TAMS 0x000000076cc00000| PB 0x000000076cc00000| Complete 
| 871|0x000000076ce00000, 0x000000076d000000, 0x000000076d000000|100%|HC|  |TAMS 0x000000076ce00000| PB 0x000000076ce00000| Complete 
| 872|0x000000076d000000, 0x000000076d200000, 0x000000076d200000|100%|HC|  |TAMS 0x000000076d000000| PB 0x000000076d000000| Complete 
| 873|0x000000076d200000, 0x000000076d400000, 0x000000076d400000|100%|HS|  |TAMS 0x000000076d200000| PB 0x000000076d200000| Complete 
| 874|0x000000076d400000, 0x000000076d600000, 0x000000076d600000|100%|HC|  |TAMS 0x000000076d400000| PB 0x000000076d400000| Complete 
| 875|0x000000076d600000, 0x000000076d800000, 0x000000076d800000|100%|HC|  |TAMS 0x000000076d600000| PB 0x000000076d600000| Complete 
| 876|0x000000076d800000, 0x000000076da00000, 0x000000076da00000|100%|HC|  |TAMS 0x000000076d800000| PB 0x000000076d800000| Complete 
| 877|0x000000076da00000, 0x000000076dc00000, 0x000000076dc00000|100%|HC|  |TAMS 0x000000076da00000| PB 0x000000076da00000| Complete 
| 878|0x000000076dc00000, 0x000000076de00000, 0x000000076de00000|100%|HC|  |TAMS 0x000000076dc00000| PB 0x000000076dc00000| Complete 
| 879|0x000000076de00000, 0x000000076e000000, 0x000000076e000000|100%|HC|  |TAMS 0x000000076de00000| PB 0x000000076de00000| Complete 
| 880|0x000000076e000000, 0x000000076e200000, 0x000000076e200000|100%|HC|  |TAMS 0x000000076e000000| PB 0x000000076e000000| Complete 
| 881|0x000000076e200000, 0x000000076e400000, 0x000000076e400000|100%|HC|  |TAMS 0x000000076e200000| PB 0x000000076e200000| Complete 
| 882|0x000000076e400000, 0x000000076e600000, 0x000000076e600000|100%|HC|  |TAMS 0x000000076e400000| PB 0x000000076e400000| Complete 
| 883|0x000000076e600000, 0x000000076e800000, 0x000000076e800000|100%|HC|  |TAMS 0x000000076e600000| PB 0x000000076e600000| Complete 
| 884|0x000000076e800000, 0x000000076ea00000, 0x000000076ea00000|100%|HC|  |TAMS 0x000000076e800000| PB 0x000000076e800000| Complete 
| 885|0x000000076ea00000, 0x000000076ec00000, 0x000000076ec00000|100%|HC|  |TAMS 0x000000076ea00000| PB 0x000000076ea00000| Complete 
| 886|0x000000076ec00000, 0x000000076ee00000, 0x000000076ee00000|100%|HC|  |TAMS 0x000000076ec00000| PB 0x000000076ec00000| Complete 
| 887|0x000000076ee00000, 0x000000076f000000, 0x000000076f000000|100%|HC|  |TAMS 0x000000076ee00000| PB 0x000000076ee00000| Complete 
| 888|0x000000076f000000, 0x000000076f200000, 0x000000076f200000|100%|HC|  |TAMS 0x000000076f000000| PB 0x000000076f000000| Complete 
| 889|0x000000076f200000, 0x000000076f400000, 0x000000076f400000|100%|HC|  |TAMS 0x000000076f200000| PB 0x000000076f200000| Complete 
| 890|0x000000076f400000, 0x000000076f600000, 0x000000076f600000|100%|HC|  |TAMS 0x000000076f400000| PB 0x000000076f400000| Complete 
| 891|0x000000076f600000, 0x000000076f800000, 0x000000076f800000|100%|HC|  |TAMS 0x000000076f600000| PB 0x000000076f600000| Complete 
| 892|0x000000076f800000, 0x000000076fa00000, 0x000000076fa00000|100%|HC|  |TAMS 0x000000076f800000| PB 0x000000076f800000| Complete 
| 893|0x000000076fa00000, 0x000000076fc00000, 0x000000076fc00000|100%|HC|  |TAMS 0x000000076fa00000| PB 0x000000076fa00000| Complete 
| 894|0x000000076fc00000, 0x000000076fe00000, 0x000000076fe00000|100%|HC|  |TAMS 0x000000076fc00000| PB 0x000000076fc00000| Complete 
| 895|0x000000076fe00000, 0x0000000770000000, 0x0000000770000000|100%|HC|  |TAMS 0x000000076fe00000| PB 0x000000076fe00000| Complete 
| 896|0x0000000770000000, 0x0000000770200000, 0x0000000770200000|100%|HC|  |TAMS 0x0000000770000000| PB 0x0000000770000000| Complete 
| 897|0x0000000770200000, 0x0000000770400000, 0x0000000770400000|100%|HC|  |TAMS 0x0000000770200000| PB 0x0000000770200000| Complete 
| 898|0x0000000770400000, 0x0000000770600000, 0x0000000770600000|100%|HC|  |TAMS 0x0000000770400000| PB 0x0000000770400000| Complete 
| 899|0x0000000770600000, 0x0000000770800000, 0x0000000770800000|100%|HC|  |TAMS 0x0000000770600000| PB 0x0000000770600000| Complete 
| 900|0x0000000770800000, 0x0000000770a00000, 0x0000000770a00000|100%|HC|  |TAMS 0x0000000770800000| PB 0x0000000770800000| Complete 
| 901|0x0000000770a00000, 0x0000000770a00000, 0x0000000770c00000|  0%| F|  |TAMS 0x0000000770a00000| PB 0x0000000770a00000| Untracked 
| 902|0x0000000770c00000, 0x0000000770c00000, 0x0000000770e00000|  0%| F|  |TAMS 0x0000000770c00000| PB 0x0000000770c00000| Untracked 
| 903|0x0000000770e00000, 0x0000000770e00000, 0x0000000771000000|  0%| F|  |TAMS 0x0000000770e00000| PB 0x0000000770e00000| Untracked 
| 904|0x0000000771000000, 0x0000000771000000, 0x0000000771200000|  0%| F|  |TAMS 0x0000000771000000| PB 0x0000000771000000| Untracked 
| 905|0x0000000771200000, 0x0000000771200000, 0x0000000771400000|  0%| F|  |TAMS 0x0000000771200000| PB 0x0000000771200000| Untracked 
| 906|0x0000000771400000, 0x0000000771400000, 0x0000000771600000|  0%| F|  |TAMS 0x0000000771400000| PB 0x0000000771400000| Untracked 
| 907|0x0000000771600000, 0x0000000771600000, 0x0000000771800000|  0%| F|  |TAMS 0x0000000771600000| PB 0x0000000771600000| Untracked 
| 908|0x0000000771800000, 0x0000000771800000, 0x0000000771a00000|  0%| F|  |TAMS 0x0000000771800000| PB 0x0000000771800000| Untracked 
| 909|0x0000000771a00000, 0x0000000771a00000, 0x0000000771c00000|  0%| F|  |TAMS 0x0000000771a00000| PB 0x0000000771a00000| Untracked 
| 910|0x0000000771c00000, 0x0000000771c00000, 0x0000000771e00000|  0%| F|  |TAMS 0x0000000771c00000| PB 0x0000000771c00000| Untracked 
| 911|0x0000000771e00000, 0x0000000771e00000, 0x0000000772000000|  0%| F|  |TAMS 0x0000000771e00000| PB 0x0000000771e00000| Untracked 
| 912|0x0000000772000000, 0x0000000772000000, 0x0000000772200000|  0%| F|  |TAMS 0x0000000772000000| PB 0x0000000772000000| Untracked 
| 913|0x0000000772200000, 0x0000000772200000, 0x0000000772400000|  0%| F|  |TAMS 0x0000000772200000| PB 0x0000000772200000| Untracked 
| 914|0x0000000772400000, 0x0000000772400000, 0x0000000772600000|  0%| F|  |TAMS 0x0000000772400000| PB 0x0000000772400000| Untracked 
| 915|0x0000000772600000, 0x0000000772600000, 0x0000000772800000|  0%| F|  |TAMS 0x0000000772600000| PB 0x0000000772600000| Untracked 
| 916|0x0000000772800000, 0x0000000772800000, 0x0000000772a00000|  0%| F|  |TAMS 0x0000000772800000| PB 0x0000000772800000| Untracked 
| 917|0x0000000772a00000, 0x0000000772a00000, 0x0000000772c00000|  0%| F|  |TAMS 0x0000000772a00000| PB 0x0000000772a00000| Untracked 
| 918|0x0000000772c00000, 0x0000000772c00000, 0x0000000772e00000|  0%| F|  |TAMS 0x0000000772c00000| PB 0x0000000772c00000| Untracked 
| 919|0x0000000772e00000, 0x0000000772e00000, 0x0000000773000000|  0%| F|  |TAMS 0x0000000772e00000| PB 0x0000000772e00000| Untracked 
| 920|0x0000000773000000, 0x0000000773000000, 0x0000000773200000|  0%| F|  |TAMS 0x0000000773000000| PB 0x0000000773000000| Untracked 
| 921|0x0000000773200000, 0x0000000773200000, 0x0000000773400000|  0%| F|  |TAMS 0x0000000773200000| PB 0x0000000773200000| Untracked 
| 922|0x0000000773400000, 0x0000000773400000, 0x0000000773600000|  0%| F|  |TAMS 0x0000000773400000| PB 0x0000000773400000| Untracked 
| 923|0x0000000773600000, 0x0000000773600000, 0x0000000773800000|  0%| F|  |TAMS 0x0000000773600000| PB 0x0000000773600000| Untracked 
| 924|0x0000000773800000, 0x0000000773800000, 0x0000000773a00000|  0%| F|  |TAMS 0x0000000773800000| PB 0x0000000773800000| Untracked 
| 925|0x0000000773a00000, 0x0000000773a00000, 0x0000000773c00000|  0%| F|  |TAMS 0x0000000773a00000| PB 0x0000000773a00000| Untracked 
| 926|0x0000000773c00000, 0x0000000773c00000, 0x0000000773e00000|  0%| F|  |TAMS 0x0000000773c00000| PB 0x0000000773c00000| Untracked 
| 927|0x0000000773e00000, 0x0000000773e00000, 0x0000000774000000|  0%| F|  |TAMS 0x0000000773e00000| PB 0x0000000773e00000| Untracked 
| 928|0x0000000774000000, 0x0000000774000000, 0x0000000774200000|  0%| F|  |TAMS 0x0000000774000000| PB 0x0000000774000000| Untracked 
| 929|0x0000000774200000, 0x0000000774200000, 0x0000000774400000|  0%| F|  |TAMS 0x0000000774200000| PB 0x0000000774200000| Untracked 
| 930|0x0000000774400000, 0x0000000774400000, 0x0000000774600000|  0%| F|  |TAMS 0x0000000774400000| PB 0x0000000774400000| Untracked 
| 931|0x0000000774600000, 0x0000000774600000, 0x0000000774800000|  0%| F|  |TAMS 0x0000000774600000| PB 0x0000000774600000| Untracked 
| 932|0x0000000774800000, 0x0000000774800000, 0x0000000774a00000|  0%| F|  |TAMS 0x0000000774800000| PB 0x0000000774800000| Untracked 
| 933|0x0000000774a00000, 0x0000000774a00000, 0x0000000774c00000|  0%| F|  |TAMS 0x0000000774a00000| PB 0x0000000774a00000| Untracked 
| 934|0x0000000774c00000, 0x0000000774c00000, 0x0000000774e00000|  0%| F|  |TAMS 0x0000000774c00000| PB 0x0000000774c00000| Untracked 
| 935|0x0000000774e00000, 0x0000000774e00000, 0x0000000775000000|  0%| F|  |TAMS 0x0000000774e00000| PB 0x0000000774e00000| Untracked 
| 936|0x0000000775000000, 0x0000000775000000, 0x0000000775200000|  0%| F|  |TAMS 0x0000000775000000| PB 0x0000000775000000| Untracked 
| 937|0x0000000775200000, 0x0000000775200000, 0x0000000775400000|  0%| F|  |TAMS 0x0000000775200000| PB 0x0000000775200000| Untracked 
| 938|0x0000000775400000, 0x0000000775400000, 0x0000000775600000|  0%| F|  |TAMS 0x0000000775400000| PB 0x0000000775400000| Untracked 
| 939|0x0000000775600000, 0x0000000775600000, 0x0000000775800000|  0%| F|  |TAMS 0x0000000775600000| PB 0x0000000775600000| Untracked 
| 940|0x0000000775800000, 0x0000000775800000, 0x0000000775a00000|  0%| F|  |TAMS 0x0000000775800000| PB 0x0000000775800000| Untracked 
| 941|0x0000000775a00000, 0x0000000775a00000, 0x0000000775c00000|  0%| F|  |TAMS 0x0000000775a00000| PB 0x0000000775a00000| Untracked 
| 942|0x0000000775c00000, 0x0000000775c00000, 0x0000000775e00000|  0%| F|  |TAMS 0x0000000775c00000| PB 0x0000000775c00000| Untracked 
| 943|0x0000000775e00000, 0x0000000775e00000, 0x0000000776000000|  0%| F|  |TAMS 0x0000000775e00000| PB 0x0000000775e00000| Untracked 
| 944|0x0000000776000000, 0x0000000776000000, 0x0000000776200000|  0%| F|  |TAMS 0x0000000776000000| PB 0x0000000776000000| Untracked 
| 945|0x0000000776200000, 0x0000000776200000, 0x0000000776400000|  0%| F|  |TAMS 0x0000000776200000| PB 0x0000000776200000| Untracked 
| 946|0x0000000776400000, 0x0000000776400000, 0x0000000776600000|  0%| F|  |TAMS 0x0000000776400000| PB 0x0000000776400000| Untracked 
| 947|0x0000000776600000, 0x0000000776600000, 0x0000000776800000|  0%| F|  |TAMS 0x0000000776600000| PB 0x0000000776600000| Untracked 
| 948|0x0000000776800000, 0x0000000776800000, 0x0000000776a00000|  0%| F|  |TAMS 0x0000000776800000| PB 0x0000000776800000| Untracked 
| 949|0x0000000776a00000, 0x0000000776a00000, 0x0000000776c00000|  0%| F|  |TAMS 0x0000000776a00000| PB 0x0000000776a00000| Untracked 
| 950|0x0000000776c00000, 0x0000000776c00000, 0x0000000776e00000|  0%| F|  |TAMS 0x0000000776c00000| PB 0x0000000776c00000| Untracked 
| 951|0x0000000776e00000, 0x0000000776e00000, 0x0000000777000000|  0%| F|  |TAMS 0x0000000776e00000| PB 0x0000000776e00000| Untracked 
| 952|0x0000000777000000, 0x0000000777000000, 0x0000000777200000|  0%| F|  |TAMS 0x0000000777000000| PB 0x0000000777000000| Untracked 
| 953|0x0000000777200000, 0x0000000777200000, 0x0000000777400000|  0%| F|  |TAMS 0x0000000777200000| PB 0x0000000777200000| Untracked 
| 954|0x0000000777400000, 0x0000000777400000, 0x0000000777600000|  0%| F|  |TAMS 0x0000000777400000| PB 0x0000000777400000| Untracked 
| 955|0x0000000777600000, 0x0000000777600000, 0x0000000777800000|  0%| F|  |TAMS 0x0000000777600000| PB 0x0000000777600000| Untracked 
| 956|0x0000000777800000, 0x0000000777800000, 0x0000000777a00000|  0%| F|  |TAMS 0x0000000777800000| PB 0x0000000777800000| Untracked 
| 957|0x0000000777a00000, 0x0000000777a00000, 0x0000000777c00000|  0%| F|  |TAMS 0x0000000777a00000| PB 0x0000000777a00000| Untracked 
| 958|0x0000000777c00000, 0x0000000777c00000, 0x0000000777e00000|  0%| F|  |TAMS 0x0000000777c00000| PB 0x0000000777c00000| Untracked 
| 959|0x0000000777e00000, 0x0000000777e00000, 0x0000000778000000|  0%| F|  |TAMS 0x0000000777e00000| PB 0x0000000777e00000| Untracked 
| 960|0x0000000778000000, 0x0000000778000000, 0x0000000778200000|  0%| F|  |TAMS 0x0000000778000000| PB 0x0000000778000000| Untracked 
| 961|0x0000000778200000, 0x0000000778200000, 0x0000000778400000|  0%| F|  |TAMS 0x0000000778200000| PB 0x0000000778200000| Untracked 
| 962|0x0000000778400000, 0x0000000778400000, 0x0000000778600000|  0%| F|  |TAMS 0x0000000778400000| PB 0x0000000778400000| Untracked 
| 963|0x0000000778600000, 0x0000000778600000, 0x0000000778800000|  0%| F|  |TAMS 0x0000000778600000| PB 0x0000000778600000| Untracked 
| 964|0x0000000778800000, 0x0000000778800000, 0x0000000778a00000|  0%| F|  |TAMS 0x0000000778800000| PB 0x0000000778800000| Untracked 
| 965|0x0000000778a00000, 0x0000000778a00000, 0x0000000778c00000|  0%| F|  |TAMS 0x0000000778a00000| PB 0x0000000778a00000| Untracked 
| 966|0x0000000778c00000, 0x0000000778c00000, 0x0000000778e00000|  0%| F|  |TAMS 0x0000000778c00000| PB 0x0000000778c00000| Untracked 
| 967|0x0000000778e00000, 0x0000000778e00000, 0x0000000779000000|  0%| F|  |TAMS 0x0000000778e00000| PB 0x0000000778e00000| Untracked 
| 968|0x0000000779000000, 0x0000000779000000, 0x0000000779200000|  0%| F|  |TAMS 0x0000000779000000| PB 0x0000000779000000| Untracked 
| 969|0x0000000779200000, 0x0000000779200000, 0x0000000779400000|  0%| F|  |TAMS 0x0000000779200000| PB 0x0000000779200000| Untracked 
| 970|0x0000000779400000, 0x0000000779400000, 0x0000000779600000|  0%| F|  |TAMS 0x0000000779400000| PB 0x0000000779400000| Untracked 
| 971|0x0000000779600000, 0x0000000779600000, 0x0000000779800000|  0%| F|  |TAMS 0x0000000779600000| PB 0x0000000779600000| Untracked 
| 972|0x0000000779800000, 0x0000000779800000, 0x0000000779a00000|  0%| F|  |TAMS 0x0000000779800000| PB 0x0000000779800000| Untracked 
| 973|0x0000000779a00000, 0x0000000779a00000, 0x0000000779c00000|  0%| F|  |TAMS 0x0000000779a00000| PB 0x0000000779a00000| Untracked 
| 974|0x0000000779c00000, 0x0000000779c00000, 0x0000000779e00000|  0%| F|  |TAMS 0x0000000779c00000| PB 0x0000000779c00000| Untracked 
| 975|0x0000000779e00000, 0x0000000779e00000, 0x000000077a000000|  0%| F|  |TAMS 0x0000000779e00000| PB 0x0000000779e00000| Untracked 
| 976|0x000000077a000000, 0x000000077a000000, 0x000000077a200000|  0%| F|  |TAMS 0x000000077a000000| PB 0x000000077a000000| Untracked 
| 977|0x000000077a200000, 0x000000077a200000, 0x000000077a400000|  0%| F|  |TAMS 0x000000077a200000| PB 0x000000077a200000| Untracked 
| 978|0x000000077a400000, 0x000000077a400000, 0x000000077a600000|  0%| F|  |TAMS 0x000000077a400000| PB 0x000000077a400000| Untracked 
| 979|0x000000077a600000, 0x000000077a600000, 0x000000077a800000|  0%| F|  |TAMS 0x000000077a600000| PB 0x000000077a600000| Untracked 
| 980|0x000000077a800000, 0x000000077a800000, 0x000000077aa00000|  0%| F|  |TAMS 0x000000077a800000| PB 0x000000077a800000| Untracked 
| 981|0x000000077aa00000, 0x000000077aa00000, 0x000000077ac00000|  0%| F|  |TAMS 0x000000077aa00000| PB 0x000000077aa00000| Untracked 
| 982|0x000000077ac00000, 0x000000077ac00000, 0x000000077ae00000|  0%| F|  |TAMS 0x000000077ac00000| PB 0x000000077ac00000| Untracked 
| 983|0x000000077ae00000, 0x000000077ae00000, 0x000000077b000000|  0%| F|  |TAMS 0x000000077ae00000| PB 0x000000077ae00000| Untracked 
| 984|0x000000077b000000, 0x000000077b000000, 0x000000077b200000|  0%| F|  |TAMS 0x000000077b000000| PB 0x000000077b000000| Untracked 
| 985|0x000000077b200000, 0x000000077b200000, 0x000000077b400000|  0%| F|  |TAMS 0x000000077b200000| PB 0x000000077b200000| Untracked 
| 986|0x000000077b400000, 0x000000077b400000, 0x000000077b600000|  0%| F|  |TAMS 0x000000077b400000| PB 0x000000077b400000| Untracked 
| 987|0x000000077b600000, 0x000000077b600000, 0x000000077b800000|  0%| F|  |TAMS 0x000000077b600000| PB 0x000000077b600000| Untracked 
| 988|0x000000077b800000, 0x000000077b800000, 0x000000077ba00000|  0%| F|  |TAMS 0x000000077b800000| PB 0x000000077b800000| Untracked 
| 989|0x000000077ba00000, 0x000000077ba00000, 0x000000077bc00000|  0%| F|  |TAMS 0x000000077ba00000| PB 0x000000077ba00000| Untracked 
| 990|0x000000077bc00000, 0x000000077bc00000, 0x000000077be00000|  0%| F|  |TAMS 0x000000077bc00000| PB 0x000000077bc00000| Untracked 
| 991|0x000000077be00000, 0x000000077be00000, 0x000000077c000000|  0%| F|  |TAMS 0x000000077be00000| PB 0x000000077be00000| Untracked 
| 992|0x000000077c000000, 0x000000077c000000, 0x000000077c200000|  0%| F|  |TAMS 0x000000077c000000| PB 0x000000077c000000| Untracked 
| 993|0x000000077c200000, 0x000000077c200000, 0x000000077c400000|  0%| F|  |TAMS 0x000000077c200000| PB 0x000000077c200000| Untracked 
| 994|0x000000077c400000, 0x000000077c400000, 0x000000077c600000|  0%| F|  |TAMS 0x000000077c400000| PB 0x000000077c400000| Untracked 
| 995|0x000000077c600000, 0x000000077c600000, 0x000000077c800000|  0%| F|  |TAMS 0x000000077c600000| PB 0x000000077c600000| Untracked 
| 996|0x000000077c800000, 0x000000077c800000, 0x000000077ca00000|  0%| F|  |TAMS 0x000000077c800000| PB 0x000000077c800000| Untracked 
| 997|0x000000077ca00000, 0x000000077ca00000, 0x000000077cc00000|  0%| F|  |TAMS 0x000000077ca00000| PB 0x000000077ca00000| Untracked 
| 998|0x000000077cc00000, 0x000000077cc00000, 0x000000077ce00000|  0%| F|  |TAMS 0x000000077cc00000| PB 0x000000077cc00000| Untracked 
| 999|0x000000077ce00000, 0x000000077ce00000, 0x000000077d000000|  0%| F|  |TAMS 0x000000077ce00000| PB 0x000000077ce00000| Untracked 
|1000|0x000000077d000000, 0x000000077d000000, 0x000000077d200000|  0%| F|  |TAMS 0x000000077d000000| PB 0x000000077d000000| Untracked 
|1001|0x000000077d200000, 0x000000077d200000, 0x000000077d400000|  0%| F|  |TAMS 0x000000077d200000| PB 0x000000077d200000| Untracked 
|1002|0x000000077d400000, 0x000000077d400000, 0x000000077d600000|  0%| F|  |TAMS 0x000000077d400000| PB 0x000000077d400000| Untracked 
|1003|0x000000077d600000, 0x000000077d600000, 0x000000077d800000|  0%| F|  |TAMS 0x000000077d600000| PB 0x000000077d600000| Untracked 
|1004|0x000000077d800000, 0x000000077d800000, 0x000000077da00000|  0%| F|  |TAMS 0x000000077d800000| PB 0x000000077d800000| Untracked 
|1005|0x000000077da00000, 0x000000077da00000, 0x000000077dc00000|  0%| F|  |TAMS 0x000000077da00000| PB 0x000000077da00000| Untracked 
|1006|0x000000077dc00000, 0x000000077dc00000, 0x000000077de00000|  0%| F|  |TAMS 0x000000077dc00000| PB 0x000000077dc00000| Untracked 
|1007|0x000000077de00000, 0x000000077de00000, 0x000000077e000000|  0%| F|  |TAMS 0x000000077de00000| PB 0x000000077de00000| Untracked 
|1008|0x000000077e000000, 0x000000077e000000, 0x000000077e200000|  0%| F|  |TAMS 0x000000077e000000| PB 0x000000077e000000| Untracked 
|1009|0x000000077e200000, 0x000000077e200000, 0x000000077e400000|  0%| F|  |TAMS 0x000000077e200000| PB 0x000000077e200000| Untracked 
|1010|0x000000077e400000, 0x000000077e400000, 0x000000077e600000|  0%| F|  |TAMS 0x000000077e400000| PB 0x000000077e400000| Untracked 
|1011|0x000000077e600000, 0x000000077e600000, 0x000000077e800000|  0%| F|  |TAMS 0x000000077e600000| PB 0x000000077e600000| Untracked 
|1012|0x000000077e800000, 0x000000077e800000, 0x000000077ea00000|  0%| F|  |TAMS 0x000000077e800000| PB 0x000000077e800000| Untracked 
|1013|0x000000077ea00000, 0x000000077ea00000, 0x000000077ec00000|  0%| F|  |TAMS 0x000000077ea00000| PB 0x000000077ea00000| Untracked 
|1014|0x000000077ec00000, 0x000000077ec00000, 0x000000077ee00000|  0%| F|  |TAMS 0x000000077ec00000| PB 0x000000077ec00000| Untracked 
|1015|0x000000077ee00000, 0x000000077ee00000, 0x000000077f000000|  0%| F|  |TAMS 0x000000077ee00000| PB 0x000000077ee00000| Untracked 
|1016|0x000000077f000000, 0x000000077f000000, 0x000000077f200000|  0%| F|  |TAMS 0x000000077f000000| PB 0x000000077f000000| Untracked 
|1017|0x000000077f200000, 0x000000077f200000, 0x000000077f400000|  0%| F|  |TAMS 0x000000077f200000| PB 0x000000077f200000| Untracked 
|1018|0x000000077f400000, 0x000000077f400000, 0x000000077f600000|  0%| F|  |TAMS 0x000000077f400000| PB 0x000000077f400000| Untracked 
|1019|0x000000077f600000, 0x000000077f600000, 0x000000077f800000|  0%| F|  |TAMS 0x000000077f600000| PB 0x000000077f600000| Untracked 
|1020|0x000000077f800000, 0x000000077f800000, 0x000000077fa00000|  0%| F|  |TAMS 0x000000077f800000| PB 0x000000077f800000| Untracked 
|1021|0x000000077fa00000, 0x000000077fa00000, 0x000000077fc00000|  0%| F|  |TAMS 0x000000077fa00000| PB 0x000000077fa00000| Untracked 
|1022|0x000000077fc00000, 0x000000077fc00000, 0x000000077fe00000|  0%| F|  |TAMS 0x000000077fc00000| PB 0x000000077fc00000| Untracked 
|1023|0x000000077fe00000, 0x000000077fe00000, 0x0000000780000000|  0%| F|  |TAMS 0x000000077fe00000| PB 0x000000077fe00000| Untracked 
|1024|0x0000000780000000, 0x0000000780000000, 0x0000000780200000|  0%| F|  |TAMS 0x0000000780000000| PB 0x0000000780000000| Untracked 
|1025|0x0000000780200000, 0x0000000780200000, 0x0000000780400000|  0%| F|  |TAMS 0x0000000780200000| PB 0x0000000780200000| Untracked 
|1026|0x0000000780400000, 0x0000000780400000, 0x0000000780600000|  0%| F|  |TAMS 0x0000000780400000| PB 0x0000000780400000| Untracked 
|1027|0x0000000780600000, 0x0000000780600000, 0x0000000780800000|  0%| F|  |TAMS 0x0000000780600000| PB 0x0000000780600000| Untracked 
|1028|0x0000000780800000, 0x0000000780800000, 0x0000000780a00000|  0%| F|  |TAMS 0x0000000780800000| PB 0x0000000780800000| Untracked 
|1029|0x0000000780a00000, 0x0000000780a00000, 0x0000000780c00000|  0%| F|  |TAMS 0x0000000780a00000| PB 0x0000000780a00000| Untracked 
|1030|0x0000000780c00000, 0x0000000780c00000, 0x0000000780e00000|  0%| F|  |TAMS 0x0000000780c00000| PB 0x0000000780c00000| Untracked 
|1031|0x0000000780e00000, 0x0000000780e00000, 0x0000000781000000|  0%| F|  |TAMS 0x0000000780e00000| PB 0x0000000780e00000| Untracked 
|1032|0x0000000781000000, 0x0000000781000000, 0x0000000781200000|  0%| F|  |TAMS 0x0000000781000000| PB 0x0000000781000000| Untracked 
|1033|0x0000000781200000, 0x0000000781200000, 0x0000000781400000|  0%| F|  |TAMS 0x0000000781200000| PB 0x0000000781200000| Untracked 
|1034|0x0000000781400000, 0x0000000781400000, 0x0000000781600000|  0%| F|  |TAMS 0x0000000781400000| PB 0x0000000781400000| Untracked 
|1035|0x0000000781600000, 0x0000000781600000, 0x0000000781800000|  0%| F|  |TAMS 0x0000000781600000| PB 0x0000000781600000| Untracked 
|1036|0x0000000781800000, 0x0000000781800000, 0x0000000781a00000|  0%| F|  |TAMS 0x0000000781800000| PB 0x0000000781800000| Untracked 
|1037|0x0000000781a00000, 0x0000000781a00000, 0x0000000781c00000|  0%| F|  |TAMS 0x0000000781a00000| PB 0x0000000781a00000| Untracked 
|1038|0x0000000781c00000, 0x0000000781c00000, 0x0000000781e00000|  0%| F|  |TAMS 0x0000000781c00000| PB 0x0000000781c00000| Untracked 
|1039|0x0000000781e00000, 0x0000000781e00000, 0x0000000782000000|  0%| F|  |TAMS 0x0000000781e00000| PB 0x0000000781e00000| Untracked 
|1040|0x0000000782000000, 0x0000000782000000, 0x0000000782200000|  0%| F|  |TAMS 0x0000000782000000| PB 0x0000000782000000| Untracked 
|1041|0x0000000782200000, 0x0000000782200000, 0x0000000782400000|  0%| F|  |TAMS 0x0000000782200000| PB 0x0000000782200000| Untracked 
|1042|0x0000000782400000, 0x0000000782400000, 0x0000000782600000|  0%| F|  |TAMS 0x0000000782400000| PB 0x0000000782400000| Untracked 
|1043|0x0000000782600000, 0x0000000782600000, 0x0000000782800000|  0%| F|  |TAMS 0x0000000782600000| PB 0x0000000782600000| Untracked 
|1044|0x0000000782800000, 0x0000000782800000, 0x0000000782a00000|  0%| F|  |TAMS 0x0000000782800000| PB 0x0000000782800000| Untracked 
|1045|0x0000000782a00000, 0x0000000782a00000, 0x0000000782c00000|  0%| F|  |TAMS 0x0000000782a00000| PB 0x0000000782a00000| Untracked 
|1046|0x0000000782c00000, 0x0000000782c00000, 0x0000000782e00000|  0%| F|  |TAMS 0x0000000782c00000| PB 0x0000000782c00000| Untracked 
|1047|0x0000000782e00000, 0x0000000782e00000, 0x0000000783000000|  0%| F|  |TAMS 0x0000000782e00000| PB 0x0000000782e00000| Untracked 
|1048|0x0000000783000000, 0x0000000783000000, 0x0000000783200000|  0%| F|  |TAMS 0x0000000783000000| PB 0x0000000783000000| Untracked 
|1049|0x0000000783200000, 0x0000000783200000, 0x0000000783400000|  0%| F|  |TAMS 0x0000000783200000| PB 0x0000000783200000| Untracked 
|1050|0x0000000783400000, 0x0000000783400000, 0x0000000783600000|  0%| F|  |TAMS 0x0000000783400000| PB 0x0000000783400000| Untracked 
|1051|0x0000000783600000, 0x0000000783600000, 0x0000000783800000|  0%| F|  |TAMS 0x0000000783600000| PB 0x0000000783600000| Untracked 
|1052|0x0000000783800000, 0x0000000783800000, 0x0000000783a00000|  0%| F|  |TAMS 0x0000000783800000| PB 0x0000000783800000| Untracked 
|1053|0x0000000783a00000, 0x0000000783a00000, 0x0000000783c00000|  0%| F|  |TAMS 0x0000000783a00000| PB 0x0000000783a00000| Untracked 
|1054|0x0000000783c00000, 0x0000000783c00000, 0x0000000783e00000|  0%| F|  |TAMS 0x0000000783c00000| PB 0x0000000783c00000| Untracked 
|1055|0x0000000783e00000, 0x0000000783e00000, 0x0000000784000000|  0%| F|  |TAMS 0x0000000783e00000| PB 0x0000000783e00000| Untracked 
|1056|0x0000000784000000, 0x0000000784000000, 0x0000000784200000|  0%| F|  |TAMS 0x0000000784000000| PB 0x0000000784000000| Untracked 
|1057|0x0000000784200000, 0x0000000784200000, 0x0000000784400000|  0%| F|  |TAMS 0x0000000784200000| PB 0x0000000784200000| Untracked 
|1058|0x0000000784400000, 0x0000000784400000, 0x0000000784600000|  0%| F|  |TAMS 0x0000000784400000| PB 0x0000000784400000| Untracked 
|1059|0x0000000784600000, 0x0000000784600000, 0x0000000784800000|  0%| F|  |TAMS 0x0000000784600000| PB 0x0000000784600000| Untracked 
|1060|0x0000000784800000, 0x0000000784800000, 0x0000000784a00000|  0%| F|  |TAMS 0x0000000784800000| PB 0x0000000784800000| Untracked 
|1061|0x0000000784a00000, 0x0000000784a00000, 0x0000000784c00000|  0%| F|  |TAMS 0x0000000784a00000| PB 0x0000000784a00000| Untracked 
|1062|0x0000000784c00000, 0x0000000784c00000, 0x0000000784e00000|  0%| F|  |TAMS 0x0000000784c00000| PB 0x0000000784c00000| Untracked 
|1063|0x0000000784e00000, 0x0000000784e00000, 0x0000000785000000|  0%| F|  |TAMS 0x0000000784e00000| PB 0x0000000784e00000| Untracked 
|1064|0x0000000785000000, 0x0000000785000000, 0x0000000785200000|  0%| F|  |TAMS 0x0000000785000000| PB 0x0000000785000000| Untracked 
|1065|0x0000000785200000, 0x0000000785200000, 0x0000000785400000|  0%| F|  |TAMS 0x0000000785200000| PB 0x0000000785200000| Untracked 
|1066|0x0000000785400000, 0x0000000785400000, 0x0000000785600000|  0%| F|  |TAMS 0x0000000785400000| PB 0x0000000785400000| Untracked 
|1067|0x0000000785600000, 0x0000000785600000, 0x0000000785800000|  0%| F|  |TAMS 0x0000000785600000| PB 0x0000000785600000| Untracked 
|1068|0x0000000785800000, 0x0000000785800000, 0x0000000785a00000|  0%| F|  |TAMS 0x0000000785800000| PB 0x0000000785800000| Untracked 
|1069|0x0000000785a00000, 0x0000000785a00000, 0x0000000785c00000|  0%| F|  |TAMS 0x0000000785a00000| PB 0x0000000785a00000| Untracked 
|1070|0x0000000785c00000, 0x0000000785c00000, 0x0000000785e00000|  0%| F|  |TAMS 0x0000000785c00000| PB 0x0000000785c00000| Untracked 
|1071|0x0000000785e00000, 0x0000000785e00000, 0x0000000786000000|  0%| F|  |TAMS 0x0000000785e00000| PB 0x0000000785e00000| Untracked 
|1072|0x0000000786000000, 0x0000000786000000, 0x0000000786200000|  0%| F|  |TAMS 0x0000000786000000| PB 0x0000000786000000| Untracked 
|1073|0x0000000786200000, 0x0000000786200000, 0x0000000786400000|  0%| F|  |TAMS 0x0000000786200000| PB 0x0000000786200000| Untracked 
|1074|0x0000000786400000, 0x0000000786400000, 0x0000000786600000|  0%| F|  |TAMS 0x0000000786400000| PB 0x0000000786400000| Untracked 
|1075|0x0000000786600000, 0x0000000786600000, 0x0000000786800000|  0%| F|  |TAMS 0x0000000786600000| PB 0x0000000786600000| Untracked 
|1076|0x0000000786800000, 0x0000000786800000, 0x0000000786a00000|  0%| F|  |TAMS 0x0000000786800000| PB 0x0000000786800000| Untracked 
|1077|0x0000000786a00000, 0x0000000786a00000, 0x0000000786c00000|  0%| F|  |TAMS 0x0000000786a00000| PB 0x0000000786a00000| Untracked 
|1078|0x0000000786c00000, 0x0000000786c00000, 0x0000000786e00000|  0%| F|  |TAMS 0x0000000786c00000| PB 0x0000000786c00000| Untracked 
|1079|0x0000000786e00000, 0x0000000786e00000, 0x0000000787000000|  0%| F|  |TAMS 0x0000000786e00000| PB 0x0000000786e00000| Untracked 
|1080|0x0000000787000000, 0x0000000787000000, 0x0000000787200000|  0%| F|  |TAMS 0x0000000787000000| PB 0x0000000787000000| Untracked 
|1081|0x0000000787200000, 0x0000000787200000, 0x0000000787400000|  0%| F|  |TAMS 0x0000000787200000| PB 0x0000000787200000| Untracked 
|1082|0x0000000787400000, 0x0000000787400000, 0x0000000787600000|  0%| F|  |TAMS 0x0000000787400000| PB 0x0000000787400000| Untracked 
|1083|0x0000000787600000, 0x0000000787600000, 0x0000000787800000|  0%| F|  |TAMS 0x0000000787600000| PB 0x0000000787600000| Untracked 
|1084|0x0000000787800000, 0x0000000787800000, 0x0000000787a00000|  0%| F|  |TAMS 0x0000000787800000| PB 0x0000000787800000| Untracked 
|1085|0x0000000787a00000, 0x0000000787a00000, 0x0000000787c00000|  0%| F|  |TAMS 0x0000000787a00000| PB 0x0000000787a00000| Untracked 
|1086|0x0000000787c00000, 0x0000000787c00000, 0x0000000787e00000|  0%| F|  |TAMS 0x0000000787c00000| PB 0x0000000787c00000| Untracked 
|1087|0x0000000787e00000, 0x0000000787e00000, 0x0000000788000000|  0%| F|  |TAMS 0x0000000787e00000| PB 0x0000000787e00000| Untracked 
|1088|0x0000000788000000, 0x0000000788000000, 0x0000000788200000|  0%| F|  |TAMS 0x0000000788000000| PB 0x0000000788000000| Untracked 
|1089|0x0000000788200000, 0x0000000788200000, 0x0000000788400000|  0%| F|  |TAMS 0x0000000788200000| PB 0x0000000788200000| Untracked 
|1090|0x0000000788400000, 0x0000000788400000, 0x0000000788600000|  0%| F|  |TAMS 0x0000000788400000| PB 0x0000000788400000| Untracked 
|1091|0x0000000788600000, 0x0000000788600000, 0x0000000788800000|  0%| F|  |TAMS 0x0000000788600000| PB 0x0000000788600000| Untracked 
|1092|0x0000000788800000, 0x0000000788800000, 0x0000000788a00000|  0%| F|  |TAMS 0x0000000788800000| PB 0x0000000788800000| Untracked 
|1093|0x0000000788a00000, 0x0000000788a00000, 0x0000000788c00000|  0%| F|  |TAMS 0x0000000788a00000| PB 0x0000000788a00000| Untracked 
|1094|0x0000000788c00000, 0x0000000788c00000, 0x0000000788e00000|  0%| F|  |TAMS 0x0000000788c00000| PB 0x0000000788c00000| Untracked 
|1095|0x0000000788e00000, 0x0000000788e00000, 0x0000000789000000|  0%| F|  |TAMS 0x0000000788e00000| PB 0x0000000788e00000| Untracked 
|1096|0x0000000789000000, 0x0000000789000000, 0x0000000789200000|  0%| F|  |TAMS 0x0000000789000000| PB 0x0000000789000000| Untracked 
|1097|0x0000000789200000, 0x0000000789200000, 0x0000000789400000|  0%| F|  |TAMS 0x0000000789200000| PB 0x0000000789200000| Untracked 
|1098|0x0000000789400000, 0x0000000789400000, 0x0000000789600000|  0%| F|  |TAMS 0x0000000789400000| PB 0x0000000789400000| Untracked 
|1099|0x0000000789600000, 0x0000000789600000, 0x0000000789800000|  0%| F|  |TAMS 0x0000000789600000| PB 0x0000000789600000| Untracked 
|1100|0x0000000789800000, 0x0000000789800000, 0x0000000789a00000|  0%| F|  |TAMS 0x0000000789800000| PB 0x0000000789800000| Untracked 
|1101|0x0000000789a00000, 0x0000000789a00000, 0x0000000789c00000|  0%| F|  |TAMS 0x0000000789a00000| PB 0x0000000789a00000| Untracked 
|1102|0x0000000789c00000, 0x0000000789c00000, 0x0000000789e00000|  0%| F|  |TAMS 0x0000000789c00000| PB 0x0000000789c00000| Untracked 
|1103|0x0000000789e00000, 0x0000000789e00000, 0x000000078a000000|  0%| F|  |TAMS 0x0000000789e00000| PB 0x0000000789e00000| Untracked 
|1104|0x000000078a000000, 0x000000078a000000, 0x000000078a200000|  0%| F|  |TAMS 0x000000078a000000| PB 0x000000078a000000| Untracked 
|1105|0x000000078a200000, 0x000000078a200000, 0x000000078a400000|  0%| F|  |TAMS 0x000000078a200000| PB 0x000000078a200000| Untracked 
|1106|0x000000078a400000, 0x000000078a400000, 0x000000078a600000|  0%| F|  |TAMS 0x000000078a400000| PB 0x000000078a400000| Untracked 
|1107|0x000000078a600000, 0x000000078a600000, 0x000000078a800000|  0%| F|  |TAMS 0x000000078a600000| PB 0x000000078a600000| Untracked 
|1108|0x000000078a800000, 0x000000078a800000, 0x000000078aa00000|  0%| F|  |TAMS 0x000000078a800000| PB 0x000000078a800000| Untracked 
|1109|0x000000078aa00000, 0x000000078aa00000, 0x000000078ac00000|  0%| F|  |TAMS 0x000000078aa00000| PB 0x000000078aa00000| Untracked 
|1110|0x000000078ac00000, 0x000000078ac00000, 0x000000078ae00000|  0%| F|  |TAMS 0x000000078ac00000| PB 0x000000078ac00000| Untracked 
|1111|0x000000078ae00000, 0x000000078ae00000, 0x000000078b000000|  0%| F|  |TAMS 0x000000078ae00000| PB 0x000000078ae00000| Untracked 
|1112|0x000000078b000000, 0x000000078b000000, 0x000000078b200000|  0%| F|  |TAMS 0x000000078b000000| PB 0x000000078b000000| Untracked 
|1113|0x000000078b200000, 0x000000078b200000, 0x000000078b400000|  0%| F|  |TAMS 0x000000078b200000| PB 0x000000078b200000| Untracked 
|1114|0x000000078b400000, 0x000000078b400000, 0x000000078b600000|  0%| F|  |TAMS 0x000000078b400000| PB 0x000000078b400000| Untracked 
|1115|0x000000078b600000, 0x000000078b600000, 0x000000078b800000|  0%| F|  |TAMS 0x000000078b600000| PB 0x000000078b600000| Untracked 
|1116|0x000000078b800000, 0x000000078b800000, 0x000000078ba00000|  0%| F|  |TAMS 0x000000078b800000| PB 0x000000078b800000| Untracked 
|1117|0x000000078ba00000, 0x000000078ba00000, 0x000000078bc00000|  0%| F|  |TAMS 0x000000078ba00000| PB 0x000000078ba00000| Untracked 
|1118|0x000000078bc00000, 0x000000078bc00000, 0x000000078be00000|  0%| F|  |TAMS 0x000000078bc00000| PB 0x000000078bc00000| Untracked 
|1119|0x000000078be00000, 0x000000078be00000, 0x000000078c000000|  0%| F|  |TAMS 0x000000078be00000| PB 0x000000078be00000| Untracked 
|1120|0x000000078c000000, 0x000000078c000000, 0x000000078c200000|  0%| F|  |TAMS 0x000000078c000000| PB 0x000000078c000000| Untracked 
|1121|0x000000078c200000, 0x000000078c200000, 0x000000078c400000|  0%| F|  |TAMS 0x000000078c200000| PB 0x000000078c200000| Untracked 
|1122|0x000000078c400000, 0x000000078c400000, 0x000000078c600000|  0%| F|  |TAMS 0x000000078c400000| PB 0x000000078c400000| Untracked 
|1123|0x000000078c600000, 0x000000078c600000, 0x000000078c800000|  0%| F|  |TAMS 0x000000078c600000| PB 0x000000078c600000| Untracked 
|1124|0x000000078c800000, 0x000000078c800000, 0x000000078ca00000|  0%| F|  |TAMS 0x000000078c800000| PB 0x000000078c800000| Untracked 
|1125|0x000000078ca00000, 0x000000078ca00000, 0x000000078cc00000|  0%| F|  |TAMS 0x000000078ca00000| PB 0x000000078ca00000| Untracked 
|1126|0x000000078cc00000, 0x000000078cc00000, 0x000000078ce00000|  0%| F|  |TAMS 0x000000078cc00000| PB 0x000000078cc00000| Untracked 
|1127|0x000000078ce00000, 0x000000078ce00000, 0x000000078d000000|  0%| F|  |TAMS 0x000000078ce00000| PB 0x000000078ce00000| Untracked 
|1128|0x000000078d000000, 0x000000078d000000, 0x000000078d200000|  0%| F|  |TAMS 0x000000078d000000| PB 0x000000078d000000| Untracked 
|1129|0x000000078d200000, 0x000000078d200000, 0x000000078d400000|  0%| F|  |TAMS 0x000000078d200000| PB 0x000000078d200000| Untracked 
|1130|0x000000078d400000, 0x000000078d400000, 0x000000078d600000|  0%| F|  |TAMS 0x000000078d400000| PB 0x000000078d400000| Untracked 
|1131|0x000000078d600000, 0x000000078d600000, 0x000000078d800000|  0%| F|  |TAMS 0x000000078d600000| PB 0x000000078d600000| Untracked 
|1132|0x000000078d800000, 0x000000078d800000, 0x000000078da00000|  0%| F|  |TAMS 0x000000078d800000| PB 0x000000078d800000| Untracked 
|1133|0x000000078da00000, 0x000000078da00000, 0x000000078dc00000|  0%| F|  |TAMS 0x000000078da00000| PB 0x000000078da00000| Untracked 
|1134|0x000000078dc00000, 0x000000078dc00000, 0x000000078de00000|  0%| F|  |TAMS 0x000000078dc00000| PB 0x000000078dc00000| Untracked 
|1135|0x000000078de00000, 0x000000078de00000, 0x000000078e000000|  0%| F|  |TAMS 0x000000078de00000| PB 0x000000078de00000| Untracked 
|1136|0x000000078e000000, 0x000000078e000000, 0x000000078e200000|  0%| F|  |TAMS 0x000000078e000000| PB 0x000000078e000000| Untracked 
|1137|0x000000078e200000, 0x000000078e200000, 0x000000078e400000|  0%| F|  |TAMS 0x000000078e200000| PB 0x000000078e200000| Untracked 
|1138|0x000000078e400000, 0x000000078e400000, 0x000000078e600000|  0%| F|  |TAMS 0x000000078e400000| PB 0x000000078e400000| Untracked 
|1139|0x000000078e600000, 0x000000078e600000, 0x000000078e800000|  0%| F|  |TAMS 0x000000078e600000| PB 0x000000078e600000| Untracked 
|1140|0x000000078e800000, 0x000000078e800000, 0x000000078ea00000|  0%| F|  |TAMS 0x000000078e800000| PB 0x000000078e800000| Untracked 
|1141|0x000000078ea00000, 0x000000078ea00000, 0x000000078ec00000|  0%| F|  |TAMS 0x000000078ea00000| PB 0x000000078ea00000| Untracked 
|1142|0x000000078ec00000, 0x000000078ec00000, 0x000000078ee00000|  0%| F|  |TAMS 0x000000078ec00000| PB 0x000000078ec00000| Untracked 
|1143|0x000000078ee00000, 0x000000078ee00000, 0x000000078f000000|  0%| F|  |TAMS 0x000000078ee00000| PB 0x000000078ee00000| Untracked 
|1144|0x000000078f000000, 0x000000078f000000, 0x000000078f200000|  0%| F|  |TAMS 0x000000078f000000| PB 0x000000078f000000| Untracked 
|1145|0x000000078f200000, 0x000000078f200000, 0x000000078f400000|  0%| F|  |TAMS 0x000000078f200000| PB 0x000000078f200000| Untracked 
|1146|0x000000078f400000, 0x000000078f400000, 0x000000078f600000|  0%| F|  |TAMS 0x000000078f400000| PB 0x000000078f400000| Untracked 
|1147|0x000000078f600000, 0x000000078f600000, 0x000000078f800000|  0%| F|  |TAMS 0x000000078f600000| PB 0x000000078f600000| Untracked 
|1148|0x000000078f800000, 0x000000078f800000, 0x000000078fa00000|  0%| F|  |TAMS 0x000000078f800000| PB 0x000000078f800000| Untracked 
|1149|0x000000078fa00000, 0x000000078fa00000, 0x000000078fc00000|  0%| F|  |TAMS 0x000000078fa00000| PB 0x000000078fa00000| Untracked 
|1150|0x000000078fc00000, 0x000000078fc00000, 0x000000078fe00000|  0%| F|  |TAMS 0x000000078fc00000| PB 0x000000078fc00000| Untracked 
|1151|0x000000078fe00000, 0x000000078fe00000, 0x0000000790000000|  0%| F|  |TAMS 0x000000078fe00000| PB 0x000000078fe00000| Untracked 
|1152|0x0000000790000000, 0x0000000790000000, 0x0000000790200000|  0%| F|  |TAMS 0x0000000790000000| PB 0x0000000790000000| Untracked 
|1153|0x0000000790200000, 0x0000000790200000, 0x0000000790400000|  0%| F|  |TAMS 0x0000000790200000| PB 0x0000000790200000| Untracked 
|1154|0x0000000790400000, 0x0000000790400000, 0x0000000790600000|  0%| F|  |TAMS 0x0000000790400000| PB 0x0000000790400000| Untracked 
|1155|0x0000000790600000, 0x0000000790600000, 0x0000000790800000|  0%| F|  |TAMS 0x0000000790600000| PB 0x0000000790600000| Untracked 
|1156|0x0000000790800000, 0x0000000790800000, 0x0000000790a00000|  0%| F|  |TAMS 0x0000000790800000| PB 0x0000000790800000| Untracked 
|1157|0x0000000790a00000, 0x0000000790a00000, 0x0000000790c00000|  0%| F|  |TAMS 0x0000000790a00000| PB 0x0000000790a00000| Untracked 
|1158|0x0000000790c00000, 0x0000000790c00000, 0x0000000790e00000|  0%| F|  |TAMS 0x0000000790c00000| PB 0x0000000790c00000| Untracked 
|1159|0x0000000790e00000, 0x0000000790e00000, 0x0000000791000000|  0%| F|  |TAMS 0x0000000790e00000| PB 0x0000000790e00000| Untracked 
|1160|0x0000000791000000, 0x0000000791000000, 0x0000000791200000|  0%| F|  |TAMS 0x0000000791000000| PB 0x0000000791000000| Untracked 
|1161|0x0000000791200000, 0x0000000791200000, 0x0000000791400000|  0%| F|  |TAMS 0x0000000791200000| PB 0x0000000791200000| Untracked 
|1162|0x0000000791400000, 0x0000000791400000, 0x0000000791600000|  0%| F|  |TAMS 0x0000000791400000| PB 0x0000000791400000| Untracked 
|1163|0x0000000791600000, 0x0000000791600000, 0x0000000791800000|  0%| F|  |TAMS 0x0000000791600000| PB 0x0000000791600000| Untracked 
|1164|0x0000000791800000, 0x0000000791800000, 0x0000000791a00000|  0%| F|  |TAMS 0x0000000791800000| PB 0x0000000791800000| Untracked 
|1165|0x0000000791a00000, 0x0000000791a00000, 0x0000000791c00000|  0%| F|  |TAMS 0x0000000791a00000| PB 0x0000000791a00000| Untracked 
|1166|0x0000000791c00000, 0x0000000791c00000, 0x0000000791e00000|  0%| F|  |TAMS 0x0000000791c00000| PB 0x0000000791c00000| Untracked 
|1167|0x0000000791e00000, 0x0000000791e00000, 0x0000000792000000|  0%| F|  |TAMS 0x0000000791e00000| PB 0x0000000791e00000| Untracked 
|1168|0x0000000792000000, 0x0000000792000000, 0x0000000792200000|  0%| F|  |TAMS 0x0000000792000000| PB 0x0000000792000000| Untracked 
|1169|0x0000000792200000, 0x0000000792200000, 0x0000000792400000|  0%| F|  |TAMS 0x0000000792200000| PB 0x0000000792200000| Untracked 
|1170|0x0000000792400000, 0x0000000792400000, 0x0000000792600000|  0%| F|  |TAMS 0x0000000792400000| PB 0x0000000792400000| Untracked 
|1171|0x0000000792600000, 0x0000000792600000, 0x0000000792800000|  0%| F|  |TAMS 0x0000000792600000| PB 0x0000000792600000| Untracked 
|1172|0x0000000792800000, 0x0000000792800000, 0x0000000792a00000|  0%| F|  |TAMS 0x0000000792800000| PB 0x0000000792800000| Untracked 
|1173|0x0000000792a00000, 0x0000000792a00000, 0x0000000792c00000|  0%| F|  |TAMS 0x0000000792a00000| PB 0x0000000792a00000| Untracked 
|1174|0x0000000792c00000, 0x0000000792c00000, 0x0000000792e00000|  0%| F|  |TAMS 0x0000000792c00000| PB 0x0000000792c00000| Untracked 
|1175|0x0000000792e00000, 0x0000000792e00000, 0x0000000793000000|  0%| F|  |TAMS 0x0000000792e00000| PB 0x0000000792e00000| Untracked 
|1176|0x0000000793000000, 0x0000000793000000, 0x0000000793200000|  0%| F|  |TAMS 0x0000000793000000| PB 0x0000000793000000| Untracked 
|1177|0x0000000793200000, 0x0000000793200000, 0x0000000793400000|  0%| F|  |TAMS 0x0000000793200000| PB 0x0000000793200000| Untracked 
|1178|0x0000000793400000, 0x0000000793400000, 0x0000000793600000|  0%| F|  |TAMS 0x0000000793400000| PB 0x0000000793400000| Untracked 
|1179|0x0000000793600000, 0x0000000793600000, 0x0000000793800000|  0%| F|  |TAMS 0x0000000793600000| PB 0x0000000793600000| Untracked 
|1180|0x0000000793800000, 0x0000000793800000, 0x0000000793a00000|  0%| F|  |TAMS 0x0000000793800000| PB 0x0000000793800000| Untracked 
|1181|0x0000000793a00000, 0x0000000793a00000, 0x0000000793c00000|  0%| F|  |TAMS 0x0000000793a00000| PB 0x0000000793a00000| Untracked 
|1182|0x0000000793c00000, 0x0000000793c00000, 0x0000000793e00000|  0%| F|  |TAMS 0x0000000793c00000| PB 0x0000000793c00000| Untracked 
|1183|0x0000000793e00000, 0x0000000793e00000, 0x0000000794000000|  0%| F|  |TAMS 0x0000000793e00000| PB 0x0000000793e00000| Untracked 
|1184|0x0000000794000000, 0x0000000794000000, 0x0000000794200000|  0%| F|  |TAMS 0x0000000794000000| PB 0x0000000794000000| Untracked 
|1185|0x0000000794200000, 0x0000000794200000, 0x0000000794400000|  0%| F|  |TAMS 0x0000000794200000| PB 0x0000000794200000| Untracked 
|1186|0x0000000794400000, 0x0000000794400000, 0x0000000794600000|  0%| F|  |TAMS 0x0000000794400000| PB 0x0000000794400000| Untracked 
|1187|0x0000000794600000, 0x0000000794600000, 0x0000000794800000|  0%| F|  |TAMS 0x0000000794600000| PB 0x0000000794600000| Untracked 
|1188|0x0000000794800000, 0x0000000794800000, 0x0000000794a00000|  0%| F|  |TAMS 0x0000000794800000| PB 0x0000000794800000| Untracked 
|1189|0x0000000794a00000, 0x0000000794a00000, 0x0000000794c00000|  0%| F|  |TAMS 0x0000000794a00000| PB 0x0000000794a00000| Untracked 
|1190|0x0000000794c00000, 0x0000000794c00000, 0x0000000794e00000|  0%| F|  |TAMS 0x0000000794c00000| PB 0x0000000794c00000| Untracked 
|1191|0x0000000794e00000, 0x0000000794e00000, 0x0000000795000000|  0%| F|  |TAMS 0x0000000794e00000| PB 0x0000000794e00000| Untracked 
|1192|0x0000000795000000, 0x0000000795000000, 0x0000000795200000|  0%| F|  |TAMS 0x0000000795000000| PB 0x0000000795000000| Untracked 
|1193|0x0000000795200000, 0x0000000795200000, 0x0000000795400000|  0%| F|  |TAMS 0x0000000795200000| PB 0x0000000795200000| Untracked 
|1194|0x0000000795400000, 0x0000000795400000, 0x0000000795600000|  0%| F|  |TAMS 0x0000000795400000| PB 0x0000000795400000| Untracked 
|1195|0x0000000795600000, 0x0000000795600000, 0x0000000795800000|  0%| F|  |TAMS 0x0000000795600000| PB 0x0000000795600000| Untracked 
|1196|0x0000000795800000, 0x0000000795800000, 0x0000000795a00000|  0%| F|  |TAMS 0x0000000795800000| PB 0x0000000795800000| Untracked 
|1197|0x0000000795a00000, 0x0000000795a00000, 0x0000000795c00000|  0%| F|  |TAMS 0x0000000795a00000| PB 0x0000000795a00000| Untracked 
|1198|0x0000000795c00000, 0x0000000795c00000, 0x0000000795e00000|  0%| F|  |TAMS 0x0000000795c00000| PB 0x0000000795c00000| Untracked 
|1199|0x0000000795e00000, 0x0000000795e00000, 0x0000000796000000|  0%| F|  |TAMS 0x0000000795e00000| PB 0x0000000795e00000| Untracked 
|1200|0x0000000796000000, 0x0000000796000000, 0x0000000796200000|  0%| F|  |TAMS 0x0000000796000000| PB 0x0000000796000000| Untracked 
|1201|0x0000000796200000, 0x0000000796200000, 0x0000000796400000|  0%| F|  |TAMS 0x0000000796200000| PB 0x0000000796200000| Untracked 
|1202|0x0000000796400000, 0x0000000796400000, 0x0000000796600000|  0%| F|  |TAMS 0x0000000796400000| PB 0x0000000796400000| Untracked 
|1203|0x0000000796600000, 0x0000000796600000, 0x0000000796800000|  0%| F|  |TAMS 0x0000000796600000| PB 0x0000000796600000| Untracked 
|1204|0x0000000796800000, 0x0000000796800000, 0x0000000796a00000|  0%| F|  |TAMS 0x0000000796800000| PB 0x0000000796800000| Untracked 
|1205|0x0000000796a00000, 0x0000000796a00000, 0x0000000796c00000|  0%| F|  |TAMS 0x0000000796a00000| PB 0x0000000796a00000| Untracked 
|1206|0x0000000796c00000, 0x0000000796c00000, 0x0000000796e00000|  0%| F|  |TAMS 0x0000000796c00000| PB 0x0000000796c00000| Untracked 
|1207|0x0000000796e00000, 0x0000000796e00000, 0x0000000797000000|  0%| F|  |TAMS 0x0000000796e00000| PB 0x0000000796e00000| Untracked 
|1208|0x0000000797000000, 0x0000000797000000, 0x0000000797200000|  0%| F|  |TAMS 0x0000000797000000| PB 0x0000000797000000| Untracked 
|1209|0x0000000797200000, 0x0000000797200000, 0x0000000797400000|  0%| F|  |TAMS 0x0000000797200000| PB 0x0000000797200000| Untracked 
|1210|0x0000000797400000, 0x0000000797400000, 0x0000000797600000|  0%| F|  |TAMS 0x0000000797400000| PB 0x0000000797400000| Untracked 
|1211|0x0000000797600000, 0x0000000797600000, 0x0000000797800000|  0%| F|  |TAMS 0x0000000797600000| PB 0x0000000797600000| Untracked 
|1212|0x0000000797800000, 0x0000000797800000, 0x0000000797a00000|  0%| F|  |TAMS 0x0000000797800000| PB 0x0000000797800000| Untracked 
|1213|0x0000000797a00000, 0x0000000797a00000, 0x0000000797c00000|  0%| F|  |TAMS 0x0000000797a00000| PB 0x0000000797a00000| Untracked 
|1214|0x0000000797c00000, 0x0000000797c00000, 0x0000000797e00000|  0%| F|  |TAMS 0x0000000797c00000| PB 0x0000000797c00000| Untracked 
|1215|0x0000000797e00000, 0x0000000797e00000, 0x0000000798000000|  0%| F|  |TAMS 0x0000000797e00000| PB 0x0000000797e00000| Untracked 
|1216|0x0000000798000000, 0x0000000798000000, 0x0000000798200000|  0%| F|  |TAMS 0x0000000798000000| PB 0x0000000798000000| Untracked 
|1217|0x0000000798200000, 0x0000000798200000, 0x0000000798400000|  0%| F|  |TAMS 0x0000000798200000| PB 0x0000000798200000| Untracked 
|1218|0x0000000798400000, 0x0000000798400000, 0x0000000798600000|  0%| F|  |TAMS 0x0000000798400000| PB 0x0000000798400000| Untracked 
|1219|0x0000000798600000, 0x0000000798600000, 0x0000000798800000|  0%| F|  |TAMS 0x0000000798600000| PB 0x0000000798600000| Untracked 
|1220|0x0000000798800000, 0x0000000798800000, 0x0000000798a00000|  0%| F|  |TAMS 0x0000000798800000| PB 0x0000000798800000| Untracked 
|1221|0x0000000798a00000, 0x0000000798a00000, 0x0000000798c00000|  0%| F|  |TAMS 0x0000000798a00000| PB 0x0000000798a00000| Untracked 
|1222|0x0000000798c00000, 0x0000000798c00000, 0x0000000798e00000|  0%| F|  |TAMS 0x0000000798c00000| PB 0x0000000798c00000| Untracked 
|1223|0x0000000798e00000, 0x0000000798e00000, 0x0000000799000000|  0%| F|  |TAMS 0x0000000798e00000| PB 0x0000000798e00000| Untracked 
|1224|0x0000000799000000, 0x0000000799000000, 0x0000000799200000|  0%| F|  |TAMS 0x0000000799000000| PB 0x0000000799000000| Untracked 
|1225|0x0000000799200000, 0x0000000799200000, 0x0000000799400000|  0%| F|  |TAMS 0x0000000799200000| PB 0x0000000799200000| Untracked 
|1226|0x0000000799400000, 0x0000000799400000, 0x0000000799600000|  0%| F|  |TAMS 0x0000000799400000| PB 0x0000000799400000| Untracked 
|1227|0x0000000799600000, 0x0000000799600000, 0x0000000799800000|  0%| F|  |TAMS 0x0000000799600000| PB 0x0000000799600000| Untracked 
|1228|0x0000000799800000, 0x0000000799800000, 0x0000000799a00000|  0%| F|  |TAMS 0x0000000799800000| PB 0x0000000799800000| Untracked 
|1229|0x0000000799a00000, 0x0000000799a00000, 0x0000000799c00000|  0%| F|  |TAMS 0x0000000799a00000| PB 0x0000000799a00000| Untracked 
|1230|0x0000000799c00000, 0x0000000799c00000, 0x0000000799e00000|  0%| F|  |TAMS 0x0000000799c00000| PB 0x0000000799c00000| Untracked 
|1231|0x0000000799e00000, 0x0000000799e00000, 0x000000079a000000|  0%| F|  |TAMS 0x0000000799e00000| PB 0x0000000799e00000| Untracked 
|1232|0x000000079a000000, 0x000000079a000000, 0x000000079a200000|  0%| F|  |TAMS 0x000000079a000000| PB 0x000000079a000000| Untracked 
|1233|0x000000079a200000, 0x000000079a200000, 0x000000079a400000|  0%| F|  |TAMS 0x000000079a200000| PB 0x000000079a200000| Untracked 
|1234|0x000000079a400000, 0x000000079a400000, 0x000000079a600000|  0%| F|  |TAMS 0x000000079a400000| PB 0x000000079a400000| Untracked 
|1235|0x000000079a600000, 0x000000079a600000, 0x000000079a800000|  0%| F|  |TAMS 0x000000079a600000| PB 0x000000079a600000| Untracked 
|1236|0x000000079a800000, 0x000000079a800000, 0x000000079aa00000|  0%| F|  |TAMS 0x000000079a800000| PB 0x000000079a800000| Untracked 
|1237|0x000000079aa00000, 0x000000079aa00000, 0x000000079ac00000|  0%| F|  |TAMS 0x000000079aa00000| PB 0x000000079aa00000| Untracked 
|1238|0x000000079ac00000, 0x000000079ac00000, 0x000000079ae00000|  0%| F|  |TAMS 0x000000079ac00000| PB 0x000000079ac00000| Untracked 
|1239|0x000000079ae00000, 0x000000079ae00000, 0x000000079b000000|  0%| F|  |TAMS 0x000000079ae00000| PB 0x000000079ae00000| Untracked 
|1240|0x000000079b000000, 0x000000079b000000, 0x000000079b200000|  0%| F|  |TAMS 0x000000079b000000| PB 0x000000079b000000| Untracked 
|1241|0x000000079b200000, 0x000000079b200000, 0x000000079b400000|  0%| F|  |TAMS 0x000000079b200000| PB 0x000000079b200000| Untracked 
|1242|0x000000079b400000, 0x000000079b400000, 0x000000079b600000|  0%| F|  |TAMS 0x000000079b400000| PB 0x000000079b400000| Untracked 
|1243|0x000000079b600000, 0x000000079b600000, 0x000000079b800000|  0%| F|  |TAMS 0x000000079b600000| PB 0x000000079b600000| Untracked 
|1244|0x000000079b800000, 0x000000079b800000, 0x000000079ba00000|  0%| F|  |TAMS 0x000000079b800000| PB 0x000000079b800000| Untracked 
|1245|0x000000079ba00000, 0x000000079ba00000, 0x000000079bc00000|  0%| F|  |TAMS 0x000000079ba00000| PB 0x000000079ba00000| Untracked 
|1246|0x000000079bc00000, 0x000000079bc00000, 0x000000079be00000|  0%| F|  |TAMS 0x000000079bc00000| PB 0x000000079bc00000| Untracked 
|1247|0x000000079be00000, 0x000000079be00000, 0x000000079c000000|  0%| F|  |TAMS 0x000000079be00000| PB 0x000000079be00000| Untracked 
|1248|0x000000079c000000, 0x000000079c000000, 0x000000079c200000|  0%| F|  |TAMS 0x000000079c000000| PB 0x000000079c000000| Untracked 
|1249|0x000000079c200000, 0x000000079c200000, 0x000000079c400000|  0%| F|  |TAMS 0x000000079c200000| PB 0x000000079c200000| Untracked 
|1250|0x000000079c400000, 0x000000079c400000, 0x000000079c600000|  0%| F|  |TAMS 0x000000079c400000| PB 0x000000079c400000| Untracked 
|1251|0x000000079c600000, 0x000000079c600000, 0x000000079c800000|  0%| F|  |TAMS 0x000000079c600000| PB 0x000000079c600000| Untracked 
|1252|0x000000079c800000, 0x000000079c800000, 0x000000079ca00000|  0%| F|  |TAMS 0x000000079c800000| PB 0x000000079c800000| Untracked 
|1253|0x000000079ca00000, 0x000000079ca00000, 0x000000079cc00000|  0%| F|  |TAMS 0x000000079ca00000| PB 0x000000079ca00000| Untracked 
|1254|0x000000079cc00000, 0x000000079cc00000, 0x000000079ce00000|  0%| F|  |TAMS 0x000000079cc00000| PB 0x000000079cc00000| Untracked 
|1255|0x000000079ce00000, 0x000000079ce00000, 0x000000079d000000|  0%| F|  |TAMS 0x000000079ce00000| PB 0x000000079ce00000| Untracked 
|1256|0x000000079d000000, 0x000000079d000000, 0x000000079d200000|  0%| F|  |TAMS 0x000000079d000000| PB 0x000000079d000000| Untracked 
|1257|0x000000079d200000, 0x000000079d200000, 0x000000079d400000|  0%| F|  |TAMS 0x000000079d200000| PB 0x000000079d200000| Untracked 
|1258|0x000000079d400000, 0x000000079d400000, 0x000000079d600000|  0%| F|  |TAMS 0x000000079d400000| PB 0x000000079d400000| Untracked 
|1259|0x000000079d600000, 0x000000079d600000, 0x000000079d800000|  0%| F|  |TAMS 0x000000079d600000| PB 0x000000079d600000| Untracked 
|1260|0x000000079d800000, 0x000000079d800000, 0x000000079da00000|  0%| F|  |TAMS 0x000000079d800000| PB 0x000000079d800000| Untracked 
|1261|0x000000079da00000, 0x000000079da00000, 0x000000079dc00000|  0%| F|  |TAMS 0x000000079da00000| PB 0x000000079da00000| Untracked 
|1262|0x000000079dc00000, 0x000000079dc00000, 0x000000079de00000|  0%| F|  |TAMS 0x000000079dc00000| PB 0x000000079dc00000| Untracked 
|1263|0x000000079de00000, 0x000000079de00000, 0x000000079e000000|  0%| F|  |TAMS 0x000000079de00000| PB 0x000000079de00000| Untracked 
|1264|0x000000079e000000, 0x000000079e000000, 0x000000079e200000|  0%| F|  |TAMS 0x000000079e000000| PB 0x000000079e000000| Untracked 
|1265|0x000000079e200000, 0x000000079e200000, 0x000000079e400000|  0%| F|  |TAMS 0x000000079e200000| PB 0x000000079e200000| Untracked 
|1266|0x000000079e400000, 0x000000079e400000, 0x000000079e600000|  0%| F|  |TAMS 0x000000079e400000| PB 0x000000079e400000| Untracked 
|1267|0x000000079e600000, 0x000000079e600000, 0x000000079e800000|  0%| F|  |TAMS 0x000000079e600000| PB 0x000000079e600000| Untracked 
|1268|0x000000079e800000, 0x000000079e800000, 0x000000079ea00000|  0%| F|  |TAMS 0x000000079e800000| PB 0x000000079e800000| Untracked 
|1269|0x000000079ea00000, 0x000000079ea00000, 0x000000079ec00000|  0%| F|  |TAMS 0x000000079ea00000| PB 0x000000079ea00000| Untracked 
|1270|0x000000079ec00000, 0x000000079ec00000, 0x000000079ee00000|  0%| F|  |TAMS 0x000000079ec00000| PB 0x000000079ec00000| Untracked 
|1271|0x000000079ee00000, 0x000000079ee00000, 0x000000079f000000|  0%| F|  |TAMS 0x000000079ee00000| PB 0x000000079ee00000| Untracked 
|1272|0x000000079f000000, 0x000000079f000000, 0x000000079f200000|  0%| F|  |TAMS 0x000000079f000000| PB 0x000000079f000000| Untracked 
|1273|0x000000079f200000, 0x000000079f200000, 0x000000079f400000|  0%| F|  |TAMS 0x000000079f200000| PB 0x000000079f200000| Untracked 
|1274|0x000000079f400000, 0x000000079f400000, 0x000000079f600000|  0%| F|  |TAMS 0x000000079f400000| PB 0x000000079f400000| Untracked 
|1275|0x000000079f600000, 0x000000079f600000, 0x000000079f800000|  0%| F|  |TAMS 0x000000079f600000| PB 0x000000079f600000| Untracked 
|1276|0x000000079f800000, 0x000000079f800000, 0x000000079fa00000|  0%| F|  |TAMS 0x000000079f800000| PB 0x000000079f800000| Untracked 
|1277|0x000000079fa00000, 0x000000079fa00000, 0x000000079fc00000|  0%| F|  |TAMS 0x000000079fa00000| PB 0x000000079fa00000| Untracked 
|1278|0x000000079fc00000, 0x000000079fc00000, 0x000000079fe00000|  0%| F|  |TAMS 0x000000079fc00000| PB 0x000000079fc00000| Untracked 
|1279|0x000000079fe00000, 0x000000079fe00000, 0x00000007a0000000|  0%| F|  |TAMS 0x000000079fe00000| PB 0x000000079fe00000| Untracked 
|1280|0x00000007a0000000, 0x00000007a0000000, 0x00000007a0200000|  0%| F|  |TAMS 0x00000007a0000000| PB 0x00000007a0000000| Untracked 
|1281|0x00000007a0200000, 0x00000007a0200000, 0x00000007a0400000|  0%| F|  |TAMS 0x00000007a0200000| PB 0x00000007a0200000| Untracked 
|1282|0x00000007a0400000, 0x00000007a0400000, 0x00000007a0600000|  0%| F|  |TAMS 0x00000007a0400000| PB 0x00000007a0400000| Untracked 
|1283|0x00000007a0600000, 0x00000007a0600000, 0x00000007a0800000|  0%| F|  |TAMS 0x00000007a0600000| PB 0x00000007a0600000| Untracked 
|1284|0x00000007a0800000, 0x00000007a0800000, 0x00000007a0a00000|  0%| F|  |TAMS 0x00000007a0800000| PB 0x00000007a0800000| Untracked 
|1285|0x00000007a0a00000, 0x00000007a0a00000, 0x00000007a0c00000|  0%| F|  |TAMS 0x00000007a0a00000| PB 0x00000007a0a00000| Untracked 
|1286|0x00000007a0c00000, 0x00000007a0c00000, 0x00000007a0e00000|  0%| F|  |TAMS 0x00000007a0c00000| PB 0x00000007a0c00000| Untracked 
|1287|0x00000007a0e00000, 0x00000007a0e00000, 0x00000007a1000000|  0%| F|  |TAMS 0x00000007a0e00000| PB 0x00000007a0e00000| Untracked 
|1288|0x00000007a1000000, 0x00000007a1000000, 0x00000007a1200000|  0%| F|  |TAMS 0x00000007a1000000| PB 0x00000007a1000000| Untracked 
|1289|0x00000007a1200000, 0x00000007a1200000, 0x00000007a1400000|  0%| F|  |TAMS 0x00000007a1200000| PB 0x00000007a1200000| Untracked 
|1290|0x00000007a1400000, 0x00000007a1400000, 0x00000007a1600000|  0%| F|  |TAMS 0x00000007a1400000| PB 0x00000007a1400000| Untracked 
|1291|0x00000007a1600000, 0x00000007a1600000, 0x00000007a1800000|  0%| F|  |TAMS 0x00000007a1600000| PB 0x00000007a1600000| Untracked 
|1292|0x00000007a1800000, 0x00000007a1800000, 0x00000007a1a00000|  0%| F|  |TAMS 0x00000007a1800000| PB 0x00000007a1800000| Untracked 
|1293|0x00000007a1a00000, 0x00000007a1a00000, 0x00000007a1c00000|  0%| F|  |TAMS 0x00000007a1a00000| PB 0x00000007a1a00000| Untracked 
|1294|0x00000007a1c00000, 0x00000007a1c00000, 0x00000007a1e00000|  0%| F|  |TAMS 0x00000007a1c00000| PB 0x00000007a1c00000| Untracked 
|1295|0x00000007a1e00000, 0x00000007a1e00000, 0x00000007a2000000|  0%| F|  |TAMS 0x00000007a1e00000| PB 0x00000007a1e00000| Untracked 
|1296|0x00000007a2000000, 0x00000007a2000000, 0x00000007a2200000|  0%| F|  |TAMS 0x00000007a2000000| PB 0x00000007a2000000| Untracked 
|1297|0x00000007a2200000, 0x00000007a2200000, 0x00000007a2400000|  0%| F|  |TAMS 0x00000007a2200000| PB 0x00000007a2200000| Untracked 
|1298|0x00000007a2400000, 0x00000007a2400000, 0x00000007a2600000|  0%| F|  |TAMS 0x00000007a2400000| PB 0x00000007a2400000| Untracked 
|1299|0x00000007a2600000, 0x00000007a2600000, 0x00000007a2800000|  0%| F|  |TAMS 0x00000007a2600000| PB 0x00000007a2600000| Untracked 
|1300|0x00000007a2800000, 0x00000007a2800000, 0x00000007a2a00000|  0%| F|  |TAMS 0x00000007a2800000| PB 0x00000007a2800000| Untracked 
|1301|0x00000007a2a00000, 0x00000007a2a00000, 0x00000007a2c00000|  0%| F|  |TAMS 0x00000007a2a00000| PB 0x00000007a2a00000| Untracked 
|1302|0x00000007a2c00000, 0x00000007a2c00000, 0x00000007a2e00000|  0%| F|  |TAMS 0x00000007a2c00000| PB 0x00000007a2c00000| Untracked 
|1303|0x00000007a2e00000, 0x00000007a2e00000, 0x00000007a3000000|  0%| F|  |TAMS 0x00000007a2e00000| PB 0x00000007a2e00000| Untracked 
|1304|0x00000007a3000000, 0x00000007a3000000, 0x00000007a3200000|  0%| F|  |TAMS 0x00000007a3000000| PB 0x00000007a3000000| Untracked 
|1305|0x00000007a3200000, 0x00000007a3200000, 0x00000007a3400000|  0%| F|  |TAMS 0x00000007a3200000| PB 0x00000007a3200000| Untracked 
|1306|0x00000007a3400000, 0x00000007a3400000, 0x00000007a3600000|  0%| F|  |TAMS 0x00000007a3400000| PB 0x00000007a3400000| Untracked 
|1307|0x00000007a3600000, 0x00000007a3600000, 0x00000007a3800000|  0%| F|  |TAMS 0x00000007a3600000| PB 0x00000007a3600000| Untracked 
|1308|0x00000007a3800000, 0x00000007a3800000, 0x00000007a3a00000|  0%| F|  |TAMS 0x00000007a3800000| PB 0x00000007a3800000| Untracked 
|1309|0x00000007a3a00000, 0x00000007a3a00000, 0x00000007a3c00000|  0%| F|  |TAMS 0x00000007a3a00000| PB 0x00000007a3a00000| Untracked 
|1310|0x00000007a3c00000, 0x00000007a3c00000, 0x00000007a3e00000|  0%| F|  |TAMS 0x00000007a3c00000| PB 0x00000007a3c00000| Untracked 
|1311|0x00000007a3e00000, 0x00000007a3e00000, 0x00000007a4000000|  0%| F|  |TAMS 0x00000007a3e00000| PB 0x00000007a3e00000| Untracked 
|1312|0x00000007a4000000, 0x00000007a4000000, 0x00000007a4200000|  0%| F|  |TAMS 0x00000007a4000000| PB 0x00000007a4000000| Untracked 
|1313|0x00000007a4200000, 0x00000007a4200000, 0x00000007a4400000|  0%| F|  |TAMS 0x00000007a4200000| PB 0x00000007a4200000| Untracked 
|1314|0x00000007a4400000, 0x00000007a4400000, 0x00000007a4600000|  0%| F|  |TAMS 0x00000007a4400000| PB 0x00000007a4400000| Untracked 
|1315|0x00000007a4600000, 0x00000007a4600000, 0x00000007a4800000|  0%| F|  |TAMS 0x00000007a4600000| PB 0x00000007a4600000| Untracked 
|1316|0x00000007a4800000, 0x00000007a4800000, 0x00000007a4a00000|  0%| F|  |TAMS 0x00000007a4800000| PB 0x00000007a4800000| Untracked 
|1317|0x00000007a4a00000, 0x00000007a4a00000, 0x00000007a4c00000|  0%| F|  |TAMS 0x00000007a4a00000| PB 0x00000007a4a00000| Untracked 
|1318|0x00000007a4c00000, 0x00000007a4c00000, 0x00000007a4e00000|  0%| F|  |TAMS 0x00000007a4c00000| PB 0x00000007a4c00000| Untracked 
|1319|0x00000007a4e00000, 0x00000007a4e00000, 0x00000007a5000000|  0%| F|  |TAMS 0x00000007a4e00000| PB 0x00000007a4e00000| Untracked 
|1320|0x00000007a5000000, 0x00000007a5000000, 0x00000007a5200000|  0%| F|  |TAMS 0x00000007a5000000| PB 0x00000007a5000000| Untracked 
|1321|0x00000007a5200000, 0x00000007a5200000, 0x00000007a5400000|  0%| F|  |TAMS 0x00000007a5200000| PB 0x00000007a5200000| Untracked 
|1322|0x00000007a5400000, 0x00000007a5400000, 0x00000007a5600000|  0%| F|  |TAMS 0x00000007a5400000| PB 0x00000007a5400000| Untracked 
|1323|0x00000007a5600000, 0x00000007a5600000, 0x00000007a5800000|  0%| F|  |TAMS 0x00000007a5600000| PB 0x00000007a5600000| Untracked 
|1324|0x00000007a5800000, 0x00000007a5800000, 0x00000007a5a00000|  0%| F|  |TAMS 0x00000007a5800000| PB 0x00000007a5800000| Untracked 
|1325|0x00000007a5a00000, 0x00000007a5a00000, 0x00000007a5c00000|  0%| F|  |TAMS 0x00000007a5a00000| PB 0x00000007a5a00000| Untracked 
|1326|0x00000007a5c00000, 0x00000007a5c00000, 0x00000007a5e00000|  0%| F|  |TAMS 0x00000007a5c00000| PB 0x00000007a5c00000| Untracked 
|1327|0x00000007a5e00000, 0x00000007a5e00000, 0x00000007a6000000|  0%| F|  |TAMS 0x00000007a5e00000| PB 0x00000007a5e00000| Untracked 
|1328|0x00000007a6000000, 0x00000007a6000000, 0x00000007a6200000|  0%| F|  |TAMS 0x00000007a6000000| PB 0x00000007a6000000| Untracked 
|1329|0x00000007a6200000, 0x00000007a6200000, 0x00000007a6400000|  0%| F|  |TAMS 0x00000007a6200000| PB 0x00000007a6200000| Untracked 
|1330|0x00000007a6400000, 0x00000007a6400000, 0x00000007a6600000|  0%| F|  |TAMS 0x00000007a6400000| PB 0x00000007a6400000| Untracked 
|1331|0x00000007a6600000, 0x00000007a6600000, 0x00000007a6800000|  0%| F|  |TAMS 0x00000007a6600000| PB 0x00000007a6600000| Untracked 
|1332|0x00000007a6800000, 0x00000007a6800000, 0x00000007a6a00000|  0%| F|  |TAMS 0x00000007a6800000| PB 0x00000007a6800000| Untracked 
|1333|0x00000007a6a00000, 0x00000007a6a00000, 0x00000007a6c00000|  0%| F|  |TAMS 0x00000007a6a00000| PB 0x00000007a6a00000| Untracked 
|1334|0x00000007a6c00000, 0x00000007a6c00000, 0x00000007a6e00000|  0%| F|  |TAMS 0x00000007a6c00000| PB 0x00000007a6c00000| Untracked 
|1335|0x00000007a6e00000, 0x00000007a6e00000, 0x00000007a7000000|  0%| F|  |TAMS 0x00000007a6e00000| PB 0x00000007a6e00000| Untracked 
|1336|0x00000007a7000000, 0x00000007a7000000, 0x00000007a7200000|  0%| F|  |TAMS 0x00000007a7000000| PB 0x00000007a7000000| Untracked 
|1337|0x00000007a7200000, 0x00000007a7200000, 0x00000007a7400000|  0%| F|  |TAMS 0x00000007a7200000| PB 0x00000007a7200000| Untracked 
|1338|0x00000007a7400000, 0x00000007a7400000, 0x00000007a7600000|  0%| F|  |TAMS 0x00000007a7400000| PB 0x00000007a7400000| Untracked 
|1339|0x00000007a7600000, 0x00000007a7600000, 0x00000007a7800000|  0%| F|  |TAMS 0x00000007a7600000| PB 0x00000007a7600000| Untracked 
|1340|0x00000007a7800000, 0x00000007a7800000, 0x00000007a7a00000|  0%| F|  |TAMS 0x00000007a7800000| PB 0x00000007a7800000| Untracked 
|1341|0x00000007a7a00000, 0x00000007a7a00000, 0x00000007a7c00000|  0%| F|  |TAMS 0x00000007a7a00000| PB 0x00000007a7a00000| Untracked 
|1342|0x00000007a7c00000, 0x00000007a7c00000, 0x00000007a7e00000|  0%| F|  |TAMS 0x00000007a7c00000| PB 0x00000007a7c00000| Untracked 
|1343|0x00000007a7e00000, 0x00000007a7e00000, 0x00000007a8000000|  0%| F|  |TAMS 0x00000007a7e00000| PB 0x00000007a7e00000| Untracked 
|1344|0x00000007a8000000, 0x00000007a8000000, 0x00000007a8200000|  0%| F|  |TAMS 0x00000007a8000000| PB 0x00000007a8000000| Untracked 
|1345|0x00000007a8200000, 0x00000007a8200000, 0x00000007a8400000|  0%| F|  |TAMS 0x00000007a8200000| PB 0x00000007a8200000| Untracked 
|1346|0x00000007a8400000, 0x00000007a8400000, 0x00000007a8600000|  0%| F|  |TAMS 0x00000007a8400000| PB 0x00000007a8400000| Untracked 
|1347|0x00000007a8600000, 0x00000007a8600000, 0x00000007a8800000|  0%| F|  |TAMS 0x00000007a8600000| PB 0x00000007a8600000| Untracked 
|1348|0x00000007a8800000, 0x00000007a8800000, 0x00000007a8a00000|  0%| F|  |TAMS 0x00000007a8800000| PB 0x00000007a8800000| Untracked 
|1349|0x00000007a8a00000, 0x00000007a8a00000, 0x00000007a8c00000|  0%| F|  |TAMS 0x00000007a8a00000| PB 0x00000007a8a00000| Untracked 
|1350|0x00000007a8c00000, 0x00000007a8c00000, 0x00000007a8e00000|  0%| F|  |TAMS 0x00000007a8c00000| PB 0x00000007a8c00000| Untracked 
|1351|0x00000007a8e00000, 0x00000007a8e00000, 0x00000007a9000000|  0%| F|  |TAMS 0x00000007a8e00000| PB 0x00000007a8e00000| Untracked 
|1352|0x00000007a9000000, 0x00000007a9000000, 0x00000007a9200000|  0%| F|  |TAMS 0x00000007a9000000| PB 0x00000007a9000000| Untracked 
|1353|0x00000007a9200000, 0x00000007a9200000, 0x00000007a9400000|  0%| F|  |TAMS 0x00000007a9200000| PB 0x00000007a9200000| Untracked 
|1354|0x00000007a9400000, 0x00000007a9400000, 0x00000007a9600000|  0%| F|  |TAMS 0x00000007a9400000| PB 0x00000007a9400000| Untracked 
|1355|0x00000007a9600000, 0x00000007a9600000, 0x00000007a9800000|  0%| F|  |TAMS 0x00000007a9600000| PB 0x00000007a9600000| Untracked 
|1356|0x00000007a9800000, 0x00000007a9800000, 0x00000007a9a00000|  0%| F|  |TAMS 0x00000007a9800000| PB 0x00000007a9800000| Untracked 
|1357|0x00000007a9a00000, 0x00000007a9a00000, 0x00000007a9c00000|  0%| F|  |TAMS 0x00000007a9a00000| PB 0x00000007a9a00000| Untracked 
|1358|0x00000007a9c00000, 0x00000007a9c00000, 0x00000007a9e00000|  0%| F|  |TAMS 0x00000007a9c00000| PB 0x00000007a9c00000| Untracked 
|1359|0x00000007a9e00000, 0x00000007a9e00000, 0x00000007aa000000|  0%| F|  |TAMS 0x00000007a9e00000| PB 0x00000007a9e00000| Untracked 
|1360|0x00000007aa000000, 0x00000007aa000000, 0x00000007aa200000|  0%| F|  |TAMS 0x00000007aa000000| PB 0x00000007aa000000| Untracked 
|1361|0x00000007aa200000, 0x00000007aa200000, 0x00000007aa400000|  0%| F|  |TAMS 0x00000007aa200000| PB 0x00000007aa200000| Untracked 
|1362|0x00000007aa400000, 0x00000007aa400000, 0x00000007aa600000|  0%| F|  |TAMS 0x00000007aa400000| PB 0x00000007aa400000| Untracked 
|1363|0x00000007aa600000, 0x00000007aa600000, 0x00000007aa800000|  0%| F|  |TAMS 0x00000007aa600000| PB 0x00000007aa600000| Untracked 
|1364|0x00000007aa800000, 0x00000007aa800000, 0x00000007aaa00000|  0%| F|  |TAMS 0x00000007aa800000| PB 0x00000007aa800000| Untracked 
|1365|0x00000007aaa00000, 0x00000007aaa00000, 0x00000007aac00000|  0%| F|  |TAMS 0x00000007aaa00000| PB 0x00000007aaa00000| Untracked 
|1366|0x00000007aac00000, 0x00000007aac00000, 0x00000007aae00000|  0%| F|  |TAMS 0x00000007aac00000| PB 0x00000007aac00000| Untracked 
|1367|0x00000007aae00000, 0x00000007aae00000, 0x00000007ab000000|  0%| F|  |TAMS 0x00000007aae00000| PB 0x00000007aae00000| Untracked 
|1368|0x00000007ab000000, 0x00000007ab000000, 0x00000007ab200000|  0%| F|  |TAMS 0x00000007ab000000| PB 0x00000007ab000000| Untracked 
|1369|0x00000007ab200000, 0x00000007ab200000, 0x00000007ab400000|  0%| F|  |TAMS 0x00000007ab200000| PB 0x00000007ab200000| Untracked 
|1370|0x00000007ab400000, 0x00000007ab400000, 0x00000007ab600000|  0%| F|  |TAMS 0x00000007ab400000| PB 0x00000007ab400000| Untracked 
|1371|0x00000007ab600000, 0x00000007ab600000, 0x00000007ab800000|  0%| F|  |TAMS 0x00000007ab600000| PB 0x00000007ab600000| Untracked 
|1372|0x00000007ab800000, 0x00000007ab800000, 0x00000007aba00000|  0%| F|  |TAMS 0x00000007ab800000| PB 0x00000007ab800000| Untracked 
|1373|0x00000007aba00000, 0x00000007aba00000, 0x00000007abc00000|  0%| F|  |TAMS 0x00000007aba00000| PB 0x00000007aba00000| Untracked 
|1374|0x00000007abc00000, 0x00000007abc00000, 0x00000007abe00000|  0%| F|  |TAMS 0x00000007abc00000| PB 0x00000007abc00000| Untracked 
|1375|0x00000007abe00000, 0x00000007abe00000, 0x00000007ac000000|  0%| F|  |TAMS 0x00000007abe00000| PB 0x00000007abe00000| Untracked 
|1376|0x00000007ac000000, 0x00000007ac000000, 0x00000007ac200000|  0%| F|  |TAMS 0x00000007ac000000| PB 0x00000007ac000000| Untracked 
|1377|0x00000007ac200000, 0x00000007ac200000, 0x00000007ac400000|  0%| F|  |TAMS 0x00000007ac200000| PB 0x00000007ac200000| Untracked 
|1378|0x00000007ac400000, 0x00000007ac400000, 0x00000007ac600000|  0%| F|  |TAMS 0x00000007ac400000| PB 0x00000007ac400000| Untracked 
|1379|0x00000007ac600000, 0x00000007ac600000, 0x00000007ac800000|  0%| F|  |TAMS 0x00000007ac600000| PB 0x00000007ac600000| Untracked 
|1380|0x00000007ac800000, 0x00000007ac800000, 0x00000007aca00000|  0%| F|  |TAMS 0x00000007ac800000| PB 0x00000007ac800000| Untracked 
|1381|0x00000007aca00000, 0x00000007aca00000, 0x00000007acc00000|  0%| F|  |TAMS 0x00000007aca00000| PB 0x00000007aca00000| Untracked 
|1382|0x00000007acc00000, 0x00000007acc00000, 0x00000007ace00000|  0%| F|  |TAMS 0x00000007acc00000| PB 0x00000007acc00000| Untracked 
|1383|0x00000007ace00000, 0x00000007ace00000, 0x00000007ad000000|  0%| F|  |TAMS 0x00000007ace00000| PB 0x00000007ace00000| Untracked 
|1384|0x00000007ad000000, 0x00000007ad000000, 0x00000007ad200000|  0%| F|  |TAMS 0x00000007ad000000| PB 0x00000007ad000000| Untracked 
|1385|0x00000007ad200000, 0x00000007ad200000, 0x00000007ad400000|  0%| F|  |TAMS 0x00000007ad200000| PB 0x00000007ad200000| Untracked 
|1386|0x00000007ad400000, 0x00000007ad400000, 0x00000007ad600000|  0%| F|  |TAMS 0x00000007ad400000| PB 0x00000007ad400000| Untracked 
|1387|0x00000007ad600000, 0x00000007ad600000, 0x00000007ad800000|  0%| F|  |TAMS 0x00000007ad600000| PB 0x00000007ad600000| Untracked 
|1388|0x00000007ad800000, 0x00000007ad800000, 0x00000007ada00000|  0%| F|  |TAMS 0x00000007ad800000| PB 0x00000007ad800000| Untracked 
|1389|0x00000007ada00000, 0x00000007ada00000, 0x00000007adc00000|  0%| F|  |TAMS 0x00000007ada00000| PB 0x00000007ada00000| Untracked 
|1390|0x00000007adc00000, 0x00000007adc00000, 0x00000007ade00000|  0%| F|  |TAMS 0x00000007adc00000| PB 0x00000007adc00000| Untracked 
|1391|0x00000007ade00000, 0x00000007ade00000, 0x00000007ae000000|  0%| F|  |TAMS 0x00000007ade00000| PB 0x00000007ade00000| Untracked 
|1392|0x00000007ae000000, 0x00000007ae000000, 0x00000007ae200000|  0%| F|  |TAMS 0x00000007ae000000| PB 0x00000007ae000000| Untracked 
|1393|0x00000007ae200000, 0x00000007ae200000, 0x00000007ae400000|  0%| F|  |TAMS 0x00000007ae200000| PB 0x00000007ae200000| Untracked 
|1394|0x00000007ae400000, 0x00000007ae400000, 0x00000007ae600000|  0%| F|  |TAMS 0x00000007ae400000| PB 0x00000007ae400000| Untracked 
|1395|0x00000007ae600000, 0x00000007ae600000, 0x00000007ae800000|  0%| F|  |TAMS 0x00000007ae600000| PB 0x00000007ae600000| Untracked 
|1396|0x00000007ae800000, 0x00000007ae800000, 0x00000007aea00000|  0%| F|  |TAMS 0x00000007ae800000| PB 0x00000007ae800000| Untracked 
|1397|0x00000007aea00000, 0x00000007aea00000, 0x00000007aec00000|  0%| F|  |TAMS 0x00000007aea00000| PB 0x00000007aea00000| Untracked 
|1398|0x00000007aec00000, 0x00000007aec00000, 0x00000007aee00000|  0%| F|  |TAMS 0x00000007aec00000| PB 0x00000007aec00000| Untracked 
|1399|0x00000007aee00000, 0x00000007aee00000, 0x00000007af000000|  0%| F|  |TAMS 0x00000007aee00000| PB 0x00000007aee00000| Untracked 
|1400|0x00000007af000000, 0x00000007af000000, 0x00000007af200000|  0%| F|  |TAMS 0x00000007af000000| PB 0x00000007af000000| Untracked 
|1401|0x00000007af200000, 0x00000007af200000, 0x00000007af400000|  0%| F|  |TAMS 0x00000007af200000| PB 0x00000007af200000| Untracked 
|1402|0x00000007af400000, 0x00000007af400000, 0x00000007af600000|  0%| F|  |TAMS 0x00000007af400000| PB 0x00000007af400000| Untracked 
|1403|0x00000007af600000, 0x00000007af600000, 0x00000007af800000|  0%| F|  |TAMS 0x00000007af600000| PB 0x00000007af600000| Untracked 
|1404|0x00000007af800000, 0x00000007af800000, 0x00000007afa00000|  0%| F|  |TAMS 0x00000007af800000| PB 0x00000007af800000| Untracked 
|1405|0x00000007afa00000, 0x00000007afa00000, 0x00000007afc00000|  0%| F|  |TAMS 0x00000007afa00000| PB 0x00000007afa00000| Untracked 
|1406|0x00000007afc00000, 0x00000007afc00000, 0x00000007afe00000|  0%| F|  |TAMS 0x00000007afc00000| PB 0x00000007afc00000| Untracked 
|1407|0x00000007afe00000, 0x00000007afe00000, 0x00000007b0000000|  0%| F|  |TAMS 0x00000007afe00000| PB 0x00000007afe00000| Untracked 
|1408|0x00000007b0000000, 0x00000007b0000000, 0x00000007b0200000|  0%| F|  |TAMS 0x00000007b0000000| PB 0x00000007b0000000| Untracked 
|1409|0x00000007b0200000, 0x00000007b0200000, 0x00000007b0400000|  0%| F|  |TAMS 0x00000007b0200000| PB 0x00000007b0200000| Untracked 
|1410|0x00000007b0400000, 0x00000007b0400000, 0x00000007b0600000|  0%| F|  |TAMS 0x00000007b0400000| PB 0x00000007b0400000| Untracked 
|1411|0x00000007b0600000, 0x00000007b0600000, 0x00000007b0800000|  0%| F|  |TAMS 0x00000007b0600000| PB 0x00000007b0600000| Untracked 
|1412|0x00000007b0800000, 0x00000007b0800000, 0x00000007b0a00000|  0%| F|  |TAMS 0x00000007b0800000| PB 0x00000007b0800000| Untracked 
|1413|0x00000007b0a00000, 0x00000007b0a00000, 0x00000007b0c00000|  0%| F|  |TAMS 0x00000007b0a00000| PB 0x00000007b0a00000| Untracked 
|1414|0x00000007b0c00000, 0x00000007b0c00000, 0x00000007b0e00000|  0%| F|  |TAMS 0x00000007b0c00000| PB 0x00000007b0c00000| Untracked 
|1415|0x00000007b0e00000, 0x00000007b0e00000, 0x00000007b1000000|  0%| F|  |TAMS 0x00000007b0e00000| PB 0x00000007b0e00000| Untracked 
|1416|0x00000007b1000000, 0x00000007b1000000, 0x00000007b1200000|  0%| F|  |TAMS 0x00000007b1000000| PB 0x00000007b1000000| Untracked 
|1417|0x00000007b1200000, 0x00000007b1200000, 0x00000007b1400000|  0%| F|  |TAMS 0x00000007b1200000| PB 0x00000007b1200000| Untracked 
|1418|0x00000007b1400000, 0x00000007b1400000, 0x00000007b1600000|  0%| F|  |TAMS 0x00000007b1400000| PB 0x00000007b1400000| Untracked 
|1419|0x00000007b1600000, 0x00000007b1600000, 0x00000007b1800000|  0%| F|  |TAMS 0x00000007b1600000| PB 0x00000007b1600000| Untracked 
|1420|0x00000007b1800000, 0x00000007b1800000, 0x00000007b1a00000|  0%| F|  |TAMS 0x00000007b1800000| PB 0x00000007b1800000| Untracked 
|1421|0x00000007b1a00000, 0x00000007b1a00000, 0x00000007b1c00000|  0%| F|  |TAMS 0x00000007b1a00000| PB 0x00000007b1a00000| Untracked 
|1422|0x00000007b1c00000, 0x00000007b1c00000, 0x00000007b1e00000|  0%| F|  |TAMS 0x00000007b1c00000| PB 0x00000007b1c00000| Untracked 
|1423|0x00000007b1e00000, 0x00000007b1e00000, 0x00000007b2000000|  0%| F|  |TAMS 0x00000007b1e00000| PB 0x00000007b1e00000| Untracked 
|1424|0x00000007b2000000, 0x00000007b2000000, 0x00000007b2200000|  0%| F|  |TAMS 0x00000007b2000000| PB 0x00000007b2000000| Untracked 
|1425|0x00000007b2200000, 0x00000007b2200000, 0x00000007b2400000|  0%| F|  |TAMS 0x00000007b2200000| PB 0x00000007b2200000| Untracked 
|1426|0x00000007b2400000, 0x00000007b2400000, 0x00000007b2600000|  0%| F|  |TAMS 0x00000007b2400000| PB 0x00000007b2400000| Untracked 
|1427|0x00000007b2600000, 0x00000007b2600000, 0x00000007b2800000|  0%| F|  |TAMS 0x00000007b2600000| PB 0x00000007b2600000| Untracked 
|1428|0x00000007b2800000, 0x00000007b2800000, 0x00000007b2a00000|  0%| F|  |TAMS 0x00000007b2800000| PB 0x00000007b2800000| Untracked 
|1429|0x00000007b2a00000, 0x00000007b2a00000, 0x00000007b2c00000|  0%| F|  |TAMS 0x00000007b2a00000| PB 0x00000007b2a00000| Untracked 
|1430|0x00000007b2c00000, 0x00000007b2c00000, 0x00000007b2e00000|  0%| F|  |TAMS 0x00000007b2c00000| PB 0x00000007b2c00000| Untracked 
|1431|0x00000007b2e00000, 0x00000007b2e00000, 0x00000007b3000000|  0%| F|  |TAMS 0x00000007b2e00000| PB 0x00000007b2e00000| Untracked 
|1432|0x00000007b3000000, 0x00000007b3000000, 0x00000007b3200000|  0%| F|  |TAMS 0x00000007b3000000| PB 0x00000007b3000000| Untracked 
|1433|0x00000007b3200000, 0x00000007b3200000, 0x00000007b3400000|  0%| F|  |TAMS 0x00000007b3200000| PB 0x00000007b3200000| Untracked 
|1434|0x00000007b3400000, 0x00000007b3400000, 0x00000007b3600000|  0%| F|  |TAMS 0x00000007b3400000| PB 0x00000007b3400000| Untracked 
|1435|0x00000007b3600000, 0x00000007b3600000, 0x00000007b3800000|  0%| F|  |TAMS 0x00000007b3600000| PB 0x00000007b3600000| Untracked 
|1436|0x00000007b3800000, 0x00000007b3800000, 0x00000007b3a00000|  0%| F|  |TAMS 0x00000007b3800000| PB 0x00000007b3800000| Untracked 
|1437|0x00000007b3a00000, 0x00000007b3a00000, 0x00000007b3c00000|  0%| F|  |TAMS 0x00000007b3a00000| PB 0x00000007b3a00000| Untracked 
|1438|0x00000007b3c00000, 0x00000007b3c00000, 0x00000007b3e00000|  0%| F|  |TAMS 0x00000007b3c00000| PB 0x00000007b3c00000| Untracked 
|1439|0x00000007b3e00000, 0x00000007b3e00000, 0x00000007b4000000|  0%| F|  |TAMS 0x00000007b3e00000| PB 0x00000007b3e00000| Untracked 
|1440|0x00000007b4000000, 0x00000007b4000000, 0x00000007b4200000|  0%| F|  |TAMS 0x00000007b4000000| PB 0x00000007b4000000| Untracked 
|1441|0x00000007b4200000, 0x00000007b4200000, 0x00000007b4400000|  0%| F|  |TAMS 0x00000007b4200000| PB 0x00000007b4200000| Untracked 
|1442|0x00000007b4400000, 0x00000007b4400000, 0x00000007b4600000|  0%| F|  |TAMS 0x00000007b4400000| PB 0x00000007b4400000| Untracked 
|1443|0x00000007b4600000, 0x00000007b4600000, 0x00000007b4800000|  0%| F|  |TAMS 0x00000007b4600000| PB 0x00000007b4600000| Untracked 
|1444|0x00000007b4800000, 0x00000007b4800000, 0x00000007b4a00000|  0%| F|  |TAMS 0x00000007b4800000| PB 0x00000007b4800000| Untracked 
|1445|0x00000007b4a00000, 0x00000007b4a00000, 0x00000007b4c00000|  0%| F|  |TAMS 0x00000007b4a00000| PB 0x00000007b4a00000| Untracked 
|1446|0x00000007b4c00000, 0x00000007b4c00000, 0x00000007b4e00000|  0%| F|  |TAMS 0x00000007b4c00000| PB 0x00000007b4c00000| Untracked 
|1447|0x00000007b4e00000, 0x00000007b4e00000, 0x00000007b5000000|  0%| F|  |TAMS 0x00000007b4e00000| PB 0x00000007b4e00000| Untracked 
|1448|0x00000007b5000000, 0x00000007b5000000, 0x00000007b5200000|  0%| F|  |TAMS 0x00000007b5000000| PB 0x00000007b5000000| Untracked 
|1449|0x00000007b5200000, 0x00000007b5200000, 0x00000007b5400000|  0%| F|  |TAMS 0x00000007b5200000| PB 0x00000007b5200000| Untracked 
|1450|0x00000007b5400000, 0x00000007b5400000, 0x00000007b5600000|  0%| F|  |TAMS 0x00000007b5400000| PB 0x00000007b5400000| Untracked 
|1451|0x00000007b5600000, 0x00000007b5600000, 0x00000007b5800000|  0%| F|  |TAMS 0x00000007b5600000| PB 0x00000007b5600000| Untracked 
|1452|0x00000007b5800000, 0x00000007b5800000, 0x00000007b5a00000|  0%| F|  |TAMS 0x00000007b5800000| PB 0x00000007b5800000| Untracked 
|1453|0x00000007b5a00000, 0x00000007b5a00000, 0x00000007b5c00000|  0%| F|  |TAMS 0x00000007b5a00000| PB 0x00000007b5a00000| Untracked 
|1454|0x00000007b5c00000, 0x00000007b5c00000, 0x00000007b5e00000|  0%| F|  |TAMS 0x00000007b5c00000| PB 0x00000007b5c00000| Untracked 
|1455|0x00000007b5e00000, 0x00000007b5e00000, 0x00000007b6000000|  0%| F|  |TAMS 0x00000007b5e00000| PB 0x00000007b5e00000| Untracked 
|1456|0x00000007b6000000, 0x00000007b6000000, 0x00000007b6200000|  0%| F|  |TAMS 0x00000007b6000000| PB 0x00000007b6000000| Untracked 
|1457|0x00000007b6200000, 0x00000007b6200000, 0x00000007b6400000|  0%| F|  |TAMS 0x00000007b6200000| PB 0x00000007b6200000| Untracked 
|1458|0x00000007b6400000, 0x00000007b6400000, 0x00000007b6600000|  0%| F|  |TAMS 0x00000007b6400000| PB 0x00000007b6400000| Untracked 
|1459|0x00000007b6600000, 0x00000007b6600000, 0x00000007b6800000|  0%| F|  |TAMS 0x00000007b6600000| PB 0x00000007b6600000| Untracked 
|1460|0x00000007b6800000, 0x00000007b6800000, 0x00000007b6a00000|  0%| F|  |TAMS 0x00000007b6800000| PB 0x00000007b6800000| Untracked 
|1461|0x00000007b6a00000, 0x00000007b6a00000, 0x00000007b6c00000|  0%| F|  |TAMS 0x00000007b6a00000| PB 0x00000007b6a00000| Untracked 
|1462|0x00000007b6c00000, 0x00000007b6c00000, 0x00000007b6e00000|  0%| F|  |TAMS 0x00000007b6c00000| PB 0x00000007b6c00000| Untracked 
|1463|0x00000007b6e00000, 0x00000007b6e00000, 0x00000007b7000000|  0%| F|  |TAMS 0x00000007b6e00000| PB 0x00000007b6e00000| Untracked 
|1464|0x00000007b7000000, 0x00000007b7000000, 0x00000007b7200000|  0%| F|  |TAMS 0x00000007b7000000| PB 0x00000007b7000000| Untracked 
|1465|0x00000007b7200000, 0x00000007b7200000, 0x00000007b7400000|  0%| F|  |TAMS 0x00000007b7200000| PB 0x00000007b7200000| Untracked 
|1466|0x00000007b7400000, 0x00000007b7400000, 0x00000007b7600000|  0%| F|  |TAMS 0x00000007b7400000| PB 0x00000007b7400000| Untracked 
|1467|0x00000007b7600000, 0x00000007b7600000, 0x00000007b7800000|  0%| F|  |TAMS 0x00000007b7600000| PB 0x00000007b7600000| Untracked 
|1468|0x00000007b7800000, 0x00000007b7800000, 0x00000007b7a00000|  0%| F|  |TAMS 0x00000007b7800000| PB 0x00000007b7800000| Untracked 
|1469|0x00000007b7a00000, 0x00000007b7a00000, 0x00000007b7c00000|  0%| F|  |TAMS 0x00000007b7a00000| PB 0x00000007b7a00000| Untracked 
|1470|0x00000007b7c00000, 0x00000007b7c00000, 0x00000007b7e00000|  0%| F|  |TAMS 0x00000007b7c00000| PB 0x00000007b7c00000| Untracked 
|1471|0x00000007b7e00000, 0x00000007b7e00000, 0x00000007b8000000|  0%| F|  |TAMS 0x00000007b7e00000| PB 0x00000007b7e00000| Untracked 
|1472|0x00000007b8000000, 0x00000007b8000000, 0x00000007b8200000|  0%| F|  |TAMS 0x00000007b8000000| PB 0x00000007b8000000| Untracked 
|1473|0x00000007b8200000, 0x00000007b8200000, 0x00000007b8400000|  0%| F|  |TAMS 0x00000007b8200000| PB 0x00000007b8200000| Untracked 
|1474|0x00000007b8400000, 0x00000007b8400000, 0x00000007b8600000|  0%| F|  |TAMS 0x00000007b8400000| PB 0x00000007b8400000| Untracked 
|1475|0x00000007b8600000, 0x00000007b8600000, 0x00000007b8800000|  0%| F|  |TAMS 0x00000007b8600000| PB 0x00000007b8600000| Untracked 
|1476|0x00000007b8800000, 0x00000007b8800000, 0x00000007b8a00000|  0%| F|  |TAMS 0x00000007b8800000| PB 0x00000007b8800000| Untracked 
|1477|0x00000007b8a00000, 0x00000007b8a00000, 0x00000007b8c00000|  0%| F|  |TAMS 0x00000007b8a00000| PB 0x00000007b8a00000| Untracked 
|1478|0x00000007b8c00000, 0x00000007b8c00000, 0x00000007b8e00000|  0%| F|  |TAMS 0x00000007b8c00000| PB 0x00000007b8c00000| Untracked 
|1479|0x00000007b8e00000, 0x00000007b8e00000, 0x00000007b9000000|  0%| F|  |TAMS 0x00000007b8e00000| PB 0x00000007b8e00000| Untracked 
|1480|0x00000007b9000000, 0x00000007b9000000, 0x00000007b9200000|  0%| F|  |TAMS 0x00000007b9000000| PB 0x00000007b9000000| Untracked 
|1481|0x00000007b9200000, 0x00000007b9200000, 0x00000007b9400000|  0%| F|  |TAMS 0x00000007b9200000| PB 0x00000007b9200000| Untracked 
|1482|0x00000007b9400000, 0x00000007b9400000, 0x00000007b9600000|  0%| F|  |TAMS 0x00000007b9400000| PB 0x00000007b9400000| Untracked 
|1483|0x00000007b9600000, 0x00000007b9600000, 0x00000007b9800000|  0%| F|  |TAMS 0x00000007b9600000| PB 0x00000007b9600000| Untracked 
|1484|0x00000007b9800000, 0x00000007b9800000, 0x00000007b9a00000|  0%| F|  |TAMS 0x00000007b9800000| PB 0x00000007b9800000| Untracked 
|1485|0x00000007b9a00000, 0x00000007b9a00000, 0x00000007b9c00000|  0%| F|  |TAMS 0x00000007b9a00000| PB 0x00000007b9a00000| Untracked 
|1486|0x00000007b9c00000, 0x00000007b9c00000, 0x00000007b9e00000|  0%| F|  |TAMS 0x00000007b9c00000| PB 0x00000007b9c00000| Untracked 
|1487|0x00000007b9e00000, 0x00000007b9e00000, 0x00000007ba000000|  0%| F|  |TAMS 0x00000007b9e00000| PB 0x00000007b9e00000| Untracked 
|1488|0x00000007ba000000, 0x00000007ba000000, 0x00000007ba200000|  0%| F|  |TAMS 0x00000007ba000000| PB 0x00000007ba000000| Untracked 
|1489|0x00000007ba200000, 0x00000007ba200000, 0x00000007ba400000|  0%| F|  |TAMS 0x00000007ba200000| PB 0x00000007ba200000| Untracked 
|1490|0x00000007ba400000, 0x00000007ba400000, 0x00000007ba600000|  0%| F|  |TAMS 0x00000007ba400000| PB 0x00000007ba400000| Untracked 
|1491|0x00000007ba600000, 0x00000007ba600000, 0x00000007ba800000|  0%| F|  |TAMS 0x00000007ba600000| PB 0x00000007ba600000| Untracked 
|1492|0x00000007ba800000, 0x00000007ba800000, 0x00000007baa00000|  0%| F|  |TAMS 0x00000007ba800000| PB 0x00000007ba800000| Untracked 
|1493|0x00000007baa00000, 0x00000007baa00000, 0x00000007bac00000|  0%| F|  |TAMS 0x00000007baa00000| PB 0x00000007baa00000| Untracked 
|1494|0x00000007bac00000, 0x00000007bac00000, 0x00000007bae00000|  0%| F|  |TAMS 0x00000007bac00000| PB 0x00000007bac00000| Untracked 
|1495|0x00000007bae00000, 0x00000007bae00000, 0x00000007bb000000|  0%| F|  |TAMS 0x00000007bae00000| PB 0x00000007bae00000| Untracked 
|1496|0x00000007bb000000, 0x00000007bb000000, 0x00000007bb200000|  0%| F|  |TAMS 0x00000007bb000000| PB 0x00000007bb000000| Untracked 
|1497|0x00000007bb200000, 0x00000007bb200000, 0x00000007bb400000|  0%| F|  |TAMS 0x00000007bb200000| PB 0x00000007bb200000| Untracked 
|1498|0x00000007bb400000, 0x00000007bb400000, 0x00000007bb600000|  0%| F|  |TAMS 0x00000007bb400000| PB 0x00000007bb400000| Untracked 
|1499|0x00000007bb600000, 0x00000007bb600000, 0x00000007bb800000|  0%| F|  |TAMS 0x00000007bb600000| PB 0x00000007bb600000| Untracked 
|1500|0x00000007bb800000, 0x00000007bb800000, 0x00000007bba00000|  0%| F|  |TAMS 0x00000007bb800000| PB 0x00000007bb800000| Untracked 
|1501|0x00000007bba00000, 0x00000007bba00000, 0x00000007bbc00000|  0%| F|  |TAMS 0x00000007bba00000| PB 0x00000007bba00000| Untracked 
|1502|0x00000007bbc00000, 0x00000007bbc00000, 0x00000007bbe00000|  0%| F|  |TAMS 0x00000007bbc00000| PB 0x00000007bbc00000| Untracked 
|1503|0x00000007bbe00000, 0x00000007bbe00000, 0x00000007bc000000|  0%| F|  |TAMS 0x00000007bbe00000| PB 0x00000007bbe00000| Untracked 
|1504|0x00000007bc000000, 0x00000007bc000000, 0x00000007bc200000|  0%| F|  |TAMS 0x00000007bc000000| PB 0x00000007bc000000| Untracked 
|1505|0x00000007bc200000, 0x00000007bc200000, 0x00000007bc400000|  0%| F|  |TAMS 0x00000007bc200000| PB 0x00000007bc200000| Untracked 
|1506|0x00000007bc400000, 0x00000007bc400000, 0x00000007bc600000|  0%| F|  |TAMS 0x00000007bc400000| PB 0x00000007bc400000| Untracked 
|1507|0x00000007bc600000, 0x00000007bc600000, 0x00000007bc800000|  0%| F|  |TAMS 0x00000007bc600000| PB 0x00000007bc600000| Untracked 
|1508|0x00000007bc800000, 0x00000007bc800000, 0x00000007bca00000|  0%| F|  |TAMS 0x00000007bc800000| PB 0x00000007bc800000| Untracked 
|1509|0x00000007bca00000, 0x00000007bca00000, 0x00000007bcc00000|  0%| F|  |TAMS 0x00000007bca00000| PB 0x00000007bca00000| Untracked 
|1510|0x00000007bcc00000, 0x00000007bcc00000, 0x00000007bce00000|  0%| F|  |TAMS 0x00000007bcc00000| PB 0x00000007bcc00000| Untracked 
|1511|0x00000007bce00000, 0x00000007bce00000, 0x00000007bd000000|  0%| F|  |TAMS 0x00000007bce00000| PB 0x00000007bce00000| Untracked 
|1512|0x00000007bd000000, 0x00000007bd000000, 0x00000007bd200000|  0%| F|  |TAMS 0x00000007bd000000| PB 0x00000007bd000000| Untracked 
|1513|0x00000007bd200000, 0x00000007bd200000, 0x00000007bd400000|  0%| F|  |TAMS 0x00000007bd200000| PB 0x00000007bd200000| Untracked 
|1514|0x00000007bd400000, 0x00000007bd400000, 0x00000007bd600000|  0%| F|  |TAMS 0x00000007bd400000| PB 0x00000007bd400000| Untracked 
|1515|0x00000007bd600000, 0x00000007bd600000, 0x00000007bd800000|  0%| F|  |TAMS 0x00000007bd600000| PB 0x00000007bd600000| Untracked 
|1516|0x00000007bd800000, 0x00000007bd800000, 0x00000007bda00000|  0%| F|  |TAMS 0x00000007bd800000| PB 0x00000007bd800000| Untracked 
|1517|0x00000007bda00000, 0x00000007bda00000, 0x00000007bdc00000|  0%| F|  |TAMS 0x00000007bda00000| PB 0x00000007bda00000| Untracked 
|1518|0x00000007bdc00000, 0x00000007bdc00000, 0x00000007bde00000|  0%| F|  |TAMS 0x00000007bdc00000| PB 0x00000007bdc00000| Untracked 
|1519|0x00000007bde00000, 0x00000007bde00000, 0x00000007be000000|  0%| F|  |TAMS 0x00000007bde00000| PB 0x00000007bde00000| Untracked 
|1520|0x00000007be000000, 0x00000007be000000, 0x00000007be200000|  0%| F|  |TAMS 0x00000007be000000| PB 0x00000007be000000| Untracked 
|1521|0x00000007be200000, 0x00000007be200000, 0x00000007be400000|  0%| F|  |TAMS 0x00000007be200000| PB 0x00000007be200000| Untracked 
|1522|0x00000007be400000, 0x00000007be400000, 0x00000007be600000|  0%| F|  |TAMS 0x00000007be400000| PB 0x00000007be400000| Untracked 
|1523|0x00000007be600000, 0x00000007be600000, 0x00000007be800000|  0%| F|  |TAMS 0x00000007be600000| PB 0x00000007be600000| Untracked 
|1524|0x00000007be800000, 0x00000007be800000, 0x00000007bea00000|  0%| F|  |TAMS 0x00000007be800000| PB 0x00000007be800000| Untracked 
|1525|0x00000007bea00000, 0x00000007bea00000, 0x00000007bec00000|  0%| F|  |TAMS 0x00000007bea00000| PB 0x00000007bea00000| Untracked 
|1526|0x00000007bec00000, 0x00000007bec00000, 0x00000007bee00000|  0%| F|  |TAMS 0x00000007bec00000| PB 0x00000007bec00000| Untracked 
|1527|0x00000007bee00000, 0x00000007bee00000, 0x00000007bf000000|  0%| F|  |TAMS 0x00000007bee00000| PB 0x00000007bee00000| Untracked 
|1528|0x00000007bf000000, 0x00000007bf000000, 0x00000007bf200000|  0%| F|  |TAMS 0x00000007bf000000| PB 0x00000007bf000000| Untracked 
|1529|0x00000007bf200000, 0x00000007bf200000, 0x00000007bf400000|  0%| F|  |TAMS 0x00000007bf200000| PB 0x00000007bf200000| Untracked 
|1530|0x00000007bf400000, 0x00000007bf400000, 0x00000007bf600000|  0%| F|  |TAMS 0x00000007bf400000| PB 0x00000007bf400000| Untracked 
|1531|0x00000007bf600000, 0x00000007bf600000, 0x00000007bf800000|  0%| F|  |TAMS 0x00000007bf600000| PB 0x00000007bf600000| Untracked 
|1532|0x00000007bf800000, 0x00000007bf800000, 0x00000007bfa00000|  0%| F|  |TAMS 0x00000007bf800000| PB 0x00000007bf800000| Untracked 
|1533|0x00000007bfa00000, 0x00000007bfa00000, 0x00000007bfc00000|  0%| F|  |TAMS 0x00000007bfa00000| PB 0x00000007bfa00000| Untracked 
|1534|0x00000007bfc00000, 0x00000007bfc00000, 0x00000007bfe00000|  0%| F|  |TAMS 0x00000007bfc00000| PB 0x00000007bfc00000| Untracked 
|1535|0x00000007bfe00000, 0x00000007bfe00000, 0x00000007c0000000|  0%| F|  |TAMS 0x00000007bfe00000| PB 0x00000007bfe00000| Untracked 
|1536|0x00000007c0000000, 0x00000007c0000000, 0x00000007c0200000|  0%| F|  |TAMS 0x00000007c0000000| PB 0x00000007c0000000| Untracked 
|1537|0x00000007c0200000, 0x00000007c0200000, 0x00000007c0400000|  0%| F|  |TAMS 0x00000007c0200000| PB 0x00000007c0200000| Untracked 
|1538|0x00000007c0400000, 0x00000007c0400000, 0x00000007c0600000|  0%| F|  |TAMS 0x00000007c0400000| PB 0x00000007c0400000| Untracked 
|1539|0x00000007c0600000, 0x00000007c0600000, 0x00000007c0800000|  0%| F|  |TAMS 0x00000007c0600000| PB 0x00000007c0600000| Untracked 
|1540|0x00000007c0800000, 0x00000007c0800000, 0x00000007c0a00000|  0%| F|  |TAMS 0x00000007c0800000| PB 0x00000007c0800000| Untracked 
|1541|0x00000007c0a00000, 0x00000007c0a00000, 0x00000007c0c00000|  0%| F|  |TAMS 0x00000007c0a00000| PB 0x00000007c0a00000| Untracked 
|1542|0x00000007c0c00000, 0x00000007c0c00000, 0x00000007c0e00000|  0%| F|  |TAMS 0x00000007c0c00000| PB 0x00000007c0c00000| Untracked 
|1543|0x00000007c0e00000, 0x00000007c0e00000, 0x00000007c1000000|  0%| F|  |TAMS 0x00000007c0e00000| PB 0x00000007c0e00000| Untracked 
|1544|0x00000007c1000000, 0x00000007c1000000, 0x00000007c1200000|  0%| F|  |TAMS 0x00000007c1000000| PB 0x00000007c1000000| Untracked 
|1545|0x00000007c1200000, 0x00000007c1200000, 0x00000007c1400000|  0%| F|  |TAMS 0x00000007c1200000| PB 0x00000007c1200000| Untracked 
|1546|0x00000007c1400000, 0x00000007c1400000, 0x00000007c1600000|  0%| F|  |TAMS 0x00000007c1400000| PB 0x00000007c1400000| Untracked 
|1547|0x00000007c1600000, 0x00000007c1600000, 0x00000007c1800000|  0%| F|  |TAMS 0x00000007c1600000| PB 0x00000007c1600000| Untracked 
|1548|0x00000007c1800000, 0x00000007c1800000, 0x00000007c1a00000|  0%| F|  |TAMS 0x00000007c1800000| PB 0x00000007c1800000| Untracked 
|1549|0x00000007c1a00000, 0x00000007c1a00000, 0x00000007c1c00000|  0%| F|  |TAMS 0x00000007c1a00000| PB 0x00000007c1a00000| Untracked 
|1550|0x00000007c1c00000, 0x00000007c1c00000, 0x00000007c1e00000|  0%| F|  |TAMS 0x00000007c1c00000| PB 0x00000007c1c00000| Untracked 
|1551|0x00000007c1e00000, 0x00000007c1e00000, 0x00000007c2000000|  0%| F|  |TAMS 0x00000007c1e00000| PB 0x00000007c1e00000| Untracked 
|1552|0x00000007c2000000, 0x00000007c2000000, 0x00000007c2200000|  0%| F|  |TAMS 0x00000007c2000000| PB 0x00000007c2000000| Untracked 
|1553|0x00000007c2200000, 0x00000007c2200000, 0x00000007c2400000|  0%| F|  |TAMS 0x00000007c2200000| PB 0x00000007c2200000| Untracked 
|1554|0x00000007c2400000, 0x00000007c2400000, 0x00000007c2600000|  0%| F|  |TAMS 0x00000007c2400000| PB 0x00000007c2400000| Untracked 
|1555|0x00000007c2600000, 0x00000007c2600000, 0x00000007c2800000|  0%| F|  |TAMS 0x00000007c2600000| PB 0x00000007c2600000| Untracked 
|1556|0x00000007c2800000, 0x00000007c2800000, 0x00000007c2a00000|  0%| F|  |TAMS 0x00000007c2800000| PB 0x00000007c2800000| Untracked 
|1557|0x00000007c2a00000, 0x00000007c2a00000, 0x00000007c2c00000|  0%| F|  |TAMS 0x00000007c2a00000| PB 0x00000007c2a00000| Untracked 
|1558|0x00000007c2c00000, 0x00000007c2c00000, 0x00000007c2e00000|  0%| F|  |TAMS 0x00000007c2c00000| PB 0x00000007c2c00000| Untracked 
|1559|0x00000007c2e00000, 0x00000007c2e00000, 0x00000007c3000000|  0%| F|  |TAMS 0x00000007c2e00000| PB 0x00000007c2e00000| Untracked 
|1560|0x00000007c3000000, 0x00000007c3000000, 0x00000007c3200000|  0%| F|  |TAMS 0x00000007c3000000| PB 0x00000007c3000000| Untracked 
|1561|0x00000007c3200000, 0x00000007c3200000, 0x00000007c3400000|  0%| F|  |TAMS 0x00000007c3200000| PB 0x00000007c3200000| Untracked 
|1562|0x00000007c3400000, 0x00000007c3400000, 0x00000007c3600000|  0%| F|  |TAMS 0x00000007c3400000| PB 0x00000007c3400000| Untracked 
|1563|0x00000007c3600000, 0x00000007c3600000, 0x00000007c3800000|  0%| F|  |TAMS 0x00000007c3600000| PB 0x00000007c3600000| Untracked 
|1564|0x00000007c3800000, 0x00000007c3800000, 0x00000007c3a00000|  0%| F|  |TAMS 0x00000007c3800000| PB 0x00000007c3800000| Untracked 
|1565|0x00000007c3a00000, 0x00000007c3a00000, 0x00000007c3c00000|  0%| F|  |TAMS 0x00000007c3a00000| PB 0x00000007c3a00000| Untracked 
|1566|0x00000007c3c00000, 0x00000007c3c00000, 0x00000007c3e00000|  0%| F|  |TAMS 0x00000007c3c00000| PB 0x00000007c3c00000| Untracked 
|1567|0x00000007c3e00000, 0x00000007c3e00000, 0x00000007c4000000|  0%| F|  |TAMS 0x00000007c3e00000| PB 0x00000007c3e00000| Untracked 
|1568|0x00000007c4000000, 0x00000007c4000000, 0x00000007c4200000|  0%| F|  |TAMS 0x00000007c4000000| PB 0x00000007c4000000| Untracked 
|1569|0x00000007c4200000, 0x00000007c4200000, 0x00000007c4400000|  0%| F|  |TAMS 0x00000007c4200000| PB 0x00000007c4200000| Untracked 
|1570|0x00000007c4400000, 0x00000007c4400000, 0x00000007c4600000|  0%| F|  |TAMS 0x00000007c4400000| PB 0x00000007c4400000| Untracked 
|1571|0x00000007c4600000, 0x00000007c4600000, 0x00000007c4800000|  0%| F|  |TAMS 0x00000007c4600000| PB 0x00000007c4600000| Untracked 
|1572|0x00000007c4800000, 0x00000007c4800000, 0x00000007c4a00000|  0%| F|  |TAMS 0x00000007c4800000| PB 0x00000007c4800000| Untracked 
|1573|0x00000007c4a00000, 0x00000007c4a00000, 0x00000007c4c00000|  0%| F|  |TAMS 0x00000007c4a00000| PB 0x00000007c4a00000| Untracked 
|1574|0x00000007c4c00000, 0x00000007c4c00000, 0x00000007c4e00000|  0%| F|  |TAMS 0x00000007c4c00000| PB 0x00000007c4c00000| Untracked 
|1575|0x00000007c4e00000, 0x00000007c4e00000, 0x00000007c5000000|  0%| F|  |TAMS 0x00000007c4e00000| PB 0x00000007c4e00000| Untracked 
|1576|0x00000007c5000000, 0x00000007c5000000, 0x00000007c5200000|  0%| F|  |TAMS 0x00000007c5000000| PB 0x00000007c5000000| Untracked 
|1577|0x00000007c5200000, 0x00000007c5200000, 0x00000007c5400000|  0%| F|  |TAMS 0x00000007c5200000| PB 0x00000007c5200000| Untracked 
|1578|0x00000007c5400000, 0x00000007c5400000, 0x00000007c5600000|  0%| F|  |TAMS 0x00000007c5400000| PB 0x00000007c5400000| Untracked 
|1579|0x00000007c5600000, 0x00000007c5600000, 0x00000007c5800000|  0%| F|  |TAMS 0x00000007c5600000| PB 0x00000007c5600000| Untracked 
|1580|0x00000007c5800000, 0x00000007c5800000, 0x00000007c5a00000|  0%| F|  |TAMS 0x00000007c5800000| PB 0x00000007c5800000| Untracked 
|1581|0x00000007c5a00000, 0x00000007c5a00000, 0x00000007c5c00000|  0%| F|  |TAMS 0x00000007c5a00000| PB 0x00000007c5a00000| Untracked 
|1582|0x00000007c5c00000, 0x00000007c5c00000, 0x00000007c5e00000|  0%| F|  |TAMS 0x00000007c5c00000| PB 0x00000007c5c00000| Untracked 
|1583|0x00000007c5e00000, 0x00000007c5e00000, 0x00000007c6000000|  0%| F|  |TAMS 0x00000007c5e00000| PB 0x00000007c5e00000| Untracked 
|1584|0x00000007c6000000, 0x00000007c6000000, 0x00000007c6200000|  0%| F|  |TAMS 0x00000007c6000000| PB 0x00000007c6000000| Untracked 
|1585|0x00000007c6200000, 0x00000007c6200000, 0x00000007c6400000|  0%| F|  |TAMS 0x00000007c6200000| PB 0x00000007c6200000| Untracked 
|1586|0x00000007c6400000, 0x00000007c6400000, 0x00000007c6600000|  0%| F|  |TAMS 0x00000007c6400000| PB 0x00000007c6400000| Untracked 
|1587|0x00000007c6600000, 0x00000007c6600000, 0x00000007c6800000|  0%| F|  |TAMS 0x00000007c6600000| PB 0x00000007c6600000| Untracked 
|1588|0x00000007c6800000, 0x00000007c6800000, 0x00000007c6a00000|  0%| F|  |TAMS 0x00000007c6800000| PB 0x00000007c6800000| Untracked 
|1589|0x00000007c6a00000, 0x00000007c6a00000, 0x00000007c6c00000|  0%| F|  |TAMS 0x00000007c6a00000| PB 0x00000007c6a00000| Untracked 
|1590|0x00000007c6c00000, 0x00000007c6c00000, 0x00000007c6e00000|  0%| F|  |TAMS 0x00000007c6c00000| PB 0x00000007c6c00000| Untracked 
|1591|0x00000007c6e00000, 0x00000007c6e00000, 0x00000007c7000000|  0%| F|  |TAMS 0x00000007c6e00000| PB 0x00000007c6e00000| Untracked 
|1592|0x00000007c7000000, 0x00000007c7000000, 0x00000007c7200000|  0%| F|  |TAMS 0x00000007c7000000| PB 0x00000007c7000000| Untracked 
|1593|0x00000007c7200000, 0x00000007c7200000, 0x00000007c7400000|  0%| F|  |TAMS 0x00000007c7200000| PB 0x00000007c7200000| Untracked 
|1594|0x00000007c7400000, 0x00000007c7400000, 0x00000007c7600000|  0%| F|  |TAMS 0x00000007c7400000| PB 0x00000007c7400000| Untracked 
|1595|0x00000007c7600000, 0x00000007c7600000, 0x00000007c7800000|  0%| F|  |TAMS 0x00000007c7600000| PB 0x00000007c7600000| Untracked 
|1596|0x00000007c7800000, 0x00000007c7800000, 0x00000007c7a00000|  0%| F|  |TAMS 0x00000007c7800000| PB 0x00000007c7800000| Untracked 
|1597|0x00000007c7a00000, 0x00000007c7a00000, 0x00000007c7c00000|  0%| F|  |TAMS 0x00000007c7a00000| PB 0x00000007c7a00000| Untracked 
|1598|0x00000007c7c00000, 0x00000007c7c00000, 0x00000007c7e00000|  0%| F|  |TAMS 0x00000007c7c00000| PB 0x00000007c7c00000| Untracked 
|1599|0x00000007c7e00000, 0x00000007c7e00000, 0x00000007c8000000|  0%| F|  |TAMS 0x00000007c7e00000| PB 0x00000007c7e00000| Untracked 
|1600|0x00000007c8000000, 0x00000007c8000000, 0x00000007c8200000|  0%| F|  |TAMS 0x00000007c8000000| PB 0x00000007c8000000| Untracked 
|1601|0x00000007c8200000, 0x00000007c8200000, 0x00000007c8400000|  0%| F|  |TAMS 0x00000007c8200000| PB 0x00000007c8200000| Untracked 
|1602|0x00000007c8400000, 0x00000007c8400000, 0x00000007c8600000|  0%| F|  |TAMS 0x00000007c8400000| PB 0x00000007c8400000| Untracked 
|1603|0x00000007c8600000, 0x00000007c8600000, 0x00000007c8800000|  0%| F|  |TAMS 0x00000007c8600000| PB 0x00000007c8600000| Untracked 
|1604|0x00000007c8800000, 0x00000007c8800000, 0x00000007c8a00000|  0%| F|  |TAMS 0x00000007c8800000| PB 0x00000007c8800000| Untracked 
|1605|0x00000007c8a00000, 0x00000007c8a00000, 0x00000007c8c00000|  0%| F|  |TAMS 0x00000007c8a00000| PB 0x00000007c8a00000| Untracked 
|1606|0x00000007c8c00000, 0x00000007c8c00000, 0x00000007c8e00000|  0%| F|  |TAMS 0x00000007c8c00000| PB 0x00000007c8c00000| Untracked 
|1607|0x00000007c8e00000, 0x00000007c8e00000, 0x00000007c9000000|  0%| F|  |TAMS 0x00000007c8e00000| PB 0x00000007c8e00000| Untracked 
|1608|0x00000007c9000000, 0x00000007c9000000, 0x00000007c9200000|  0%| F|  |TAMS 0x00000007c9000000| PB 0x00000007c9000000| Untracked 
|1609|0x00000007c9200000, 0x00000007c9200000, 0x00000007c9400000|  0%| F|  |TAMS 0x00000007c9200000| PB 0x00000007c9200000| Untracked 
|1610|0x00000007c9400000, 0x00000007c9400000, 0x00000007c9600000|  0%| F|  |TAMS 0x00000007c9400000| PB 0x00000007c9400000| Untracked 
|1611|0x00000007c9600000, 0x00000007c9600000, 0x00000007c9800000|  0%| F|  |TAMS 0x00000007c9600000| PB 0x00000007c9600000| Untracked 
|1612|0x00000007c9800000, 0x00000007c9800000, 0x00000007c9a00000|  0%| F|  |TAMS 0x00000007c9800000| PB 0x00000007c9800000| Untracked 
|1613|0x00000007c9a00000, 0x00000007c9a00000, 0x00000007c9c00000|  0%| F|  |TAMS 0x00000007c9a00000| PB 0x00000007c9a00000| Untracked 
|1614|0x00000007c9c00000, 0x00000007c9c00000, 0x00000007c9e00000|  0%| F|  |TAMS 0x00000007c9c00000| PB 0x00000007c9c00000| Untracked 
|1615|0x00000007c9e00000, 0x00000007c9e00000, 0x00000007ca000000|  0%| F|  |TAMS 0x00000007c9e00000| PB 0x00000007c9e00000| Untracked 
|1616|0x00000007ca000000, 0x00000007ca000000, 0x00000007ca200000|  0%| F|  |TAMS 0x00000007ca000000| PB 0x00000007ca000000| Untracked 
|1617|0x00000007ca200000, 0x00000007ca200000, 0x00000007ca400000|  0%| F|  |TAMS 0x00000007ca200000| PB 0x00000007ca200000| Untracked 
|1618|0x00000007ca400000, 0x00000007ca400000, 0x00000007ca600000|  0%| F|  |TAMS 0x00000007ca400000| PB 0x00000007ca400000| Untracked 
|1619|0x00000007ca600000, 0x00000007ca600000, 0x00000007ca800000|  0%| F|  |TAMS 0x00000007ca600000| PB 0x00000007ca600000| Untracked 
|1620|0x00000007ca800000, 0x00000007ca800000, 0x00000007caa00000|  0%| F|  |TAMS 0x00000007ca800000| PB 0x00000007ca800000| Untracked 
|1621|0x00000007caa00000, 0x00000007caa00000, 0x00000007cac00000|  0%| F|  |TAMS 0x00000007caa00000| PB 0x00000007caa00000| Untracked 
|1622|0x00000007cac00000, 0x00000007cac00000, 0x00000007cae00000|  0%| F|  |TAMS 0x00000007cac00000| PB 0x00000007cac00000| Untracked 
|1623|0x00000007cae00000, 0x00000007cae00000, 0x00000007cb000000|  0%| F|  |TAMS 0x00000007cae00000| PB 0x00000007cae00000| Untracked 
|1624|0x00000007cb000000, 0x00000007cb000000, 0x00000007cb200000|  0%| F|  |TAMS 0x00000007cb000000| PB 0x00000007cb000000| Untracked 
|1625|0x00000007cb200000, 0x00000007cb200000, 0x00000007cb400000|  0%| F|  |TAMS 0x00000007cb200000| PB 0x00000007cb200000| Untracked 
|1626|0x00000007cb400000, 0x00000007cb400000, 0x00000007cb600000|  0%| F|  |TAMS 0x00000007cb400000| PB 0x00000007cb400000| Untracked 
|1627|0x00000007cb600000, 0x00000007cb600000, 0x00000007cb800000|  0%| F|  |TAMS 0x00000007cb600000| PB 0x00000007cb600000| Untracked 
|1628|0x00000007cb800000, 0x00000007cb800000, 0x00000007cba00000|  0%| F|  |TAMS 0x00000007cb800000| PB 0x00000007cb800000| Untracked 
|1629|0x00000007cba00000, 0x00000007cba00000, 0x00000007cbc00000|  0%| F|  |TAMS 0x00000007cba00000| PB 0x00000007cba00000| Untracked 
|1630|0x00000007cbc00000, 0x00000007cbc00000, 0x00000007cbe00000|  0%| F|  |TAMS 0x00000007cbc00000| PB 0x00000007cbc00000| Untracked 
|1631|0x00000007cbe00000, 0x00000007cbe00000, 0x00000007cc000000|  0%| F|  |TAMS 0x00000007cbe00000| PB 0x00000007cbe00000| Untracked 
|1632|0x00000007cc000000, 0x00000007cc000000, 0x00000007cc200000|  0%| F|  |TAMS 0x00000007cc000000| PB 0x00000007cc000000| Untracked 
|1633|0x00000007cc200000, 0x00000007cc200000, 0x00000007cc400000|  0%| F|  |TAMS 0x00000007cc200000| PB 0x00000007cc200000| Untracked 
|1634|0x00000007cc400000, 0x00000007cc400000, 0x00000007cc600000|  0%| F|  |TAMS 0x00000007cc400000| PB 0x00000007cc400000| Untracked 
|1635|0x00000007cc600000, 0x00000007cc600000, 0x00000007cc800000|  0%| F|  |TAMS 0x00000007cc600000| PB 0x00000007cc600000| Untracked 
|1636|0x00000007cc800000, 0x00000007cc800000, 0x00000007cca00000|  0%| F|  |TAMS 0x00000007cc800000| PB 0x00000007cc800000| Untracked 
|1637|0x00000007cca00000, 0x00000007cca00000, 0x00000007ccc00000|  0%| F|  |TAMS 0x00000007cca00000| PB 0x00000007cca00000| Untracked 
|1638|0x00000007ccc00000, 0x00000007ccc00000, 0x00000007cce00000|  0%| F|  |TAMS 0x00000007ccc00000| PB 0x00000007ccc00000| Untracked 
|1639|0x00000007cce00000, 0x00000007cce00000, 0x00000007cd000000|  0%| F|  |TAMS 0x00000007cce00000| PB 0x00000007cce00000| Untracked 
|1640|0x00000007cd000000, 0x00000007cd000000, 0x00000007cd200000|  0%| F|  |TAMS 0x00000007cd000000| PB 0x00000007cd000000| Untracked 
|1641|0x00000007cd200000, 0x00000007cd200000, 0x00000007cd400000|  0%| F|  |TAMS 0x00000007cd200000| PB 0x00000007cd200000| Untracked 
|1642|0x00000007cd400000, 0x00000007cd400000, 0x00000007cd600000|  0%| F|  |TAMS 0x00000007cd400000| PB 0x00000007cd400000| Untracked 
|1643|0x00000007cd600000, 0x00000007cd600000, 0x00000007cd800000|  0%| F|  |TAMS 0x00000007cd600000| PB 0x00000007cd600000| Untracked 
|1644|0x00000007cd800000, 0x00000007cd800000, 0x00000007cda00000|  0%| F|  |TAMS 0x00000007cd800000| PB 0x00000007cd800000| Untracked 
|1645|0x00000007cda00000, 0x00000007cda00000, 0x00000007cdc00000|  0%| F|  |TAMS 0x00000007cda00000| PB 0x00000007cda00000| Untracked 
|1646|0x00000007cdc00000, 0x00000007cdc00000, 0x00000007cde00000|  0%| F|  |TAMS 0x00000007cdc00000| PB 0x00000007cdc00000| Untracked 
|1647|0x00000007cde00000, 0x00000007cde00000, 0x00000007ce000000|  0%| F|  |TAMS 0x00000007cde00000| PB 0x00000007cde00000| Untracked 
|1648|0x00000007ce000000, 0x00000007ce000000, 0x00000007ce200000|  0%| F|  |TAMS 0x00000007ce000000| PB 0x00000007ce000000| Untracked 
|1649|0x00000007ce200000, 0x00000007ce200000, 0x00000007ce400000|  0%| F|  |TAMS 0x00000007ce200000| PB 0x00000007ce200000| Untracked 
|1650|0x00000007ce400000, 0x00000007ce400000, 0x00000007ce600000|  0%| F|  |TAMS 0x00000007ce400000| PB 0x00000007ce400000| Untracked 
|1651|0x00000007ce600000, 0x00000007ce600000, 0x00000007ce800000|  0%| F|  |TAMS 0x00000007ce600000| PB 0x00000007ce600000| Untracked 
|1652|0x00000007ce800000, 0x00000007ce800000, 0x00000007cea00000|  0%| F|  |TAMS 0x00000007ce800000| PB 0x00000007ce800000| Untracked 
|1653|0x00000007cea00000, 0x00000007cea00000, 0x00000007cec00000|  0%| F|  |TAMS 0x00000007cea00000| PB 0x00000007cea00000| Untracked 
|1654|0x00000007cec00000, 0x00000007cec00000, 0x00000007cee00000|  0%| F|  |TAMS 0x00000007cec00000| PB 0x00000007cec00000| Untracked 
|1655|0x00000007cee00000, 0x00000007cee00000, 0x00000007cf000000|  0%| F|  |TAMS 0x00000007cee00000| PB 0x00000007cee00000| Untracked 
|1656|0x00000007cf000000, 0x00000007cf000000, 0x00000007cf200000|  0%| F|  |TAMS 0x00000007cf000000| PB 0x00000007cf000000| Untracked 
|1657|0x00000007cf200000, 0x00000007cf200000, 0x00000007cf400000|  0%| F|  |TAMS 0x00000007cf200000| PB 0x00000007cf200000| Untracked 
|1658|0x00000007cf400000, 0x00000007cf400000, 0x00000007cf600000|  0%| F|  |TAMS 0x00000007cf400000| PB 0x00000007cf400000| Untracked 
|1659|0x00000007cf600000, 0x00000007cf600000, 0x00000007cf800000|  0%| F|  |TAMS 0x00000007cf600000| PB 0x00000007cf600000| Untracked 
|1660|0x00000007cf800000, 0x00000007cf800000, 0x00000007cfa00000|  0%| F|  |TAMS 0x00000007cf800000| PB 0x00000007cf800000| Untracked 
|1661|0x00000007cfa00000, 0x00000007cfa00000, 0x00000007cfc00000|  0%| F|  |TAMS 0x00000007cfa00000| PB 0x00000007cfa00000| Untracked 
|1662|0x00000007cfc00000, 0x00000007cfc00000, 0x00000007cfe00000|  0%| F|  |TAMS 0x00000007cfc00000| PB 0x00000007cfc00000| Untracked 
|1663|0x00000007cfe00000, 0x00000007cfe00000, 0x00000007d0000000|  0%| F|  |TAMS 0x00000007cfe00000| PB 0x00000007cfe00000| Untracked 
|1664|0x00000007d0000000, 0x00000007d0000000, 0x00000007d0200000|  0%| F|  |TAMS 0x00000007d0000000| PB 0x00000007d0000000| Untracked 
|1665|0x00000007d0200000, 0x00000007d0200000, 0x00000007d0400000|  0%| F|  |TAMS 0x00000007d0200000| PB 0x00000007d0200000| Untracked 
|1666|0x00000007d0400000, 0x00000007d0400000, 0x00000007d0600000|  0%| F|  |TAMS 0x00000007d0400000| PB 0x00000007d0400000| Untracked 
|1667|0x00000007d0600000, 0x00000007d0600000, 0x00000007d0800000|  0%| F|  |TAMS 0x00000007d0600000| PB 0x00000007d0600000| Untracked 
|1668|0x00000007d0800000, 0x00000007d0800000, 0x00000007d0a00000|  0%| F|  |TAMS 0x00000007d0800000| PB 0x00000007d0800000| Untracked 
|1669|0x00000007d0a00000, 0x00000007d0a00000, 0x00000007d0c00000|  0%| F|  |TAMS 0x00000007d0a00000| PB 0x00000007d0a00000| Untracked 
|1670|0x00000007d0c00000, 0x00000007d0c00000, 0x00000007d0e00000|  0%| F|  |TAMS 0x00000007d0c00000| PB 0x00000007d0c00000| Untracked 
|1671|0x00000007d0e00000, 0x00000007d0e00000, 0x00000007d1000000|  0%| F|  |TAMS 0x00000007d0e00000| PB 0x00000007d0e00000| Untracked 
|1672|0x00000007d1000000, 0x00000007d1000000, 0x00000007d1200000|  0%| F|  |TAMS 0x00000007d1000000| PB 0x00000007d1000000| Untracked 
|1673|0x00000007d1200000, 0x00000007d1200000, 0x00000007d1400000|  0%| F|  |TAMS 0x00000007d1200000| PB 0x00000007d1200000| Untracked 
|1674|0x00000007d1400000, 0x00000007d1400000, 0x00000007d1600000|  0%| F|  |TAMS 0x00000007d1400000| PB 0x00000007d1400000| Untracked 
|1675|0x00000007d1600000, 0x00000007d1600000, 0x00000007d1800000|  0%| F|  |TAMS 0x00000007d1600000| PB 0x00000007d1600000| Untracked 
|1676|0x00000007d1800000, 0x00000007d1800000, 0x00000007d1a00000|  0%| F|  |TAMS 0x00000007d1800000| PB 0x00000007d1800000| Untracked 
|1677|0x00000007d1a00000, 0x00000007d1a00000, 0x00000007d1c00000|  0%| F|  |TAMS 0x00000007d1a00000| PB 0x00000007d1a00000| Untracked 
|1678|0x00000007d1c00000, 0x00000007d1c00000, 0x00000007d1e00000|  0%| F|  |TAMS 0x00000007d1c00000| PB 0x00000007d1c00000| Untracked 
|1679|0x00000007d1e00000, 0x00000007d1e00000, 0x00000007d2000000|  0%| F|  |TAMS 0x00000007d1e00000| PB 0x00000007d1e00000| Untracked 
|1680|0x00000007d2000000, 0x00000007d2000000, 0x00000007d2200000|  0%| F|  |TAMS 0x00000007d2000000| PB 0x00000007d2000000| Untracked 
|1681|0x00000007d2200000, 0x00000007d2200000, 0x00000007d2400000|  0%| F|  |TAMS 0x00000007d2200000| PB 0x00000007d2200000| Untracked 
|1682|0x00000007d2400000, 0x00000007d2400000, 0x00000007d2600000|  0%| F|  |TAMS 0x00000007d2400000| PB 0x00000007d2400000| Untracked 
|1683|0x00000007d2600000, 0x00000007d2600000, 0x00000007d2800000|  0%| F|  |TAMS 0x00000007d2600000| PB 0x00000007d2600000| Untracked 
|1684|0x00000007d2800000, 0x00000007d2800000, 0x00000007d2a00000|  0%| F|  |TAMS 0x00000007d2800000| PB 0x00000007d2800000| Untracked 
|1685|0x00000007d2a00000, 0x00000007d2a00000, 0x00000007d2c00000|  0%| F|  |TAMS 0x00000007d2a00000| PB 0x00000007d2a00000| Untracked 
|1686|0x00000007d2c00000, 0x00000007d2c00000, 0x00000007d2e00000|  0%| F|  |TAMS 0x00000007d2c00000| PB 0x00000007d2c00000| Untracked 
|1687|0x00000007d2e00000, 0x00000007d2e00000, 0x00000007d3000000|  0%| F|  |TAMS 0x00000007d2e00000| PB 0x00000007d2e00000| Untracked 
|1688|0x00000007d3000000, 0x00000007d3000000, 0x00000007d3200000|  0%| F|  |TAMS 0x00000007d3000000| PB 0x00000007d3000000| Untracked 
|1689|0x00000007d3200000, 0x00000007d3200000, 0x00000007d3400000|  0%| F|  |TAMS 0x00000007d3200000| PB 0x00000007d3200000| Untracked 
|1690|0x00000007d3400000, 0x00000007d3400000, 0x00000007d3600000|  0%| F|  |TAMS 0x00000007d3400000| PB 0x00000007d3400000| Untracked 
|1691|0x00000007d3600000, 0x00000007d3600000, 0x00000007d3800000|  0%| F|  |TAMS 0x00000007d3600000| PB 0x00000007d3600000| Untracked 
|1692|0x00000007d3800000, 0x00000007d3800000, 0x00000007d3a00000|  0%| F|  |TAMS 0x00000007d3800000| PB 0x00000007d3800000| Untracked 
|1693|0x00000007d3a00000, 0x00000007d3a00000, 0x00000007d3c00000|  0%| F|  |TAMS 0x00000007d3a00000| PB 0x00000007d3a00000| Untracked 
|1694|0x00000007d3c00000, 0x00000007d3c00000, 0x00000007d3e00000|  0%| F|  |TAMS 0x00000007d3c00000| PB 0x00000007d3c00000| Untracked 
|1695|0x00000007d3e00000, 0x00000007d3e00000, 0x00000007d4000000|  0%| F|  |TAMS 0x00000007d3e00000| PB 0x00000007d3e00000| Untracked 
|1696|0x00000007d4000000, 0x00000007d4000000, 0x00000007d4200000|  0%| F|  |TAMS 0x00000007d4000000| PB 0x00000007d4000000| Untracked 
|1697|0x00000007d4200000, 0x00000007d4200000, 0x00000007d4400000|  0%| F|  |TAMS 0x00000007d4200000| PB 0x00000007d4200000| Untracked 
|1698|0x00000007d4400000, 0x00000007d4400000, 0x00000007d4600000|  0%| F|  |TAMS 0x00000007d4400000| PB 0x00000007d4400000| Untracked 
|1699|0x00000007d4600000, 0x00000007d4600000, 0x00000007d4800000|  0%| F|  |TAMS 0x00000007d4600000| PB 0x00000007d4600000| Untracked 
|1700|0x00000007d4800000, 0x00000007d4800000, 0x00000007d4a00000|  0%| F|  |TAMS 0x00000007d4800000| PB 0x00000007d4800000| Untracked 
|1701|0x00000007d4a00000, 0x00000007d4a00000, 0x00000007d4c00000|  0%| F|  |TAMS 0x00000007d4a00000| PB 0x00000007d4a00000| Untracked 
|1702|0x00000007d4c00000, 0x00000007d4c00000, 0x00000007d4e00000|  0%| F|  |TAMS 0x00000007d4c00000| PB 0x00000007d4c00000| Untracked 
|1703|0x00000007d4e00000, 0x00000007d4e00000, 0x00000007d5000000|  0%| F|  |TAMS 0x00000007d4e00000| PB 0x00000007d4e00000| Untracked 
|1704|0x00000007d5000000, 0x00000007d5000000, 0x00000007d5200000|  0%| F|  |TAMS 0x00000007d5000000| PB 0x00000007d5000000| Untracked 
|1705|0x00000007d5200000, 0x00000007d5200000, 0x00000007d5400000|  0%| F|  |TAMS 0x00000007d5200000| PB 0x00000007d5200000| Untracked 
|1706|0x00000007d5400000, 0x00000007d5400000, 0x00000007d5600000|  0%| F|  |TAMS 0x00000007d5400000| PB 0x00000007d5400000| Untracked 
|1707|0x00000007d5600000, 0x00000007d5600000, 0x00000007d5800000|  0%| F|  |TAMS 0x00000007d5600000| PB 0x00000007d5600000| Untracked 
|1708|0x00000007d5800000, 0x00000007d5800000, 0x00000007d5a00000|  0%| F|  |TAMS 0x00000007d5800000| PB 0x00000007d5800000| Untracked 
|1709|0x00000007d5a00000, 0x00000007d5a00000, 0x00000007d5c00000|  0%| F|  |TAMS 0x00000007d5a00000| PB 0x00000007d5a00000| Untracked 
|1710|0x00000007d5c00000, 0x00000007d5c00000, 0x00000007d5e00000|  0%| F|  |TAMS 0x00000007d5c00000| PB 0x00000007d5c00000| Untracked 
|1711|0x00000007d5e00000, 0x00000007d5e00000, 0x00000007d6000000|  0%| F|  |TAMS 0x00000007d5e00000| PB 0x00000007d5e00000| Untracked 
|1712|0x00000007d6000000, 0x00000007d6000000, 0x00000007d6200000|  0%| F|  |TAMS 0x00000007d6000000| PB 0x00000007d6000000| Untracked 
|1713|0x00000007d6200000, 0x00000007d6200000, 0x00000007d6400000|  0%| F|  |TAMS 0x00000007d6200000| PB 0x00000007d6200000| Untracked 
|1714|0x00000007d6400000, 0x00000007d6400000, 0x00000007d6600000|  0%| F|  |TAMS 0x00000007d6400000| PB 0x00000007d6400000| Untracked 
|1715|0x00000007d6600000, 0x00000007d6600000, 0x00000007d6800000|  0%| F|  |TAMS 0x00000007d6600000| PB 0x00000007d6600000| Untracked 
|1716|0x00000007d6800000, 0x00000007d6800000, 0x00000007d6a00000|  0%| F|  |TAMS 0x00000007d6800000| PB 0x00000007d6800000| Untracked 
|1717|0x00000007d6a00000, 0x00000007d6a00000, 0x00000007d6c00000|  0%| F|  |TAMS 0x00000007d6a00000| PB 0x00000007d6a00000| Untracked 
|1718|0x00000007d6c00000, 0x00000007d6c00000, 0x00000007d6e00000|  0%| F|  |TAMS 0x00000007d6c00000| PB 0x00000007d6c00000| Untracked 
|1719|0x00000007d6e00000, 0x00000007d6e00000, 0x00000007d7000000|  0%| F|  |TAMS 0x00000007d6e00000| PB 0x00000007d6e00000| Untracked 
|1720|0x00000007d7000000, 0x00000007d7000000, 0x00000007d7200000|  0%| F|  |TAMS 0x00000007d7000000| PB 0x00000007d7000000| Untracked 
|1721|0x00000007d7200000, 0x00000007d7200000, 0x00000007d7400000|  0%| F|  |TAMS 0x00000007d7200000| PB 0x00000007d7200000| Untracked 
|1722|0x00000007d7400000, 0x00000007d7400000, 0x00000007d7600000|  0%| F|  |TAMS 0x00000007d7400000| PB 0x00000007d7400000| Untracked 
|1723|0x00000007d7600000, 0x00000007d7600000, 0x00000007d7800000|  0%| F|  |TAMS 0x00000007d7600000| PB 0x00000007d7600000| Untracked 
|1724|0x00000007d7800000, 0x00000007d7800000, 0x00000007d7a00000|  0%| F|  |TAMS 0x00000007d7800000| PB 0x00000007d7800000| Untracked 
|1725|0x00000007d7a00000, 0x00000007d7a00000, 0x00000007d7c00000|  0%| F|  |TAMS 0x00000007d7a00000| PB 0x00000007d7a00000| Untracked 
|1726|0x00000007d7c00000, 0x00000007d7c00000, 0x00000007d7e00000|  0%| F|  |TAMS 0x00000007d7c00000| PB 0x00000007d7c00000| Untracked 
|1727|0x00000007d7e00000, 0x00000007d7e00000, 0x00000007d8000000|  0%| F|  |TAMS 0x00000007d7e00000| PB 0x00000007d7e00000| Untracked 
|1728|0x00000007d8000000, 0x00000007d8000000, 0x00000007d8200000|  0%| F|  |TAMS 0x00000007d8000000| PB 0x00000007d8000000| Untracked 
|1729|0x00000007d8200000, 0x00000007d8200000, 0x00000007d8400000|  0%| F|  |TAMS 0x00000007d8200000| PB 0x00000007d8200000| Untracked 
|1730|0x00000007d8400000, 0x00000007d8400000, 0x00000007d8600000|  0%| F|  |TAMS 0x00000007d8400000| PB 0x00000007d8400000| Untracked 
|1731|0x00000007d8600000, 0x00000007d8600000, 0x00000007d8800000|  0%| F|  |TAMS 0x00000007d8600000| PB 0x00000007d8600000| Untracked 
|1732|0x00000007d8800000, 0x00000007d8800000, 0x00000007d8a00000|  0%| F|  |TAMS 0x00000007d8800000| PB 0x00000007d8800000| Untracked 
|1733|0x00000007d8a00000, 0x00000007d8a00000, 0x00000007d8c00000|  0%| F|  |TAMS 0x00000007d8a00000| PB 0x00000007d8a00000| Untracked 
|1734|0x00000007d8c00000, 0x00000007d8c00000, 0x00000007d8e00000|  0%| F|  |TAMS 0x00000007d8c00000| PB 0x00000007d8c00000| Untracked 
|1735|0x00000007d8e00000, 0x00000007d8e00000, 0x00000007d9000000|  0%| F|  |TAMS 0x00000007d8e00000| PB 0x00000007d8e00000| Untracked 
|1736|0x00000007d9000000, 0x00000007d9000000, 0x00000007d9200000|  0%| F|  |TAMS 0x00000007d9000000| PB 0x00000007d9000000| Untracked 
|1737|0x00000007d9200000, 0x00000007d9200000, 0x00000007d9400000|  0%| F|  |TAMS 0x00000007d9200000| PB 0x00000007d9200000| Untracked 
|1738|0x00000007d9400000, 0x00000007d9400000, 0x00000007d9600000|  0%| F|  |TAMS 0x00000007d9400000| PB 0x00000007d9400000| Untracked 
|1739|0x00000007d9600000, 0x00000007d9600000, 0x00000007d9800000|  0%| F|  |TAMS 0x00000007d9600000| PB 0x00000007d9600000| Untracked 
|1740|0x00000007d9800000, 0x00000007d9800000, 0x00000007d9a00000|  0%| F|  |TAMS 0x00000007d9800000| PB 0x00000007d9800000| Untracked 
|1741|0x00000007d9a00000, 0x00000007d9a00000, 0x00000007d9c00000|  0%| F|  |TAMS 0x00000007d9a00000| PB 0x00000007d9a00000| Untracked 
|1742|0x00000007d9c00000, 0x00000007d9c00000, 0x00000007d9e00000|  0%| F|  |TAMS 0x00000007d9c00000| PB 0x00000007d9c00000| Untracked 
|1743|0x00000007d9e00000, 0x00000007d9e00000, 0x00000007da000000|  0%| F|  |TAMS 0x00000007d9e00000| PB 0x00000007d9e00000| Untracked 
|1744|0x00000007da000000, 0x00000007da000000, 0x00000007da200000|  0%| F|  |TAMS 0x00000007da000000| PB 0x00000007da000000| Untracked 
|1745|0x00000007da200000, 0x00000007da200000, 0x00000007da400000|  0%| F|  |TAMS 0x00000007da200000| PB 0x00000007da200000| Untracked 
|1746|0x00000007da400000, 0x00000007da400000, 0x00000007da600000|  0%| F|  |TAMS 0x00000007da400000| PB 0x00000007da400000| Untracked 
|1747|0x00000007da600000, 0x00000007da600000, 0x00000007da800000|  0%| F|  |TAMS 0x00000007da600000| PB 0x00000007da600000| Untracked 
|1748|0x00000007da800000, 0x00000007da800000, 0x00000007daa00000|  0%| F|  |TAMS 0x00000007da800000| PB 0x00000007da800000| Untracked 
|1749|0x00000007daa00000, 0x00000007daa00000, 0x00000007dac00000|  0%| F|  |TAMS 0x00000007daa00000| PB 0x00000007daa00000| Untracked 
|1750|0x00000007dac00000, 0x00000007dac00000, 0x00000007dae00000|  0%| F|  |TAMS 0x00000007dac00000| PB 0x00000007dac00000| Untracked 
|1751|0x00000007dae00000, 0x00000007dae00000, 0x00000007db000000|  0%| F|  |TAMS 0x00000007dae00000| PB 0x00000007dae00000| Untracked 
|1752|0x00000007db000000, 0x00000007db000000, 0x00000007db200000|  0%| F|  |TAMS 0x00000007db000000| PB 0x00000007db000000| Untracked 
|1753|0x00000007db200000, 0x00000007db200000, 0x00000007db400000|  0%| F|  |TAMS 0x00000007db200000| PB 0x00000007db200000| Untracked 
|1754|0x00000007db400000, 0x00000007db400000, 0x00000007db600000|  0%| F|  |TAMS 0x00000007db400000| PB 0x00000007db400000| Untracked 
|1755|0x00000007db600000, 0x00000007db600000, 0x00000007db800000|  0%| F|  |TAMS 0x00000007db600000| PB 0x00000007db600000| Untracked 
|1756|0x00000007db800000, 0x00000007db800000, 0x00000007dba00000|  0%| F|  |TAMS 0x00000007db800000| PB 0x00000007db800000| Untracked 
|1757|0x00000007dba00000, 0x00000007dba00000, 0x00000007dbc00000|  0%| F|  |TAMS 0x00000007dba00000| PB 0x00000007dba00000| Untracked 
|1758|0x00000007dbc00000, 0x00000007dbc00000, 0x00000007dbe00000|  0%| F|  |TAMS 0x00000007dbc00000| PB 0x00000007dbc00000| Untracked 
|1759|0x00000007dbe00000, 0x00000007dbe00000, 0x00000007dc000000|  0%| F|  |TAMS 0x00000007dbe00000| PB 0x00000007dbe00000| Untracked 
|1760|0x00000007dc000000, 0x00000007dc000000, 0x00000007dc200000|  0%| F|  |TAMS 0x00000007dc000000| PB 0x00000007dc000000| Untracked 
|1761|0x00000007dc200000, 0x00000007dc200000, 0x00000007dc400000|  0%| F|  |TAMS 0x00000007dc200000| PB 0x00000007dc200000| Untracked 
|1762|0x00000007dc400000, 0x00000007dc400000, 0x00000007dc600000|  0%| F|  |TAMS 0x00000007dc400000| PB 0x00000007dc400000| Untracked 
|1763|0x00000007dc600000, 0x00000007dc600000, 0x00000007dc800000|  0%| F|  |TAMS 0x00000007dc600000| PB 0x00000007dc600000| Untracked 
|1764|0x00000007dc800000, 0x00000007dc800000, 0x00000007dca00000|  0%| F|  |TAMS 0x00000007dc800000| PB 0x00000007dc800000| Untracked 
|1765|0x00000007dca00000, 0x00000007dca00000, 0x00000007dcc00000|  0%| F|  |TAMS 0x00000007dca00000| PB 0x00000007dca00000| Untracked 
|1766|0x00000007dcc00000, 0x00000007dcc00000, 0x00000007dce00000|  0%| F|  |TAMS 0x00000007dcc00000| PB 0x00000007dcc00000| Untracked 
|1767|0x00000007dce00000, 0x00000007dce00000, 0x00000007dd000000|  0%| F|  |TAMS 0x00000007dce00000| PB 0x00000007dce00000| Untracked 
|1768|0x00000007dd000000, 0x00000007dd000000, 0x00000007dd200000|  0%| F|  |TAMS 0x00000007dd000000| PB 0x00000007dd000000| Untracked 
|1769|0x00000007dd200000, 0x00000007dd200000, 0x00000007dd400000|  0%| F|  |TAMS 0x00000007dd200000| PB 0x00000007dd200000| Untracked 
|1770|0x00000007dd400000, 0x00000007dd400000, 0x00000007dd600000|  0%| F|  |TAMS 0x00000007dd400000| PB 0x00000007dd400000| Untracked 
|1771|0x00000007dd600000, 0x00000007dd600000, 0x00000007dd800000|  0%| F|  |TAMS 0x00000007dd600000| PB 0x00000007dd600000| Untracked 
|1772|0x00000007dd800000, 0x00000007dd800000, 0x00000007dda00000|  0%| F|  |TAMS 0x00000007dd800000| PB 0x00000007dd800000| Untracked 
|1773|0x00000007dda00000, 0x00000007dda00000, 0x00000007ddc00000|  0%| F|  |TAMS 0x00000007dda00000| PB 0x00000007dda00000| Untracked 
|1774|0x00000007ddc00000, 0x00000007ddc00000, 0x00000007dde00000|  0%| F|  |TAMS 0x00000007ddc00000| PB 0x00000007ddc00000| Untracked 
|1775|0x00000007dde00000, 0x00000007dde00000, 0x00000007de000000|  0%| F|  |TAMS 0x00000007dde00000| PB 0x00000007dde00000| Untracked 
|1776|0x00000007de000000, 0x00000007de000000, 0x00000007de200000|  0%| F|  |TAMS 0x00000007de000000| PB 0x00000007de000000| Untracked 
|1777|0x00000007de200000, 0x00000007de200000, 0x00000007de400000|  0%| F|  |TAMS 0x00000007de200000| PB 0x00000007de200000| Untracked 
|1778|0x00000007de400000, 0x00000007de400000, 0x00000007de600000|  0%| F|  |TAMS 0x00000007de400000| PB 0x00000007de400000| Untracked 
|1779|0x00000007de600000, 0x00000007de600000, 0x00000007de800000|  0%| F|  |TAMS 0x00000007de600000| PB 0x00000007de600000| Untracked 
|1780|0x00000007de800000, 0x00000007de800000, 0x00000007dea00000|  0%| F|  |TAMS 0x00000007de800000| PB 0x00000007de800000| Untracked 
|1781|0x00000007dea00000, 0x00000007dea00000, 0x00000007dec00000|  0%| F|  |TAMS 0x00000007dea00000| PB 0x00000007dea00000| Untracked 
|1782|0x00000007dec00000, 0x00000007dec00000, 0x00000007dee00000|  0%| F|  |TAMS 0x00000007dec00000| PB 0x00000007dec00000| Untracked 
|1783|0x00000007dee00000, 0x00000007dee00000, 0x00000007df000000|  0%| F|  |TAMS 0x00000007dee00000| PB 0x00000007dee00000| Untracked 
|1784|0x00000007df000000, 0x00000007df000000, 0x00000007df200000|  0%| F|  |TAMS 0x00000007df000000| PB 0x00000007df000000| Untracked 
|1785|0x00000007df200000, 0x00000007df200000, 0x00000007df400000|  0%| F|  |TAMS 0x00000007df200000| PB 0x00000007df200000| Untracked 
|1786|0x00000007df400000, 0x00000007df400000, 0x00000007df600000|  0%| F|  |TAMS 0x00000007df400000| PB 0x00000007df400000| Untracked 
|1787|0x00000007df600000, 0x00000007df600000, 0x00000007df800000|  0%| F|  |TAMS 0x00000007df600000| PB 0x00000007df600000| Untracked 
|1788|0x00000007df800000, 0x00000007df800000, 0x00000007dfa00000|  0%| F|  |TAMS 0x00000007df800000| PB 0x00000007df800000| Untracked 
|1789|0x00000007dfa00000, 0x00000007dfa00000, 0x00000007dfc00000|  0%| F|  |TAMS 0x00000007dfa00000| PB 0x00000007dfa00000| Untracked 
|1790|0x00000007dfc00000, 0x00000007dfc00000, 0x00000007dfe00000|  0%| F|  |TAMS 0x00000007dfc00000| PB 0x00000007dfc00000| Untracked 
|1791|0x00000007dfe00000, 0x00000007dfe00000, 0x00000007e0000000|  0%| F|  |TAMS 0x00000007dfe00000| PB 0x00000007dfe00000| Untracked 
|1792|0x00000007e0000000, 0x00000007e0000000, 0x00000007e0200000|  0%| F|  |TAMS 0x00000007e0000000| PB 0x00000007e0000000| Untracked 
|1793|0x00000007e0200000, 0x00000007e0200000, 0x00000007e0400000|  0%| F|  |TAMS 0x00000007e0200000| PB 0x00000007e0200000| Untracked 
|1794|0x00000007e0400000, 0x00000007e0400000, 0x00000007e0600000|  0%| F|  |TAMS 0x00000007e0400000| PB 0x00000007e0400000| Untracked 
|1795|0x00000007e0600000, 0x00000007e0600000, 0x00000007e0800000|  0%| F|  |TAMS 0x00000007e0600000| PB 0x00000007e0600000| Untracked 
|1796|0x00000007e0800000, 0x00000007e0800000, 0x00000007e0a00000|  0%| F|  |TAMS 0x00000007e0800000| PB 0x00000007e0800000| Untracked 
|1797|0x00000007e0a00000, 0x00000007e0a00000, 0x00000007e0c00000|  0%| F|  |TAMS 0x00000007e0a00000| PB 0x00000007e0a00000| Untracked 
|1798|0x00000007e0c00000, 0x00000007e0c00000, 0x00000007e0e00000|  0%| F|  |TAMS 0x00000007e0c00000| PB 0x00000007e0c00000| Untracked 
|1799|0x00000007e0e00000, 0x00000007e0e00000, 0x00000007e1000000|  0%| F|  |TAMS 0x00000007e0e00000| PB 0x00000007e0e00000| Untracked 
|1800|0x00000007e1000000, 0x00000007e1000000, 0x00000007e1200000|  0%| F|  |TAMS 0x00000007e1000000| PB 0x00000007e1000000| Untracked 
|1801|0x00000007e1200000, 0x00000007e1200000, 0x00000007e1400000|  0%| F|  |TAMS 0x00000007e1200000| PB 0x00000007e1200000| Untracked 
|1802|0x00000007e1400000, 0x00000007e1400000, 0x00000007e1600000|  0%| F|  |TAMS 0x00000007e1400000| PB 0x00000007e1400000| Untracked 
|1803|0x00000007e1600000, 0x00000007e1600000, 0x00000007e1800000|  0%| F|  |TAMS 0x00000007e1600000| PB 0x00000007e1600000| Untracked 
|1804|0x00000007e1800000, 0x00000007e1800000, 0x00000007e1a00000|  0%| F|  |TAMS 0x00000007e1800000| PB 0x00000007e1800000| Untracked 
|1805|0x00000007e1a00000, 0x00000007e1a00000, 0x00000007e1c00000|  0%| F|  |TAMS 0x00000007e1a00000| PB 0x00000007e1a00000| Untracked 
|1806|0x00000007e1c00000, 0x00000007e1c00000, 0x00000007e1e00000|  0%| F|  |TAMS 0x00000007e1c00000| PB 0x00000007e1c00000| Untracked 
|1807|0x00000007e1e00000, 0x00000007e1e00000, 0x00000007e2000000|  0%| F|  |TAMS 0x00000007e1e00000| PB 0x00000007e1e00000| Untracked 
|1808|0x00000007e2000000, 0x00000007e2000000, 0x00000007e2200000|  0%| F|  |TAMS 0x00000007e2000000| PB 0x00000007e2000000| Untracked 
|1809|0x00000007e2200000, 0x00000007e2200000, 0x00000007e2400000|  0%| F|  |TAMS 0x00000007e2200000| PB 0x00000007e2200000| Untracked 
|1810|0x00000007e2400000, 0x00000007e2400000, 0x00000007e2600000|  0%| F|  |TAMS 0x00000007e2400000| PB 0x00000007e2400000| Untracked 
|1811|0x00000007e2600000, 0x00000007e2600000, 0x00000007e2800000|  0%| F|  |TAMS 0x00000007e2600000| PB 0x00000007e2600000| Untracked 
|1812|0x00000007e2800000, 0x00000007e2800000, 0x00000007e2a00000|  0%| F|  |TAMS 0x00000007e2800000| PB 0x00000007e2800000| Untracked 
|1813|0x00000007e2a00000, 0x00000007e2a00000, 0x00000007e2c00000|  0%| F|  |TAMS 0x00000007e2a00000| PB 0x00000007e2a00000| Untracked 
|1814|0x00000007e2c00000, 0x00000007e2c00000, 0x00000007e2e00000|  0%| F|  |TAMS 0x00000007e2c00000| PB 0x00000007e2c00000| Untracked 
|1815|0x00000007e2e00000, 0x00000007e2e00000, 0x00000007e3000000|  0%| F|  |TAMS 0x00000007e2e00000| PB 0x00000007e2e00000| Untracked 
|1816|0x00000007e3000000, 0x00000007e3000000, 0x00000007e3200000|  0%| F|  |TAMS 0x00000007e3000000| PB 0x00000007e3000000| Untracked 
|1817|0x00000007e3200000, 0x00000007e3200000, 0x00000007e3400000|  0%| F|  |TAMS 0x00000007e3200000| PB 0x00000007e3200000| Untracked 
|1818|0x00000007e3400000, 0x00000007e3400000, 0x00000007e3600000|  0%| F|  |TAMS 0x00000007e3400000| PB 0x00000007e3400000| Untracked 
|1819|0x00000007e3600000, 0x00000007e3600000, 0x00000007e3800000|  0%| F|  |TAMS 0x00000007e3600000| PB 0x00000007e3600000| Untracked 
|1820|0x00000007e3800000, 0x00000007e3800000, 0x00000007e3a00000|  0%| F|  |TAMS 0x00000007e3800000| PB 0x00000007e3800000| Untracked 
|1821|0x00000007e3a00000, 0x00000007e3a00000, 0x00000007e3c00000|  0%| F|  |TAMS 0x00000007e3a00000| PB 0x00000007e3a00000| Untracked 
|1822|0x00000007e3c00000, 0x00000007e3c00000, 0x00000007e3e00000|  0%| F|  |TAMS 0x00000007e3c00000| PB 0x00000007e3c00000| Untracked 
|1823|0x00000007e3e00000, 0x00000007e3e00000, 0x00000007e4000000|  0%| F|  |TAMS 0x00000007e3e00000| PB 0x00000007e3e00000| Untracked 
|1824|0x00000007e4000000, 0x00000007e4000000, 0x00000007e4200000|  0%| F|  |TAMS 0x00000007e4000000| PB 0x00000007e4000000| Untracked 
|1825|0x00000007e4200000, 0x00000007e4200000, 0x00000007e4400000|  0%| F|  |TAMS 0x00000007e4200000| PB 0x00000007e4200000| Untracked 
|1826|0x00000007e4400000, 0x00000007e4400000, 0x00000007e4600000|  0%| F|  |TAMS 0x00000007e4400000| PB 0x00000007e4400000| Untracked 
|1827|0x00000007e4600000, 0x00000007e4600000, 0x00000007e4800000|  0%| F|  |TAMS 0x00000007e4600000| PB 0x00000007e4600000| Untracked 
|1828|0x00000007e4800000, 0x00000007e4800000, 0x00000007e4a00000|  0%| F|  |TAMS 0x00000007e4800000| PB 0x00000007e4800000| Untracked 
|1829|0x00000007e4a00000, 0x00000007e4a00000, 0x00000007e4c00000|  0%| F|  |TAMS 0x00000007e4a00000| PB 0x00000007e4a00000| Untracked 
|1830|0x00000007e4c00000, 0x00000007e4c00000, 0x00000007e4e00000|  0%| F|  |TAMS 0x00000007e4c00000| PB 0x00000007e4c00000| Untracked 
|1831|0x00000007e4e00000, 0x00000007e4e00000, 0x00000007e5000000|  0%| F|  |TAMS 0x00000007e4e00000| PB 0x00000007e4e00000| Untracked 
|1832|0x00000007e5000000, 0x00000007e5000000, 0x00000007e5200000|  0%| F|  |TAMS 0x00000007e5000000| PB 0x00000007e5000000| Untracked 
|1833|0x00000007e5200000, 0x00000007e5200000, 0x00000007e5400000|  0%| F|  |TAMS 0x00000007e5200000| PB 0x00000007e5200000| Untracked 
|1834|0x00000007e5400000, 0x00000007e5400000, 0x00000007e5600000|  0%| F|  |TAMS 0x00000007e5400000| PB 0x00000007e5400000| Untracked 
|1835|0x00000007e5600000, 0x00000007e5600000, 0x00000007e5800000|  0%| F|  |TAMS 0x00000007e5600000| PB 0x00000007e5600000| Untracked 
|1836|0x00000007e5800000, 0x00000007e5800000, 0x00000007e5a00000|  0%| F|  |TAMS 0x00000007e5800000| PB 0x00000007e5800000| Untracked 
|1837|0x00000007e5a00000, 0x00000007e5a00000, 0x00000007e5c00000|  0%| F|  |TAMS 0x00000007e5a00000| PB 0x00000007e5a00000| Untracked 
|1838|0x00000007e5c00000, 0x00000007e5c00000, 0x00000007e5e00000|  0%| F|  |TAMS 0x00000007e5c00000| PB 0x00000007e5c00000| Untracked 
|1839|0x00000007e5e00000, 0x00000007e5e00000, 0x00000007e6000000|  0%| F|  |TAMS 0x00000007e5e00000| PB 0x00000007e5e00000| Untracked 
|1840|0x00000007e6000000, 0x00000007e6000000, 0x00000007e6200000|  0%| F|  |TAMS 0x00000007e6000000| PB 0x00000007e6000000| Untracked 
|1841|0x00000007e6200000, 0x00000007e6200000, 0x00000007e6400000|  0%| F|  |TAMS 0x00000007e6200000| PB 0x00000007e6200000| Untracked 
|1842|0x00000007e6400000, 0x00000007e6400000, 0x00000007e6600000|  0%| F|  |TAMS 0x00000007e6400000| PB 0x00000007e6400000| Untracked 
|1843|0x00000007e6600000, 0x00000007e6600000, 0x00000007e6800000|  0%| F|  |TAMS 0x00000007e6600000| PB 0x00000007e6600000| Untracked 
|1844|0x00000007e6800000, 0x00000007e6800000, 0x00000007e6a00000|  0%| F|  |TAMS 0x00000007e6800000| PB 0x00000007e6800000| Untracked 
|1845|0x00000007e6a00000, 0x00000007e6a00000, 0x00000007e6c00000|  0%| F|  |TAMS 0x00000007e6a00000| PB 0x00000007e6a00000| Untracked 
|1846|0x00000007e6c00000, 0x00000007e6c00000, 0x00000007e6e00000|  0%| F|  |TAMS 0x00000007e6c00000| PB 0x00000007e6c00000| Untracked 
|1847|0x00000007e6e00000, 0x00000007e7000000, 0x00000007e7000000|100%| S|CS|TAMS 0x00000007e6e00000| PB 0x00000007e6e00000| Complete 
|1848|0x00000007e7000000, 0x00000007e7200000, 0x00000007e7200000|100%| S|CS|TAMS 0x00000007e7000000| PB 0x00000007e7000000| Complete 
|1849|0x00000007e7200000, 0x00000007e7400000, 0x00000007e7400000|100%| S|CS|TAMS 0x00000007e7200000| PB 0x00000007e7200000| Complete 
|1850|0x00000007e7400000, 0x00000007e7600000, 0x00000007e7600000|100%| S|CS|TAMS 0x00000007e7400000| PB 0x00000007e7400000| Complete 
|1851|0x00000007e7600000, 0x00000007e7600000, 0x00000007e7800000|  0%| F|  |TAMS 0x00000007e7600000| PB 0x00000007e7600000| Untracked 
|1852|0x00000007e7800000, 0x00000007e7800000, 0x00000007e7a00000|  0%| F|  |TAMS 0x00000007e7800000| PB 0x00000007e7800000| Untracked 
|1853|0x00000007e7a00000, 0x00000007e7a00000, 0x00000007e7c00000|  0%| F|  |TAMS 0x00000007e7a00000| PB 0x00000007e7a00000| Untracked 
|1854|0x00000007e7c00000, 0x00000007e7c00000, 0x00000007e7e00000|  0%| F|  |TAMS 0x00000007e7c00000| PB 0x00000007e7c00000| Untracked 
|1855|0x00000007e7e00000, 0x00000007e7e00000, 0x00000007e8000000|  0%| F|  |TAMS 0x00000007e7e00000| PB 0x00000007e7e00000| Untracked 
|1856|0x00000007e8000000, 0x00000007e8000000, 0x00000007e8200000|  0%| F|  |TAMS 0x00000007e8000000| PB 0x00000007e8000000| Untracked 
|1857|0x00000007e8200000, 0x00000007e8200000, 0x00000007e8400000|  0%| F|  |TAMS 0x00000007e8200000| PB 0x00000007e8200000| Untracked 
|1858|0x00000007e8400000, 0x00000007e8400000, 0x00000007e8600000|  0%| F|  |TAMS 0x00000007e8400000| PB 0x00000007e8400000| Untracked 
|1859|0x00000007e8600000, 0x00000007e8600000, 0x00000007e8800000|  0%| F|  |TAMS 0x00000007e8600000| PB 0x00000007e8600000| Untracked 
|1860|0x00000007e8800000, 0x00000007e8a00000, 0x00000007e8a00000|100%| S|CS|TAMS 0x00000007e8800000| PB 0x00000007e8800000| Complete 
|1861|0x00000007e8a00000, 0x00000007e8c00000, 0x00000007e8c00000|100%| S|CS|TAMS 0x00000007e8a00000| PB 0x00000007e8a00000| Complete 
|1862|0x00000007e8c00000, 0x00000007e8e00000, 0x00000007e8e00000|100%| S|CS|TAMS 0x00000007e8c00000| PB 0x00000007e8c00000| Complete 
|1863|0x00000007e8e00000, 0x00000007e9000000, 0x00000007e9000000|100%| S|CS|TAMS 0x00000007e8e00000| PB 0x00000007e8e00000| Complete 
|1864|0x00000007e9000000, 0x00000007e9200000, 0x00000007e9200000|100%| S|CS|TAMS 0x00000007e9000000| PB 0x00000007e9000000| Complete 
|1865|0x00000007e9200000, 0x00000007e9400000, 0x00000007e9400000|100%| S|CS|TAMS 0x00000007e9200000| PB 0x00000007e9200000| Complete 
|1866|0x00000007e9400000, 0x00000007e9600000, 0x00000007e9600000|100%| S|CS|TAMS 0x00000007e9400000| PB 0x00000007e9400000| Complete 
|1867|0x00000007e9600000, 0x00000007e9800000, 0x00000007e9800000|100%| S|CS|TAMS 0x00000007e9600000| PB 0x00000007e9600000| Complete 
|1868|0x00000007e9800000, 0x00000007e9a00000, 0x00000007e9a00000|100%| S|CS|TAMS 0x00000007e9800000| PB 0x00000007e9800000| Complete 
|1869|0x00000007e9a00000, 0x00000007e9a00000, 0x00000007e9c00000|  0%| F|  |TAMS 0x00000007e9a00000| PB 0x00000007e9a00000| Untracked 
|1870|0x00000007e9c00000, 0x00000007e9c00000, 0x00000007e9e00000|  0%| F|  |TAMS 0x00000007e9c00000| PB 0x00000007e9c00000| Untracked 
|1871|0x00000007e9e00000, 0x00000007e9e00000, 0x00000007ea000000|  0%| F|  |TAMS 0x00000007e9e00000| PB 0x00000007e9e00000| Untracked 
|1872|0x00000007ea000000, 0x00000007ea000000, 0x00000007ea200000|  0%| F|  |TAMS 0x00000007ea000000| PB 0x00000007ea000000| Untracked 
|1873|0x00000007ea200000, 0x00000007ea200000, 0x00000007ea400000|  0%| F|  |TAMS 0x00000007ea200000| PB 0x00000007ea200000| Untracked 
|1874|0x00000007ea400000, 0x00000007ea400000, 0x00000007ea600000|  0%| F|  |TAMS 0x00000007ea400000| PB 0x00000007ea400000| Untracked 
|1875|0x00000007ea600000, 0x00000007ea600000, 0x00000007ea800000|  0%| F|  |TAMS 0x00000007ea600000| PB 0x00000007ea600000| Untracked 
|1876|0x00000007ea800000, 0x00000007ea800000, 0x00000007eaa00000|  0%| F|  |TAMS 0x00000007ea800000| PB 0x00000007ea800000| Untracked 
|1877|0x00000007eaa00000, 0x00000007eaa00000, 0x00000007eac00000|  0%| F|  |TAMS 0x00000007eaa00000| PB 0x00000007eaa00000| Untracked 
|1878|0x00000007eac00000, 0x00000007eac00000, 0x00000007eae00000|  0%| F|  |TAMS 0x00000007eac00000| PB 0x00000007eac00000| Untracked 
|1879|0x00000007eae00000, 0x00000007eae00000, 0x00000007eb000000|  0%| F|  |TAMS 0x00000007eae00000| PB 0x00000007eae00000| Untracked 
|1880|0x00000007eb000000, 0x00000007eb000000, 0x00000007eb200000|  0%| F|  |TAMS 0x00000007eb000000| PB 0x00000007eb000000| Untracked 
|1881|0x00000007eb200000, 0x00000007eb200000, 0x00000007eb400000|  0%| F|  |TAMS 0x00000007eb200000| PB 0x00000007eb200000| Untracked 
|1882|0x00000007eb400000, 0x00000007eb400000, 0x00000007eb600000|  0%| F|  |TAMS 0x00000007eb400000| PB 0x00000007eb400000| Untracked 
|1883|0x00000007eb600000, 0x00000007eb600000, 0x00000007eb800000|  0%| F|  |TAMS 0x00000007eb600000| PB 0x00000007eb600000| Untracked 
|1884|0x00000007eb800000, 0x00000007eb800000, 0x00000007eba00000|  0%| F|  |TAMS 0x00000007eb800000| PB 0x00000007eb800000| Untracked 
|1885|0x00000007eba00000, 0x00000007eba00000, 0x00000007ebc00000|  0%| F|  |TAMS 0x00000007eba00000| PB 0x00000007eba00000| Untracked 
|1886|0x00000007ebc00000, 0x00000007ebc00000, 0x00000007ebe00000|  0%| F|  |TAMS 0x00000007ebc00000| PB 0x00000007ebc00000| Untracked 
|1887|0x00000007ebe00000, 0x00000007ebe00000, 0x00000007ec000000|  0%| F|  |TAMS 0x00000007ebe00000| PB 0x00000007ebe00000| Untracked 
|1888|0x00000007ec000000, 0x00000007ec000000, 0x00000007ec200000|  0%| F|  |TAMS 0x00000007ec000000| PB 0x00000007ec000000| Untracked 
|1889|0x00000007ec200000, 0x00000007ec200000, 0x00000007ec400000|  0%| F|  |TAMS 0x00000007ec200000| PB 0x00000007ec200000| Untracked 
|1890|0x00000007ec400000, 0x00000007ec400000, 0x00000007ec600000|  0%| F|  |TAMS 0x00000007ec400000| PB 0x00000007ec400000| Untracked 
|1891|0x00000007ec600000, 0x00000007ec600000, 0x00000007ec800000|  0%| F|  |TAMS 0x00000007ec600000| PB 0x00000007ec600000| Untracked 
|1892|0x00000007ec800000, 0x00000007ec800000, 0x00000007eca00000|  0%| F|  |TAMS 0x00000007ec800000| PB 0x00000007ec800000| Untracked 
|1893|0x00000007eca00000, 0x00000007eca00000, 0x00000007ecc00000|  0%| F|  |TAMS 0x00000007eca00000| PB 0x00000007eca00000| Untracked 
|1894|0x00000007ecc00000, 0x00000007ecc00000, 0x00000007ece00000|  0%| F|  |TAMS 0x00000007ecc00000| PB 0x00000007ecc00000| Untracked 
|1895|0x00000007ece00000, 0x00000007ece00000, 0x00000007ed000000|  0%| F|  |TAMS 0x00000007ece00000| PB 0x00000007ece00000| Untracked 
|1896|0x00000007ed000000, 0x00000007ed000000, 0x00000007ed200000|  0%| F|  |TAMS 0x00000007ed000000| PB 0x00000007ed000000| Untracked 
|1897|0x00000007ed200000, 0x00000007ed200000, 0x00000007ed400000|  0%| F|  |TAMS 0x00000007ed200000| PB 0x00000007ed200000| Untracked 
|1898|0x00000007ed400000, 0x00000007ed400000, 0x00000007ed600000|  0%| F|  |TAMS 0x00000007ed400000| PB 0x00000007ed400000| Untracked 
|1899|0x00000007ed600000, 0x00000007ed600000, 0x00000007ed800000|  0%| F|  |TAMS 0x00000007ed600000| PB 0x00000007ed600000| Untracked 
|1900|0x00000007ed800000, 0x00000007ed800000, 0x00000007eda00000|  0%| F|  |TAMS 0x00000007ed800000| PB 0x00000007ed800000| Untracked 
|1901|0x00000007eda00000, 0x00000007eda00000, 0x00000007edc00000|  0%| F|  |TAMS 0x00000007eda00000| PB 0x00000007eda00000| Untracked 
|1902|0x00000007edc00000, 0x00000007edc00000, 0x00000007ede00000|  0%| F|  |TAMS 0x00000007edc00000| PB 0x00000007edc00000| Untracked 
|1903|0x00000007ede00000, 0x00000007ede00000, 0x00000007ee000000|  0%| F|  |TAMS 0x00000007ede00000| PB 0x00000007ede00000| Untracked 
|1904|0x00000007ee000000, 0x00000007ee000000, 0x00000007ee200000|  0%| F|  |TAMS 0x00000007ee000000| PB 0x00000007ee000000| Untracked 
|1905|0x00000007ee200000, 0x00000007ee200000, 0x00000007ee400000|  0%| F|  |TAMS 0x00000007ee200000| PB 0x00000007ee200000| Untracked 
|1906|0x00000007ee400000, 0x00000007ee400000, 0x00000007ee600000|  0%| F|  |TAMS 0x00000007ee400000| PB 0x00000007ee400000| Untracked 
|1907|0x00000007ee600000, 0x00000007ee600000, 0x00000007ee800000|  0%| F|  |TAMS 0x00000007ee600000| PB 0x00000007ee600000| Untracked 
|1908|0x00000007ee800000, 0x00000007ee800000, 0x00000007eea00000|  0%| F|  |TAMS 0x00000007ee800000| PB 0x00000007ee800000| Untracked 
|1909|0x00000007eea00000, 0x00000007eea00000, 0x00000007eec00000|  0%| F|  |TAMS 0x00000007eea00000| PB 0x00000007eea00000| Untracked 
|1910|0x00000007eec00000, 0x00000007eec00000, 0x00000007eee00000|  0%| F|  |TAMS 0x00000007eec00000| PB 0x00000007eec00000| Untracked 
|1911|0x00000007eee00000, 0x00000007eee00000, 0x00000007ef000000|  0%| F|  |TAMS 0x00000007eee00000| PB 0x00000007eee00000| Untracked 
|1912|0x00000007ef000000, 0x00000007ef000000, 0x00000007ef200000|  0%| F|  |TAMS 0x00000007ef000000| PB 0x00000007ef000000| Untracked 
|1913|0x00000007ef200000, 0x00000007ef200000, 0x00000007ef400000|  0%| F|  |TAMS 0x00000007ef200000| PB 0x00000007ef200000| Untracked 
|1914|0x00000007ef400000, 0x00000007ef400000, 0x00000007ef600000|  0%| F|  |TAMS 0x00000007ef400000| PB 0x00000007ef400000| Untracked 
|1915|0x00000007ef600000, 0x00000007ef600000, 0x00000007ef800000|  0%| F|  |TAMS 0x00000007ef600000| PB 0x00000007ef600000| Untracked 
|1916|0x00000007ef800000, 0x00000007ef9ea128, 0x00000007efa00000| 95%| E|  |TAMS 0x00000007ef800000| PB 0x00000007ef800000| Complete 
|1917|0x00000007efa00000, 0x00000007efc00000, 0x00000007efc00000|100%| E|CS|TAMS 0x00000007efa00000| PB 0x00000007efa00000| Complete 
|1918|0x00000007efc00000, 0x00000007efe00000, 0x00000007efe00000|100%| E|CS|TAMS 0x00000007efc00000| PB 0x00000007efc00000| Complete 
|1919|0x00000007efe00000, 0x00000007f0000000, 0x00000007f0000000|100%| E|CS|TAMS 0x00000007efe00000| PB 0x00000007efe00000| Complete 
|1920|0x00000007f0000000, 0x00000007f0200000, 0x00000007f0200000|100%| E|CS|TAMS 0x00000007f0000000| PB 0x00000007f0000000| Complete 
|1921|0x00000007f0200000, 0x00000007f0400000, 0x00000007f0400000|100%| E|CS|TAMS 0x00000007f0200000| PB 0x00000007f0200000| Complete 
|1922|0x00000007f0400000, 0x00000007f0600000, 0x00000007f0600000|100%| E|CS|TAMS 0x00000007f0400000| PB 0x00000007f0400000| Complete 
|1923|0x00000007f0600000, 0x00000007f0800000, 0x00000007f0800000|100%| E|CS|TAMS 0x00000007f0600000| PB 0x00000007f0600000| Complete 
|1924|0x00000007f0800000, 0x00000007f0a00000, 0x00000007f0a00000|100%| E|CS|TAMS 0x00000007f0800000| PB 0x00000007f0800000| Complete 
|1925|0x00000007f0a00000, 0x00000007f0c00000, 0x00000007f0c00000|100%| E|CS|TAMS 0x00000007f0a00000| PB 0x00000007f0a00000| Complete 
|1926|0x00000007f0c00000, 0x00000007f0e00000, 0x00000007f0e00000|100%| E|CS|TAMS 0x00000007f0c00000| PB 0x00000007f0c00000| Complete 
|1927|0x00000007f0e00000, 0x00000007f1000000, 0x00000007f1000000|100%| E|CS|TAMS 0x00000007f0e00000| PB 0x00000007f0e00000| Complete 
|1928|0x00000007f1000000, 0x00000007f1200000, 0x00000007f1200000|100%| E|CS|TAMS 0x00000007f1000000| PB 0x00000007f1000000| Complete 
|1929|0x00000007f1200000, 0x00000007f1400000, 0x00000007f1400000|100%| E|CS|TAMS 0x00000007f1200000| PB 0x00000007f1200000| Complete 
|1930|0x00000007f1400000, 0x00000007f1600000, 0x00000007f1600000|100%| E|CS|TAMS 0x00000007f1400000| PB 0x00000007f1400000| Complete 
|1931|0x00000007f1600000, 0x00000007f1800000, 0x00000007f1800000|100%| E|CS|TAMS 0x00000007f1600000| PB 0x00000007f1600000| Complete 
|1932|0x00000007f1800000, 0x00000007f1a00000, 0x00000007f1a00000|100%| E|CS|TAMS 0x00000007f1800000| PB 0x00000007f1800000| Complete 
|1933|0x00000007f1a00000, 0x00000007f1c00000, 0x00000007f1c00000|100%| E|CS|TAMS 0x00000007f1a00000| PB 0x00000007f1a00000| Complete 
|1934|0x00000007f1c00000, 0x00000007f1e00000, 0x00000007f1e00000|100%| E|CS|TAMS 0x00000007f1c00000| PB 0x00000007f1c00000| Complete 
|1935|0x00000007f1e00000, 0x00000007f2000000, 0x00000007f2000000|100%| E|CS|TAMS 0x00000007f1e00000| PB 0x00000007f1e00000| Complete 
|1936|0x00000007f2000000, 0x00000007f2200000, 0x00000007f2200000|100%| E|CS|TAMS 0x00000007f2000000| PB 0x00000007f2000000| Complete 
|1937|0x00000007f2200000, 0x00000007f2400000, 0x00000007f2400000|100%| E|CS|TAMS 0x00000007f2200000| PB 0x00000007f2200000| Complete 
|1938|0x00000007f2400000, 0x00000007f2600000, 0x00000007f2600000|100%| E|CS|TAMS 0x00000007f2400000| PB 0x00000007f2400000| Complete 
|1939|0x00000007f2600000, 0x00000007f2800000, 0x00000007f2800000|100%| E|CS|TAMS 0x00000007f2600000| PB 0x00000007f2600000| Complete 
|1940|0x00000007f2800000, 0x00000007f2a00000, 0x00000007f2a00000|100%| E|CS|TAMS 0x00000007f2800000| PB 0x00000007f2800000| Complete 
|1941|0x00000007f2a00000, 0x00000007f2c00000, 0x00000007f2c00000|100%| E|CS|TAMS 0x00000007f2a00000| PB 0x00000007f2a00000| Complete 
|1942|0x00000007f2c00000, 0x00000007f2e00000, 0x00000007f2e00000|100%| E|CS|TAMS 0x00000007f2c00000| PB 0x00000007f2c00000| Complete 
|1943|0x00000007f2e00000, 0x00000007f3000000, 0x00000007f3000000|100%| E|CS|TAMS 0x00000007f2e00000| PB 0x00000007f2e00000| Complete 
|1944|0x00000007f3000000, 0x00000007f3200000, 0x00000007f3200000|100%| E|CS|TAMS 0x00000007f3000000| PB 0x00000007f3000000| Complete 
|1945|0x00000007f3200000, 0x00000007f3400000, 0x00000007f3400000|100%| E|CS|TAMS 0x00000007f3200000| PB 0x00000007f3200000| Complete 
|1946|0x00000007f3400000, 0x00000007f3600000, 0x00000007f3600000|100%| E|CS|TAMS 0x00000007f3400000| PB 0x00000007f3400000| Complete 
|1947|0x00000007f3600000, 0x00000007f3800000, 0x00000007f3800000|100%| E|CS|TAMS 0x00000007f3600000| PB 0x00000007f3600000| Complete 
|1948|0x00000007f3800000, 0x00000007f3a00000, 0x00000007f3a00000|100%| E|CS|TAMS 0x00000007f3800000| PB 0x00000007f3800000| Complete 
|1949|0x00000007f3a00000, 0x00000007f3c00000, 0x00000007f3c00000|100%| E|CS|TAMS 0x00000007f3a00000| PB 0x00000007f3a00000| Complete 
|1950|0x00000007f3c00000, 0x00000007f3e00000, 0x00000007f3e00000|100%| E|CS|TAMS 0x00000007f3c00000| PB 0x00000007f3c00000| Complete 
|1951|0x00000007f3e00000, 0x00000007f4000000, 0x00000007f4000000|100%| E|CS|TAMS 0x00000007f3e00000| PB 0x00000007f3e00000| Complete 
|1952|0x00000007f4000000, 0x00000007f4200000, 0x00000007f4200000|100%| E|CS|TAMS 0x00000007f4000000| PB 0x00000007f4000000| Complete 
|1953|0x00000007f4200000, 0x00000007f4400000, 0x00000007f4400000|100%| E|CS|TAMS 0x00000007f4200000| PB 0x00000007f4200000| Complete 
|1954|0x00000007f4400000, 0x00000007f4600000, 0x00000007f4600000|100%| E|CS|TAMS 0x00000007f4400000| PB 0x00000007f4400000| Complete 
|2046|0x00000007ffc00000, 0x00000007ffe00000, 0x00000007ffe00000|100%| E|CS|TAMS 0x00000007ffc00000| PB 0x00000007ffc00000| Complete 
|2047|0x00000007ffe00000, 0x0000000800000000, 0x0000000800000000|100%| E|CS|TAMS 0x00000007ffe00000| PB 0x00000007ffe00000| Complete 

Card table byte_map: [0x000001ad19240000,0x000001ad19a40000] _byte_map_base: 0x000001ad15a40000

Marking Bits: (CMBitMap*) 0x000001ad7fa43710
 Bits: [0x000001ad19a40000, 0x000001ad1da40000)

Polling page: 0x000001ad7eb70000

Metaspace:

Usage:
  Non-class:    317.02 MB used.
      Class:     42.02 MB used.
       Both:    359.04 MB used.

Virtual space:
  Non-class space:      320.00 MB reserved,     318.19 MB (>99%) committed,  5 nodes.
      Class space:        1.00 GB reserved,      43.12 MB (  4%) committed,  1 nodes.
             Both:        1.31 GB reserved,     361.31 MB ( 27%) committed. 

Chunk freelists:
   Non-Class:  1.09 MB
       Class:  4.88 MB
        Both:  5.97 MB

MaxMetaspaceSize: unlimited
CompressedClassSpaceSize: 1.00 GB
Initial GC threshold: 21.00 MB
Current GC threshold: 602.12 MB
CDS: on
 - commit_granule_bytes: 65536.
 - commit_granule_words: 8192.
 - virtual_space_node_default_size: 8388608.
 - enlarge_chunks_in_place: 1.
 - use_allocation_guard: 0.


Internal statistics:

num_allocs_failed_limit: 6.
num_arena_births: 7332.
num_arena_deaths: 3310.
num_vsnodes_births: 6.
num_vsnodes_deaths: 0.
num_space_committed: 6093.
num_space_uncommitted: 196.
num_chunks_returned_to_freelist: 8493.
num_chunks_taken_from_freelist: 30137.
num_chunk_merges: 1626.
num_chunk_splits: 16716.
num_chunks_enlarged: 11022.
num_inconsistent_stats: 0.

CodeHeap 'non-profiled nmethods': size=120000Kb used=29907Kb max_used=47496Kb free=90092Kb
 bounds [0x000001ad11510000, 0x000001ad14380000, 0x000001ad18a40000]
CodeHeap 'profiled nmethods': size=120000Kb used=23674Kb max_used=100159Kb free=96325Kb
 bounds [0x000001ad09a40000, 0x000001ad0fc20000, 0x000001ad10f70000]
CodeHeap 'non-nmethods': size=5760Kb used=2888Kb max_used=2986Kb free=2871Kb
 bounds [0x000001ad10f70000, 0x000001ad11280000, 0x000001ad11510000]
 total_blobs=16482 nmethods=15067 adapters=1312
 compilation: enabled
              stopped_count=0, restarted_count=0
 full_count=0

Compilation events (20 events):
Event: 9264.977 Thread 0x000001ad7ff71520 138691       2       com.android.aapt.Resources$XmlNamespace::getPrefix (34 bytes)
Event: 9264.978 Thread 0x000001ad7ff71520 nmethod 138691 0x000001ad0f6e9090 code [0x000001ad0f6e9260, 0x000001ad0f6e9530]
Event: 9264.978 Thread 0x000001ad7ff71520 138692       2       com.android.aaptcompiler.NamespaceContext::pop$aaptcompiler (77 bytes)
Event: 9264.980 Thread 0x000001ad7ff71520 nmethod 138692 0x000001ad0f6e7e90 code [0x000001ad0f6e8160, 0x000001ad0f6e89b8]
Event: 9264.980 Thread 0x000001ad7ff71520 138688       2       com.android.aapt.Resources$XmlNamespace$Builder::setSource (46 bytes)
Event: 9264.982 Thread 0x000001ad7ff71520 nmethod 138688 0x000001ad0a77fb10 code [0x000001ad0a77fd60, 0x000001ad0a780500]
Event: 9264.982 Thread 0x000001ad7ff71520 138694   !   2       com.android.aaptcompiler.ResourceCompiler::compileResource (155 bytes)
Event: 9264.986 Thread 0x000001ad7ff71520 nmethod 138694 0x000001ad0b28c210 code [0x000001ad0b28c600, 0x000001ad0b28d390]
Event: 9264.986 Thread 0x000001ad7ff71520 138693   !   2       com.google.protobuf.AbstractMessageLite::toByteArray (39 bytes)
Event: 9264.987 Thread 0x000001ad7ff71520 nmethod 138693 0x000001ad0a77ef90 code [0x000001ad0a77f1a0, 0x000001ad0a77f658]
Event: 9264.987 Thread 0x000001ad7ff71520 138689       2       com.android.aapt.Resources$XmlElement$Builder::addNamespaceDeclaration (46 bytes)
Event: 9264.989 Thread 0x000001ad7ff71520 nmethod 138689 0x000001ad0a8c5e90 code [0x000001ad0a8c6120, 0x000001ad0a8c6b68]
Event: 9264.989 Thread 0x000001ad7ff71520 138690       2       com.android.aaptcompiler.NamespaceContext::push$aaptcompiler (62 bytes)
Event: 9264.991 Thread 0x000001ad7ff71520 nmethod 138690 0x000001ad0bda4010 code [0x000001ad0bda4280, 0x000001ad0bda48e0]
Event: 9264.991 Thread 0x000001ad7ff71520 138685       1       com.android.aaptcompiler.ResourcePathData::getResourceDirectory (5 bytes)
Event: 9264.991 Thread 0x000001ad7ff71520 nmethod 138685 0x000001ad125c1c90 code [0x000001ad125c1e20, 0x000001ad125c1ef0]
Event: 9264.991 Thread 0x000001ad7ff71520 138687       2       com.android.aapt.Resources$XmlNamespace$Builder::setPrefix (33 bytes)
Event: 9264.992 Thread 0x000001ad7ff71520 nmethod 138687 0x000001ad0a8c5690 code [0x000001ad0a8c5860, 0x000001ad0a8c5af8]
Event: 9265.322 Thread 0x000001ad7ff71520 138695       1       com.android.aaptcompiler.android.ResTableConfig::getSdkVersion (5 bytes)
Event: 9265.323 Thread 0x000001ad7ff71520 nmethod 138695 0x000001ad12601810 code [0x000001ad126019a0, 0x000001ad12601a70]

GC Heap History (20 events):
Event: 9147.083 GC heap before
{Heap before GC invocations=357 (full 0):
 garbage-first heap   total 4007936K, used 1825135K [0x0000000700000000, 0x0000000800000000)
  region size 2048K, 97 young (198656K), 13 survivors (26624K)
 Metaspace       used 367516K, committed 369856K, reserved 1376256K
  class space    used 43020K, committed 44160K, reserved 1048576K
}
Event: 9147.244 GC heap after
{Heap after GC invocations=358 (full 0):
 garbage-first heap   total 4007936K, used 1675264K [0x0000000700000000, 0x0000000800000000)
  region size 2048K, 13 young (26624K), 13 survivors (26624K)
 Metaspace       used 367516K, committed 369856K, reserved 1376256K
  class space    used 43020K, committed 44160K, reserved 1048576K
}
Event: 9149.043 GC heap before
{Heap before GC invocations=358 (full 0):
 garbage-first heap   total 4007936K, used 1904640K [0x0000000700000000, 0x0000000800000000)
  region size 2048K, 97 young (198656K), 13 survivors (26624K)
 Metaspace       used 367535K, committed 369856K, reserved 1376256K
  class space    used 43020K, committed 44160K, reserved 1048576K
}
Event: 9149.427 GC heap after
{Heap after GC invocations=359 (full 0):
 garbage-first heap   total 4007936K, used 1729217K [0x0000000700000000, 0x0000000800000000)
  region size 2048K, 4 young (8192K), 4 survivors (8192K)
 Metaspace       used 367535K, committed 369856K, reserved 1376256K
  class space    used 43020K, committed 44160K, reserved 1048576K
}
Event: 9155.108 GC heap before
{Heap before GC invocations=359 (full 0):
 garbage-first heap   total 4007936K, used 1917633K [0x0000000700000000, 0x0000000800000000)
  region size 2048K, 97 young (198656K), 4 survivors (8192K)
 Metaspace       used 367546K, committed 369856K, reserved 1376256K
  class space    used 43020K, committed 44160K, reserved 1048576K
}
Event: 9155.213 GC heap after
{Heap after GC invocations=360 (full 0):
 garbage-first heap   total 4007936K, used 1723117K [0x0000000700000000, 0x0000000800000000)
  region size 2048K, 4 young (8192K), 4 survivors (8192K)
 Metaspace       used 367546K, committed 369856K, reserved 1376256K
  class space    used 43020K, committed 44160K, reserved 1048576K
}
Event: 9158.866 GC heap before
{Heap before GC invocations=360 (full 0):
 garbage-first heap   total 4007936K, used 1968877K [0x0000000700000000, 0x0000000800000000)
  region size 2048K, 97 young (198656K), 4 survivors (8192K)
 Metaspace       used 367553K, committed 369856K, reserved 1376256K
  class space    used 43020K, committed 44160K, reserved 1048576K
}
Event: 9159.030 GC heap after
{Heap after GC invocations=361 (full 0):
 garbage-first heap   total 4007936K, used 1744434K [0x0000000700000000, 0x0000000800000000)
  region size 2048K, 4 young (8192K), 4 survivors (8192K)
 Metaspace       used 367553K, committed 369856K, reserved 1376256K
  class space    used 43020K, committed 44160K, reserved 1048576K
}
Event: 9162.112 GC heap before
{Heap before GC invocations=361 (full 0):
 garbage-first heap   total 4007936K, used 2010674K [0x0000000700000000, 0x0000000800000000)
  region size 2048K, 97 young (198656K), 4 survivors (8192K)
 Metaspace       used 367556K, committed 369856K, reserved 1376256K
  class space    used 43020K, committed 44160K, reserved 1048576K
}
Event: 9162.222 GC heap after
{Heap after GC invocations=362 (full 0):
 garbage-first heap   total 4007936K, used 1790934K [0x0000000700000000, 0x0000000800000000)
  region size 2048K, 13 young (26624K), 13 survivors (26624K)
 Metaspace       used 367556K, committed 369856K, reserved 1376256K
  class space    used 43020K, committed 44160K, reserved 1048576K
}
Event: 9162.635 GC heap before
{Heap before GC invocations=362 (full 0):
 garbage-first heap   total 4007936K, used 1825750K [0x0000000700000000, 0x0000000800000000)
  region size 2048K, 32 young (65536K), 13 survivors (26624K)
 Metaspace       used 367557K, committed 369856K, reserved 1376256K
  class space    used 43020K, committed 44160K, reserved 1048576K
}
Event: 9164.453 GC heap after
{Heap after GC invocations=363 (full 0):
 garbage-first heap   total 4007936K, used 1784768K [0x0000000700000000, 0x0000000800000000)
  region size 2048K, 1 young (2048K), 1 survivors (2048K)
 Metaspace       used 367557K, committed 369856K, reserved 1376256K
  class space    used 43020K, committed 44160K, reserved 1048576K
}
Event: 9168.950 GC heap before
{Heap before GC invocations=363 (full 0):
 garbage-first heap   total 4007936K, used 2001856K [0x0000000700000000, 0x0000000800000000)
  region size 2048K, 97 young (198656K), 1 survivors (2048K)
 Metaspace       used 367563K, committed 369920K, reserved 1376256K
  class space    used 43020K, committed 44160K, reserved 1048576K
}
Event: 9168.979 GC heap after
{Heap after GC invocations=364 (full 0):
 garbage-first heap   total 4007936K, used 1811904K [0x0000000700000000, 0x0000000800000000)
  region size 2048K, 4 young (8192K), 4 survivors (8192K)
 Metaspace       used 367563K, committed 369920K, reserved 1376256K
  class space    used 43020K, committed 44160K, reserved 1048576K
}
Event: 9182.411 GC heap before
{Heap before GC invocations=365 (full 0):
 garbage-first heap   total 4007936K, used 1953216K [0x0000000700000000, 0x0000000800000000)
  region size 2048K, 97 young (198656K), 4 survivors (8192K)
 Metaspace       used 367597K, committed 369920K, reserved 1376256K
  class space    used 43025K, committed 44160K, reserved 1048576K
}
Event: 9182.447 GC heap after
{Heap after GC invocations=366 (full 0):
 garbage-first heap   total 4007936K, used 1733349K [0x0000000700000000, 0x0000000800000000)
  region size 2048K, 2 young (4096K), 2 survivors (4096K)
 Metaspace       used 367597K, committed 369920K, reserved 1376256K
  class space    used 43025K, committed 44160K, reserved 1048576K
}
Event: 9207.707 GC heap before
{Heap before GC invocations=366 (full 0):
 garbage-first heap   total 4007936K, used 1925861K [0x0000000700000000, 0x0000000800000000)
  region size 2048K, 97 young (198656K), 2 survivors (4096K)
 Metaspace       used 367601K, committed 369920K, reserved 1376256K
  class space    used 43026K, committed 44160K, reserved 1048576K
}
Event: 9207.844 GC heap after
{Heap after GC invocations=367 (full 0):
 garbage-first heap   total 4007936K, used 1695369K [0x0000000700000000, 0x0000000800000000)
  region size 2048K, 9 young (18432K), 9 survivors (18432K)
 Metaspace       used 367601K, committed 369920K, reserved 1376256K
  class space    used 43026K, committed 44160K, reserved 1048576K
}
Event: 9259.694 GC heap before
{Heap before GC invocations=367 (full 0):
 garbage-first heap   total 4007936K, used 1887881K [0x0000000700000000, 0x0000000800000000)
  region size 2048K, 97 young (198656K), 9 survivors (18432K)
 Metaspace       used 367650K, committed 369984K, reserved 1376256K
  class space    used 43029K, committed 44160K, reserved 1048576K
}
Event: 9259.846 GC heap after
{Heap after GC invocations=368 (full 0):
 garbage-first heap   total 4007936K, used 1672323K [0x0000000700000000, 0x0000000800000000)
  region size 2048K, 13 young (26624K), 13 survivors (26624K)
 Metaspace       used 367650K, committed 369984K, reserved 1376256K
  class space    used 43029K, committed 44160K, reserved 1048576K
}

Dll operation events (20 events):
Event: 4.619 Loaded shared library C:\Users\ecest\.gradle\native\660c5614fbf4a5f2a75b1949f50a0caf5cd603558e7d8a26e50b933a0cfb79d1\windows-amd64\native-platform.dll
Event: 4.650 Loaded shared library C:\Users\ecest\.gradle\native\0.2.8\x86_64-windows-gnu\gradle-fileevents.dll
Event: 26.517 Loaded shared library C:\Users\ecest\.gradle\jdks\eclipse_adoptium-21-amd64-windows.2\bin\management.dll
Event: 26.525 Loaded shared library C:\Users\ecest\.gradle\jdks\eclipse_adoptium-21-amd64-windows.2\bin\management_ext.dll
Event: 28.631 Loaded shared library C:\Users\ecest\.gradle\jdks\eclipse_adoptium-21-amd64-windows.2\bin\extnet.dll
Event: 30.518 Loaded shared library C:\Users\ecest\.gradle\jdks\eclipse_adoptium-21-amd64-windows.2\bin\sunmscapi.dll
Event: 411.194 Loaded shared library C:\Users\ecest\.gradle\jdks\eclipse_adoptium-21-amd64-windows.2\bin\rmi.dll
Event: 700.349 Loaded shared library C:\Users\ecest\.gradle\jdks\eclipse_adoptium-21-amd64-windows.2\bin\awt.dll
Event: 743.879 Loaded shared library C:\Users\ecest\AppData\Local\Temp\sqlite-3.41.2.2-8d4de9d5-b73f-492a-8ee7-c04302326e93-sqlitejdbc.dll
Event: 1303.811 Unloaded dll "C:\Users\ecest\AppData\Local\Temp\sqlite-3.41.2.2-8d4de9d5-b73f-492a-8ee7-c04302326e93-sqlitejdbc.dll" [0x00007ff95c760000]
Event: 1524.830 Loaded shared library C:\Users\ecest\AppData\Local\Temp\sqlite-3.41.2.2-13c04bfb-2f86-4f27-aac7-5c3db2932b40-sqlitejdbc.dll
Event: 2471.816 Unloaded dll "C:\Users\ecest\AppData\Local\Temp\sqlite-3.41.2.2-13c04bfb-2f86-4f27-aac7-5c3db2932b40-sqlitejdbc.dll" [0x00007ff95c760000]
Event: 2490.417 Loaded shared library C:\Users\ecest\AppData\Local\Temp\sqlite-3.41.2.2-990fcc53-74e5-4070-860c-052d1b841b10-sqlitejdbc.dll
Event: 4756.256 Loaded shared library C:\Users\ecest\AppData\Local\Temp\sqlite-3.41.2.2-59e3711a-40ca-4ac3-a4f2-de09cc6cdd43-sqlitejdbc.dll
Event: 4775.090 Unloaded dll "C:\Users\ecest\AppData\Local\Temp\sqlite-3.41.2.2-990fcc53-74e5-4070-860c-052d1b841b10-sqlitejdbc.dll" [0x00007ff95c760000]
Event: 5001.390 Unloaded dll "C:\Users\ecest\AppData\Local\Temp\sqlite-3.41.2.2-59e3711a-40ca-4ac3-a4f2-de09cc6cdd43-sqlitejdbc.dll" [0x00007ff962c20000]
Event: 7524.903 Loaded shared library C:\Users\ecest\AppData\Local\Temp\sqlite-3.41.2.2-565e7b0a-a809-4215-8b0c-9a6de078410a-sqlitejdbc.dll
Event: 8279.627 Unloaded dll "C:\Users\ecest\AppData\Local\Temp\sqlite-3.41.2.2-565e7b0a-a809-4215-8b0c-9a6de078410a-sqlitejdbc.dll" [0x00007ff9666f0000]
Event: 8519.761 Loaded shared library C:\Users\ecest\AppData\Local\Temp\sqlite-3.41.2.2-3a7beb5a-9505-44c3-9788-cf9f7c8bddd6-sqlitejdbc.dll
Event: 8695.808 Unloaded dll "C:\Users\ecest\AppData\Local\Temp\sqlite-3.41.2.2-3a7beb5a-9505-44c3-9788-cf9f7c8bddd6-sqlitejdbc.dll" [0x00007ff966dd0000]

Deoptimization events (20 events):
Event: 9261.205 Thread 0x000001ad7d8fef00 DEOPT PACKING pc=0x000001ad0a933abe sp=0x00000012c1efdc20
Event: 9261.205 Thread 0x000001ad7d8fef00 DEOPT UNPACKING pc=0x000001ad10fc4e42 sp=0x00000012c1efd0c0 mode 0
Event: 9261.211 Thread 0x000001ad7d8fef00 DEOPT PACKING pc=0x000001ad0a933abe sp=0x00000012c1efd840
Event: 9261.211 Thread 0x000001ad7d8fef00 DEOPT UNPACKING pc=0x000001ad10fc4e42 sp=0x00000012c1efcce0 mode 0
Event: 9261.222 Thread 0x000001ad7d8fe870 DEOPT PACKING pc=0x000001ad0a933abe sp=0x00000012c1ffd300
Event: 9261.222 Thread 0x000001ad7d8fe870 DEOPT UNPACKING pc=0x000001ad10fc4e42 sp=0x00000012c1ffc7a0 mode 0
Event: 9261.238 Thread 0x000001ad7bdb8950 DEOPT PACKING pc=0x000001ad0a933abe sp=0x00000012c20fd690
Event: 9261.239 Thread 0x000001ad7bdb8950 DEOPT UNPACKING pc=0x000001ad10fc4e42 sp=0x00000012c20fcb30 mode 0
Event: 9261.247 Thread 0x000001ad7bdb8950 DEOPT PACKING pc=0x000001ad0a933abe sp=0x00000012c20fcf80
Event: 9261.247 Thread 0x000001ad7bdb8950 DEOPT UNPACKING pc=0x000001ad10fc4e42 sp=0x00000012c20fc420 mode 0
Event: 9261.383 Thread 0x000001ad7bdb8950 DEOPT PACKING pc=0x000001ad0a933abe sp=0x00000012c20fd7b0
Event: 9261.383 Thread 0x000001ad7bdb8950 DEOPT UNPACKING pc=0x000001ad10fc4e42 sp=0x00000012c20fcc50 mode 0
Event: 9261.388 Thread 0x000001ad7bdb8950 DEOPT PACKING pc=0x000001ad0a933abe sp=0x00000012c20fcf80
Event: 9261.388 Thread 0x000001ad7bdb8950 DEOPT UNPACKING pc=0x000001ad10fc4e42 sp=0x00000012c20fc420 mode 0
Event: 9261.609 Thread 0x000001ad7bdb8950 DEOPT PACKING pc=0x000001ad0a933abe sp=0x00000012c20fd7b0
Event: 9261.609 Thread 0x000001ad7bdb8950 DEOPT UNPACKING pc=0x000001ad10fc4e42 sp=0x00000012c20fcc50 mode 0
Event: 9261.630 Thread 0x000001ad7bdb8950 DEOPT PACKING pc=0x000001ad0a933abe sp=0x00000012c20fd350
Event: 9261.630 Thread 0x000001ad7bdb8950 DEOPT UNPACKING pc=0x000001ad10fc4e42 sp=0x00000012c20fc7f0 mode 0
Event: 9263.407 Thread 0x000001ad7bdae540 DEOPT PACKING pc=0x000001ad0f5e1e37 sp=0x00000012c3ffda60
Event: 9263.407 Thread 0x000001ad7bdae540 DEOPT UNPACKING pc=0x000001ad10fc4e42 sp=0x00000012c3ffcf90 mode 0

Classes loaded (20 events):
Event: 4907.408 Loading class com/sun/org/apache/xerces/internal/xni/grammars/XMLGrammarPool
Event: 4907.443 Loading class com/sun/org/apache/xerces/internal/xni/grammars/XMLGrammarPool done
Event: 8454.605 Loading class java/util/concurrent/CompletableFuture$Signaller
Event: 8454.735 Loading class java/util/concurrent/CompletableFuture$Signaller done
Event: 8757.636 Loading class java/nio/file/FileTreeIterator
Event: 8757.841 Loading class java/nio/file/FileTreeIterator done
Event: 8826.368 Loading class java/util/IdentityHashMap$EntrySpliterator
Event: 8826.460 Loading class java/util/IdentityHashMap$IdentityHashMapSpliterator
Event: 8826.507 Loading class java/util/IdentityHashMap$IdentityHashMapSpliterator done
Event: 8826.507 Loading class java/util/IdentityHashMap$EntrySpliterator done
Event: 8827.740 Loading class java/util/SortedSet$1
Event: 8827.798 Loading class java/util/SortedSet$1 done
Event: 8957.208 Loading class java/util/concurrent/ForkJoinTask$AdaptedCallable
Event: 8958.412 Loading class java/util/concurrent/ForkJoinTask$AdaptedCallable done
Event: 9000.668 Loading class java/nio/HeapShortBuffer
Event: 9001.012 Loading class java/nio/HeapShortBuffer done
Event: 9094.914 Loading class java/nio/ByteBufferAsShortBufferL
Event: 9096.161 Loading class java/nio/ByteBufferAsShortBufferL done
Event: 9099.844 Loading class java/util/zip/Adler32
Event: 9100.329 Loading class java/util/zip/Adler32 done

Classes unloaded (20 events):
Event: 8820.695 Thread 0x000001ad7ff49430 Unloading class 0x000001ad225b1250 'androidx/fragment/lint/FragmentTagDetector'
Event: 8820.695 Thread 0x000001ad7ff49430 Unloading class 0x000001ad225b1000 'androidx/fragment/lint/FragmentIssueRegistry'
Event: 8820.695 Thread 0x000001ad7ff49430 Unloading class 0x000001ad225bc1f8 'androidx/lifecycle/lint/NonNullableMutableLiveDataDetector$createUastHandler$1'
Event: 8820.695 Thread 0x000001ad7ff49430 Unloading class 0x000001ad225bc000 'androidx/lifecycle/lint/NonNullableMutableLiveDataDetector$Companion'
Event: 8820.695 Thread 0x000001ad7ff49430 Unloading class 0x000001ad22741a58 'androidx/lifecycle/lint/NonNullableMutableLiveDataDetector'
Event: 8820.695 Thread 0x000001ad7ff49430 Unloading class 0x000001ad22741800 'androidx/lifecycle/lint/LiveDataCoreIssueRegistry'
Event: 8820.695 Thread 0x000001ad7ff49430 Unloading class 0x000001ad22f71000 'timber/lint/WrongTimberUsageDetector$Companion'
Event: 8820.763 Thread 0x000001ad7ff49430 Unloading class 0x000001ad23a2da50 'timber/lint/WrongTimberUsageDetector'
Event: 8820.763 Thread 0x000001ad7ff49430 Unloading class 0x000001ad23a2d800 'timber/lint/TimberIssueRegistry'
Event: 8820.763 Thread 0x000001ad7ff49430 Unloading class 0x000001ad22338800 'java/lang/invoke/LambdaForm$MH+0x000001ad22338800'
Event: 8820.763 Thread 0x000001ad7ff49430 Unloading class 0x000001ad22339000 'java/lang/invoke/LambdaForm$MH+0x000001ad22339000'
Event: 8863.463 Thread 0x000001ad7ff49430 Unloading class 0x000001ad21391000 'java/lang/invoke/LambdaForm$DMH+0x000001ad21391000'
Event: 8863.463 Thread 0x000001ad7ff49430 Unloading class 0x000001ad22170c00 'java/lang/invoke/LambdaForm$MH+0x000001ad22170c00'
Event: 8863.463 Thread 0x000001ad7ff49430 Unloading class 0x000001ad22174400 'java/lang/invoke/LambdaForm$MH+0x000001ad22174400'
Event: 8863.463 Thread 0x000001ad7ff49430 Unloading class 0x000001ad22264c00 'java/lang/invoke/LambdaForm$MH+0x000001ad22264c00'
Event: 9065.182 Thread 0x000001ad7ff49430 Unloading class 0x000001ad23ad4400 'java/lang/invoke/LambdaForm$DMH+0x000001ad23ad4400'
Event: 9065.182 Thread 0x000001ad7ff49430 Unloading class 0x000001ad23accc00 'java/lang/invoke/LambdaForm$DMH+0x000001ad23accc00'
Event: 9065.182 Thread 0x000001ad7ff49430 Unloading class 0x000001ad23acc800 'java/lang/invoke/LambdaForm$DMH+0x000001ad23acc800'
Event: 9065.182 Thread 0x000001ad7ff49430 Unloading class 0x000001ad23acc400 'java/lang/invoke/LambdaForm$DMH+0x000001ad23acc400'
Event: 9170.599 Thread 0x000001ad7ff49430 Unloading class 0x000001ad23ae4000 'java/lang/invoke/LambdaForm$DMH+0x000001ad23ae4000'

Classes redefined (0 events):
No events

Internal exceptions (20 events):
Event: 9194.004 Thread 0x000001ad7d8f8c90 Exception <a 'sun/nio/fs/WindowsException'{0x00000007ec1dd9c0}> (0x00000007ec1dd9c0) 
thrown [s\src\hotspot\share\prims\jni.cpp, line 520]
Event: 9194.010 Thread 0x000001ad7d8f8c90 Exception <a 'sun/nio/fs/WindowsException'{0x00000007ec1e4448}> (0x00000007ec1e4448) 
thrown [s\src\hotspot\share\prims\jni.cpp, line 520]
Event: 9194.024 Thread 0x000001ad7d8f8c90 Exception <a 'sun/nio/fs/WindowsException'{0x00000007ec1eace8}> (0x00000007ec1eace8) 
thrown [s\src\hotspot\share\prims\jni.cpp, line 520]
Event: 9194.162 Thread 0x000001ad7d8f8c90 Exception <a 'sun/nio/fs/WindowsException'{0x00000007ec1f36b8}> (0x00000007ec1f36b8) 
thrown [s\src\hotspot\share\prims\jni.cpp, line 520]
Event: 9194.168 Thread 0x000001ad7d8f8c90 Exception <a 'sun/nio/fs/WindowsException'{0x00000007ec1f9818}> (0x00000007ec1f9818) 
thrown [s\src\hotspot\share\prims\jni.cpp, line 520]
Event: 9194.175 Thread 0x000001ad7d8f8c90 Exception <a 'sun/nio/fs/WindowsException'{0x00000007ebfa76d0}> (0x00000007ebfa76d0) 
thrown [s\src\hotspot\share\prims\jni.cpp, line 520]
Event: 9194.264 Thread 0x000001ad7d8f8c90 Exception <a 'sun/nio/fs/WindowsException'{0x00000007ebfff6f8}> (0x00000007ebfff6f8) 
thrown [s\src\hotspot\share\prims\jni.cpp, line 520]
Event: 9256.640 Thread 0x000001ad7d8f7f70 Exception <a 'java/lang/NoSuchMethodError'{0x00000007ef12cf58}: static Lcom/android/ide/common/resources/CompileResourceRequest;.<clinit>()V> (0x00000007ef12cf58) 
thrown [s\src\hotspot\share\prims\jni.cpp, line 1111]
Event: 9256.651 Thread 0x000001ad7d8f7f70 Exception <a 'java/lang/NoSuchMethodError'{0x00000007ef145db8}: static Ljava/lang/Object;.<clinit>()V> (0x00000007ef145db8) 
thrown [s\src\hotspot\share\prims\jni.cpp, line 1111]
Event: 9256.654 Thread 0x000001ad7d8f7f70 Exception <a 'java/lang/NoSuchMethodError'{0x00000007ef157ab8}: static Ljava/lang/Object;.<clinit>()V> (0x00000007ef157ab8) 
thrown [s\src\hotspot\share\prims\jni.cpp, line 1111]
Event: 9256.658 Thread 0x000001ad7d8f7f70 Exception <a 'java/lang/NoSuchMethodError'{0x00000007ef1699f0}: static Ljava/lang/Object;.<clinit>()V> (0x00000007ef1699f0) 
thrown [s\src\hotspot\share\prims\jni.cpp, line 1111]
Event: 9256.916 Thread 0x000001ad7d8f8c90 Exception <a 'sun/nio/fs/WindowsException'{0x00000007f33bece8}> (0x00000007f33bece8) 
thrown [s\src\hotspot\share\prims\jni.cpp, line 520]
Event: 9257.151 Thread 0x000001ad7d8f8c90 Exception <a 'sun/nio/fs/WindowsException'{0x00000007f33dff70}> (0x00000007f33dff70) 
thrown [s\src\hotspot\share\prims\jni.cpp, line 520]
Event: 9257.168 Thread 0x000001ad7d8f8c90 Exception <a 'sun/nio/fs/WindowsException'{0x00000007f33f1920}> (0x00000007f33f1920) 
thrown [s\src\hotspot\share\prims\jni.cpp, line 520]
Event: 9257.169 Thread 0x000001ad7d8f8c90 Exception <a 'sun/nio/fs/WindowsException'{0x00000007f33f2800}> (0x00000007f33f2800) 
thrown [s\src\hotspot\share\prims\jni.cpp, line 520]
Event: 9257.170 Thread 0x000001ad7d8f8c90 Exception <a 'sun/nio/fs/WindowsException'{0x00000007f33f2980}> (0x00000007f33f2980) 
thrown [s\src\hotspot\share\prims\jni.cpp, line 520]
Event: 9257.421 Thread 0x000001ad7d8f8c90 Exception <a 'sun/nio/fs/WindowsException'{0x00000007ec843888}> (0x00000007ec843888) 
thrown [s\src\hotspot\share\prims\jni.cpp, line 520]
Event: 9257.422 Thread 0x000001ad7d8f8c90 Exception <a 'sun/nio/fs/WindowsException'{0x00000007ec846460}> (0x00000007ec846460) 
thrown [s\src\hotspot\share\prims\jni.cpp, line 520]
Event: 9257.441 Thread 0x000001ad7d8f8c90 Exception <a 'sun/nio/fs/WindowsException'{0x00000007ec848f68}> (0x00000007ec848f68) 
thrown [s\src\hotspot\share\prims\jni.cpp, line 520]
Event: 9257.685 Thread 0x000001ad7d8f8c90 Exception <a 'sun/nio/fs/WindowsException'{0x00000007ec8543c0}> (0x00000007ec8543c0) 
thrown [s\src\hotspot\share\prims\jni.cpp, line 520]

ZGC Phase Switch (0 events):
No events

VM Operations (20 events):
Event: 9255.121 Executing VM operation: Cleanup
Event: 9255.916 Executing VM operation: Cleanup done
Event: 9256.917 Executing VM operation: Cleanup
Event: 9256.949 Executing VM operation: Cleanup done
Event: 9257.950 Executing VM operation: Cleanup
Event: 9257.950 Executing VM operation: Cleanup done
Event: 9258.950 Executing VM operation: Cleanup
Event: 9258.953 Executing VM operation: Cleanup done
Event: 9259.694 Executing VM operation: G1CollectForAllocation (G1 Evacuation Pause)
Event: 9259.846 Executing VM operation: G1CollectForAllocation (G1 Evacuation Pause) done
Event: 9260.846 Executing VM operation: Cleanup
Event: 9260.846 Executing VM operation: Cleanup done
Event: 9261.847 Executing VM operation: Cleanup
Event: 9261.847 Executing VM operation: Cleanup done
Event: 9262.847 Executing VM operation: Cleanup
Event: 9262.847 Executing VM operation: Cleanup done
Event: 9263.848 Executing VM operation: Cleanup
Event: 9263.848 Executing VM operation: Cleanup done
Event: 9264.848 Executing VM operation: Cleanup
Event: 9264.848 Executing VM operation: Cleanup done

Memory protections (0 events):
No events

Nmethod flushes (20 events):
Event: 9173.842 Thread 0x000001ad7ff49430 flushing  nmethod 0x000001ad0f822f10
Event: 9173.842 Thread 0x000001ad7ff49430 flushing  nmethod 0x000001ad0f825810
Event: 9173.842 Thread 0x000001ad7ff49430 flushing  nmethod 0x000001ad0f825f90
Event: 9173.842 Thread 0x000001ad7ff49430 flushing  nmethod 0x000001ad0f829d10
Event: 9173.842 Thread 0x000001ad7ff49430 flushing  nmethod 0x000001ad0f82aa10
Event: 9173.842 Thread 0x000001ad7ff49430 flushing  nmethod 0x000001ad0f834f10
Event: 9173.842 Thread 0x000001ad7ff49430 flushing  nmethod 0x000001ad0f838410
Event: 9173.842 Thread 0x000001ad7ff49430 flushing  nmethod 0x000001ad0f83c590
Event: 9173.842 Thread 0x000001ad7ff49430 flushing  nmethod 0x000001ad0f83cc90
Event: 9173.842 Thread 0x000001ad7ff49430 flushing  nmethod 0x000001ad0f83ea90
Event: 9173.842 Thread 0x000001ad7ff49430 flushing  nmethod 0x000001ad0f83ef10
Event: 9173.842 Thread 0x000001ad7ff49430 flushing  nmethod 0x000001ad0f849490
Event: 9173.842 Thread 0x000001ad7ff49430 flushing  nmethod 0x000001ad0f84a590
Event: 9173.842 Thread 0x000001ad7ff49430 flushing  nmethod 0x000001ad0f84b010
Event: 9173.842 Thread 0x000001ad7ff49430 flushing  nmethod 0x000001ad0f84dc90
Event: 9173.842 Thread 0x000001ad7ff49430 flushing  nmethod 0x000001ad0f84f010
Event: 9173.842 Thread 0x000001ad7ff49430 flushing  nmethod 0x000001ad0f855090
Event: 9173.842 Thread 0x000001ad7ff49430 flushing  nmethod 0x000001ad0f855810
Event: 9173.842 Thread 0x000001ad7ff49430 flushing  nmethod 0x000001ad0f855b90
Event: 9173.842 Thread 0x000001ad7ff49430 flushing  nmethod 0x000001ad0f85ae10

Events (20 events):
Event: 9106.405 Thread 0x000001ad737f8020 Thread exited: 0x000001ad737f8020
Event: 9106.637 Thread 0x000001ad7ff71520 Thread added: 0x000001ad737f7280
Event: 9107.572 Thread 0x000001ad737f7280 Thread exited: 0x000001ad737f7280
Event: 9129.501 Thread 0x000001ad7ff6ea80 Thread added: 0x000001ad737f8020
Event: 9130.009 Thread 0x000001ad737f8020 Thread exited: 0x000001ad737f8020
Event: 9131.617 Thread 0x000001ad7ff71520 Thread added: 0x000001ad737f7280
Event: 9132.601 Thread 0x000001ad737f7280 Thread exited: 0x000001ad737f7280
Event: 9134.212 Thread 0x000001ad7ff6ea80 Thread added: 0x000001ad737f7280
Event: 9138.061 Thread 0x000001ad737f7280 Thread exited: 0x000001ad737f7280
Event: 9140.644 Thread 0x000001ad7ff6ea80 Thread added: 0x000001ad737f7280
Event: 9140.759 Thread 0x000001ad737f7280 Thread exited: 0x000001ad737f7280
Event: 9142.344 Thread 0x000001ad7ff71520 Thread added: 0x000001ad737f7280
Event: 9146.059 Thread 0x000001ad737f7280 Thread exited: 0x000001ad737f7280
Event: 9153.507 Thread 0x000001ad7ff71520 Thread added: 0x000001ad737f9490
Event: 9160.464 Thread 0x000001ad737f9490 Thread exited: 0x000001ad737f9490
Event: 9164.499 Thread 0x000001ad7ff71520 Thread added: 0x000001ad737f8020
Event: 9165.003 Thread 0x000001ad737f8020 Thread exited: 0x000001ad737f8020
Event: 9174.245 Thread 0x000001ad79ff7650 Thread exited: 0x000001ad79ff7650
Event: 9199.716 Thread 0x000001ad7bdc7590 Thread exited: 0x000001ad7bdc7590
Event: 9234.700 Thread 0x000001ad7bdbb740 Thread exited: 0x000001ad7bdbb740


Dynamic libraries:
0x00007ff65bea0000 - 0x00007ff65beae000 	C:\Users\ecest\.gradle\jdks\eclipse_adoptium-21-amd64-windows.2\bin\java.exe
0x00007ff987590000 - 0x00007ff987785000 	C:\Windows\SYSTEM32\ntdll.dll
0x00007ff985b30000 - 0x00007ff985bee000 	C:\Windows\System32\KERNEL32.DLL
0x00007ff984ca0000 - 0x00007ff984f68000 	C:\Windows\System32\KERNELBASE.dll
0x00007ff9854d0000 - 0x00007ff9855d0000 	C:\Windows\System32\ucrtbase.dll
0x00007ff96fdd0000 - 0x00007ff96fde8000 	C:\Users\ecest\.gradle\jdks\eclipse_adoptium-21-amd64-windows.2\bin\jli.dll
0x00007ff96fb40000 - 0x00007ff96fb5e000 	C:\Users\ecest\.gradle\jdks\eclipse_adoptium-21-amd64-windows.2\bin\VCRUNTIME140.dll
0x00007ff986250000 - 0x00007ff9863f1000 	C:\Windows\System32\USER32.dll
0x00007ff985230000 - 0x00007ff985252000 	C:\Windows\System32\win32u.dll
0x00007ff985f20000 - 0x00007ff985f4b000 	C:\Windows\System32\GDI32.dll
0x00007ff984fd0000 - 0x00007ff9850dd000 	C:\Windows\System32\gdi32full.dll
0x00007ff9850e0000 - 0x00007ff98517d000 	C:\Windows\System32\msvcp_win.dll
0x00007ff9728d0000 - 0x00007ff972b6a000 	C:\Windows\WinSxS\amd64_microsoft.windows.common-controls_6595b64144ccf1df_6.0.19041.1110_none_60b5254171f9507e\COMCTL32.dll
0x00007ff985c10000 - 0x00007ff985cae000 	C:\Windows\System32\msvcrt.dll
0x00007ff986070000 - 0x00007ff9860a0000 	C:\Windows\System32\IMM32.DLL
0x00007ff9728a0000 - 0x00007ff9728ac000 	C:\Users\ecest\.gradle\jdks\eclipse_adoptium-21-amd64-windows.2\bin\vcruntime140_1.dll
0x00007ff963770000 - 0x00007ff9637fd000 	C:\Users\ecest\.gradle\jdks\eclipse_adoptium-21-amd64-windows.2\bin\msvcp140.dll
0x00007ff90de80000 - 0x00007ff90ec10000 	C:\Users\ecest\.gradle\jdks\eclipse_adoptium-21-amd64-windows.2\bin\server\jvm.dll
0x00007ff9855d0000 - 0x00007ff98567c000 	C:\Windows\System32\ADVAPI32.dll
0x00007ff986c30000 - 0x00007ff986ccb000 	C:\Windows\System32\sechost.dll
0x00007ff986cd0000 - 0x00007ff986dfa000 	C:\Windows\System32\RPCRT4.dll
0x00007ff9860a0000 - 0x00007ff98610b000 	C:\Windows\System32\WS2_32.dll
0x00007ff984200000 - 0x00007ff98424b000 	C:\Windows\SYSTEM32\POWRPROF.dll
0x00007ff96deb0000 - 0x00007ff96ded7000 	C:\Windows\SYSTEM32\WINMM.dll
0x00007ff9746a0000 - 0x00007ff9746aa000 	C:\Windows\SYSTEM32\VERSION.dll
0x00007ff9840d0000 - 0x00007ff9840e2000 	C:\Windows\SYSTEM32\UMPDC.dll
0x00007ff982b90000 - 0x00007ff982ba2000 	C:\Windows\SYSTEM32\kernel.appcore.dll
0x00007ff970b60000 - 0x00007ff970b6a000 	C:\Users\ecest\.gradle\jdks\eclipse_adoptium-21-amd64-windows.2\bin\jimage.dll
0x00007ff972ba0000 - 0x00007ff972d84000 	C:\Windows\SYSTEM32\DBGHELP.DLL
0x00007ff96ee30000 - 0x00007ff96ee5c000 	C:\Windows\SYSTEM32\dbgcore.DLL
0x00007ff985440000 - 0x00007ff9854c2000 	C:\Windows\System32\bcryptPrimitives.dll
0x00007ff970b10000 - 0x00007ff970b1f000 	C:\Users\ecest\.gradle\jdks\eclipse_adoptium-21-amd64-windows.2\bin\instrument.dll
0x00007ff96f060000 - 0x00007ff96f07f000 	C:\Users\ecest\.gradle\jdks\eclipse_adoptium-21-amd64-windows.2\bin\java.dll
0x00007ff986e00000 - 0x00007ff987544000 	C:\Windows\System32\SHELL32.dll
0x00007ff982d90000 - 0x00007ff983524000 	C:\Windows\SYSTEM32\windows.storage.dll
0x00007ff985680000 - 0x00007ff9859d5000 	C:\Windows\System32\combase.dll
0x00007ff9846f0000 - 0x00007ff98471e000 	C:\Windows\SYSTEM32\Wldp.dll
0x00007ff985a70000 - 0x00007ff985b1d000 	C:\Windows\System32\SHCORE.dll
0x00007ff986110000 - 0x00007ff986165000 	C:\Windows\System32\shlwapi.dll
0x00007ff984be0000 - 0x00007ff984bff000 	C:\Windows\SYSTEM32\profapi.dll
0x00007ff962e90000 - 0x00007ff962f67000 	C:\Users\ecest\.gradle\jdks\eclipse_adoptium-21-amd64-windows.2\bin\jsvml.dll
0x00007ff96df20000 - 0x00007ff96df38000 	C:\Users\ecest\.gradle\jdks\eclipse_adoptium-21-amd64-windows.2\bin\zip.dll
0x00007ff970480000 - 0x00007ff970490000 	C:\Users\ecest\.gradle\jdks\eclipse_adoptium-21-amd64-windows.2\bin\net.dll
0x00007ff97eaa0000 - 0x00007ff97ebac000 	C:\Windows\SYSTEM32\WINHTTP.dll
0x00007ff984450000 - 0x00007ff9844ba000 	C:\Windows\system32\mswsock.dll
0x00007ff96d1e0000 - 0x00007ff96d1f6000 	C:\Users\ecest\.gradle\jdks\eclipse_adoptium-21-amd64-windows.2\bin\nio.dll
0x00007ff970000000 - 0x00007ff970010000 	C:\Users\ecest\.gradle\jdks\eclipse_adoptium-21-amd64-windows.2\bin\verify.dll
0x00007ff96cd40000 - 0x00007ff96cd67000 	C:\Users\ecest\.gradle\native\660c5614fbf4a5f2a75b1949f50a0caf5cd603558e7d8a26e50b933a0cfb79d1\windows-amd64\native-platform.dll
0x00007ff9671b0000 - 0x00007ff967227000 	C:\Users\ecest\.gradle\native\0.2.8\x86_64-windows-gnu\gradle-fileevents.dll
0x00007ff96def0000 - 0x00007ff96defa000 	C:\Users\ecest\.gradle\jdks\eclipse_adoptium-21-amd64-windows.2\bin\management.dll
0x00007ff96dd00000 - 0x00007ff96dd0b000 	C:\Users\ecest\.gradle\jdks\eclipse_adoptium-21-amd64-windows.2\bin\management_ext.dll
0x00007ff985a60000 - 0x00007ff985a68000 	C:\Windows\System32\PSAPI.DLL
0x00007ff9840f0000 - 0x00007ff98412b000 	C:\Windows\SYSTEM32\IPHLPAPI.DLL
0x00007ff986530000 - 0x00007ff986538000 	C:\Windows\System32\NSI.dll
0x00007ff96d680000 - 0x00007ff96d689000 	C:\Users\ecest\.gradle\jdks\eclipse_adoptium-21-amd64-windows.2\bin\extnet.dll
0x00007ff984640000 - 0x00007ff984658000 	C:\Windows\SYSTEM32\CRYPTSP.dll
0x00007ff983d60000 - 0x00007ff983d94000 	C:\Windows\system32\rsaenh.dll
0x00007ff9853c0000 - 0x00007ff9853e7000 	C:\Windows\System32\bcrypt.dll
0x00007ff984ba0000 - 0x00007ff984bce000 	C:\Windows\SYSTEM32\USERENV.dll
0x00007ff984660000 - 0x00007ff98466c000 	C:\Windows\SYSTEM32\CRYPTBASE.dll
0x00007ff96cfd0000 - 0x00007ff96cfde000 	C:\Users\ecest\.gradle\jdks\eclipse_adoptium-21-amd64-windows.2\bin\sunmscapi.dll
0x00007ff985260000 - 0x00007ff9853b6000 	C:\Windows\System32\CRYPT32.dll
0x00007ff984760000 - 0x00007ff984787000 	C:\Windows\SYSTEM32\ncrypt.dll
0x00007ff984720000 - 0x00007ff98475b000 	C:\Windows\SYSTEM32\NTASN1.dll
0x00007ff982490000 - 0x00007ff982497000 	C:\Windows\system32\wshunix.dll
0x00007ff984130000 - 0x00007ff9841fb000 	C:\Windows\SYSTEM32\DNSAPI.dll
0x000000006f1e0000 - 0x000000006f206000 	C:\Program Files\Bonjour\mdnsNSP.dll
0x00007ff979910000 - 0x00007ff97991a000 	C:\Windows\System32\rasadhlp.dll
0x00007ff978a60000 - 0x00007ff978adf000 	C:\Windows\System32\fwpuclnt.dll
0x00007ff983990000 - 0x00007ff9839c3000 	C:\Windows\SYSTEM32\ntmarta.dll
0x00007ff96fda0000 - 0x00007ff96fda7000 	C:\Users\ecest\.gradle\jdks\eclipse_adoptium-21-amd64-windows.2\bin\rmi.dll
0x00007ff95b8e0000 - 0x00007ff95ba6e000 	C:\Users\ecest\.gradle\jdks\eclipse_adoptium-21-amd64-windows.2\bin\awt.dll
0x00007ff986b60000 - 0x00007ff986c2d000 	C:\Windows\System32\OLEAUT32.dll
0x00007ff97e6c0000 - 0x00007ff97e750000 	C:\Windows\SYSTEM32\apphelp.dll
0x00007ff9826d0000 - 0x00007ff98276e000 	C:\Windows\system32\uxtheme.dll
0x00007ff985f50000 - 0x00007ff986065000 	C:\Windows\System32\MSCTF.dll
0x00007ff986400000 - 0x00007ff98652a000 	C:\Windows\System32\ole32.dll

dbghelp: loaded successfully - version: 4.0.5 - missing functions: none
symbol engine: initialized successfully - sym options: 0x614 - pdb path: .;C:\Users\ecest\.gradle\jdks\eclipse_adoptium-21-amd64-windows.2\bin;C:\Windows\SYSTEM32;C:\Windows\WinSxS\amd64_microsoft.windows.common-controls_6595b64144ccf1df_6.0.19041.1110_none_60b5254171f9507e;C:\Users\ecest\.gradle\jdks\eclipse_adoptium-21-amd64-windows.2\bin\server;C:\Users\ecest\.gradle\native\660c5614fbf4a5f2a75b1949f50a0caf5cd603558e7d8a26e50b933a0cfb79d1\windows-amd64;C:\Users\ecest\.gradle\native\0.2.8\x86_64-windows-gnu;C:\Program Files\Bonjour;C:\Users\ecest\AppData\Local\Temp

VM Arguments:
jvm_args: --add-opens=java.base/java.lang=ALL-UNNAMED --add-opens=java.base/java.lang.invoke=ALL-UNNAMED --add-opens=java.base/java.util=ALL-UNNAMED --add-opens=java.prefs/java.util.prefs=ALL-UNNAMED --add-exports=jdk.compiler/com.sun.tools.javac.api=ALL-UNNAMED --add-exports=jdk.compiler/com.sun.tools.javac.util=ALL-UNNAMED --add-opens=java.base/java.util=ALL-UNNAMED --add-opens=java.prefs/java.util.prefs=ALL-UNNAMED --add-opens=java.base/java.nio.charset=ALL-UNNAMED --add-opens=java.base/java.net=ALL-UNNAMED --add-opens=java.base/java.util.concurrent=ALL-UNNAMED --add-opens=java.base/java.util.concurrent.atomic=ALL-UNNAMED --add-opens=java.xml/javax.xml.namespace=ALL-UNNAMED --add-opens=java.base/java.time=ALL-UNNAMED -Xmx4096m -Dfile.encoding=UTF-8 -Duser.country=CO -Duser.language=es -Duser.variant -javaagent:C:\Users\ecest\.gradle\wrapper\dists\gradle-9.3.1-bin\23ovyewtku6u96viwx3xl3oks\gradle-9.3.1\lib\agents\gradle-instrumentation-agent-9.3.1.jar 
java_command: org.gradle.launcher.daemon.bootstrap.GradleDaemon 9.3.1
java_class_path (initial): C:\Users\ecest\.gradle\wrapper\dists\gradle-9.3.1-bin\23ovyewtku6u96viwx3xl3oks\gradle-9.3.1\lib\gradle-daemon-main-9.3.1.jar
Launcher Type: SUN_STANDARD

[Global flags]
     intx CICompilerCount                          = 3                                         {product} {ergonomic}
     uint ConcGCThreads                            = 1                                         {product} {ergonomic}
     uint G1ConcRefinementThreads                  = 4                                         {product} {ergonomic}
   size_t G1HeapRegionSize                         = 2097152                                   {product} {ergonomic}
    uintx GCDrainStackTargetSize                   = 64                                        {product} {ergonomic}
   size_t InitialHeapSize                          = 167772160                                 {product} {ergonomic}
   size_t MarkStackSize                            = 4194304                                   {product} {ergonomic}
   size_t MaxHeapSize                              = 4294967296                                {product} {command line}
   size_t MaxNewSize                               = 2575302656                                {product} {ergonomic}
   size_t MinHeapDeltaBytes                        = 2097152                                   {product} {ergonomic}
   size_t MinHeapSize                              = 8388608                                   {product} {ergonomic}
    uintx NonNMethodCodeHeapSize                   = 5832780                                {pd product} {ergonomic}
    uintx NonProfiledCodeHeapSize                  = 122912730                              {pd product} {ergonomic}
    uintx ProfiledCodeHeapSize                     = 122912730                              {pd product} {ergonomic}
    uintx ReservedCodeCacheSize                    = 251658240                              {pd product} {ergonomic}
     bool SegmentedCodeCache                       = true                                      {product} {ergonomic}
   size_t SoftMaxHeapSize                          = 4294967296                             {manageable} {ergonomic}
     bool UseCompressedOops                        = true                           {product lp64_product} {ergonomic}
     bool UseG1GC                                  = true                                      {product} {ergonomic}
     bool UseLargePagesIndividualAllocation        = false                                  {pd product} {ergonomic}

Logging:
Log output configuration:
 #0: stdout all=warning uptime,level,tags foldmultilines=false
 #1: stderr all=off uptime,level,tags foldmultilines=false

Environment Variables:
PATH=C:\Python314\Scripts\;C:\Python314\;C:\Program Files\Eclipse Adoptium\jdk-25.0.2.10-hotspot\bin;C:\Program Files\Common Files\Oracle\Java\javapath;C:\Windows\system32;C:\Windows;C:\Windows\System32\Wbem;C:\Windows\System32\WindowsPowerShell\v1.0\;C:\Windows\System32\OpenSSH\;C:\Program Files\dotnet\;C:\Program Files\Microsoft SQL Server\150\Tools\Binn\;C:\Program Files (x86)\PowerShell\7\;C:\Program Files (x86)\Windows Kits\10\Windows Performance Toolkit\;C:\Program Files (x86)\Common Files\Ulead Systems\MPEG;C:\Program Files\Go\bin;C:\Program Files\nodejs\;C:\ProgramData\chocolatey\bin;C:\Program Files\Git\cmd;C:\Users\ecest\OneDrive\Escritorio\escritorio\Mis programas\flutter\bin;C:\Users\ecest\.dotnet\tools;C:\Program Files\JetBrains\JetBrains Rider 2024.3.5\bin;;C:\Program Files\Java\jdk-17\bin;C:\Gradle\bin;C:\Users\ecest\AppData\Local\Programs\Microsoft VS Code\bin;C:\Users\ecest\AppData\Local\GitHubDesktop\bin;C:\Users\ecest\go\bin;C:\Users\ecest\AppData\Roaming\npm
USERNAME=ecest
OS=Windows_NT
PROCESSOR_IDENTIFIER=Intel64 Family 6 Model 69 Stepping 1, GenuineIntel
TMP=C:\Users\ecest\AppData\Local\Temp
TEMP=C:\Users\ecest\AppData\Local\Temp




Periodic native trim disabled

---------------  S Y S T E M  ---------------

OS:
 Windows 10 , 64 bit Build 19041 (10.0.19041.1348)
OS uptime: 8 days 4:45 hours

CPU: total 4 (initial active 4) (2 cores per cpu, 2 threads per core) family 6 model 69 stepping 1 microcode 0x25, cx8, cmov, fxsr, ht, mmx, sse, sse2, sse3, ssse3, sse4.1, sse4.2, popcnt, lzcnt, tsc, tscinvbit, avx, avx2, aes, erms, clmul, bmi1, bmi2, fma, vzeroupper, clflush, rdtscp, f16c
Processor Information for the first 4 processors :
  Max Mhz: 1700, Current Mhz: 1700, Mhz Limit: 1700

Memory: 4k page, system-wide physical 10158M (228M free)
TotalPageFile size 18350M (AvailPageFile size 19M)
current process WorkingSet (physical memory assigned to process): 3044M, peak: 3081M
current process commit charge ("private bytes"): 4956M, peak: 4990M

vm_info: OpenJDK 64-Bit Server VM (21.0.7+6-LTS) for windows-amd64 JRE (21.0.7+6-LTS), built on 2025-04-15T00:00:00Z by "admin" with MS VC++ 17.7 (VS2022)

END.
