#
# There is insufficient memory for the Java Runtime Environment to continue.
# Native memory allocation (mmap) failed to map 100663296 bytes. Error detail: G1 virtual space
# Possible reasons:
#   The system is out of physical RAM or swap space
#   This process is running with CompressedOops enabled, and the Java Heap may be blocking the growth of the native heap
# Possible solutions:
#   Reduce memory load on the system
#   Increase physical memory or swap space
#   Check if swap backing store is full
#   Decrease Java heap size (-Xmx/-Xms)
#   Decrease number of Java threads
#   Decrease Java thread stack sizes (-Xss)
#   Set larger code cache with -XX:ReservedCodeCacheSize=
#   JVM is running with Zero Based Compressed Oops mode in which the Java heap is
#     placed in the first 32GB address space. The Java Heap base address is the
#     maximum limit for the native heap growth. Please use -XX:HeapBaseMinAddress
#     to set the Java Heap base and to place the Java Heap above 32GB virtual address.
# This output file may be truncated or incomplete.
#
#  Out of Memory Error (os_windows.cpp:3686), pid=16108, tid=13240
#
# JRE version: OpenJDK Runtime Environment Temurin-21.0.7+6 (21.0.7+6) (build 21.0.7+6-LTS)
# Java VM: OpenJDK 64-Bit Server VM Temurin-21.0.7+6 (21.0.7+6-LTS, mixed mode, sharing, tiered, compressed oops, compressed class ptrs, g1 gc, windows-amd64)
# No core dump will be written. Minidumps are not enabled by default on client versions of Windows
#

---------------  S U M M A R Y ------------

Command Line: --add-opens=java.base/java.lang=ALL-UNNAMED --add-opens=java.base/java.lang.invoke=ALL-UNNAMED --add-opens=java.base/java.util=ALL-UNNAMED --add-opens=java.prefs/java.util.prefs=ALL-UNNAMED --add-exports=jdk.compiler/com.sun.tools.javac.api=ALL-UNNAMED --add-exports=jdk.compiler/com.sun.tools.javac.util=ALL-UNNAMED --add-opens=java.base/java.util=ALL-UNNAMED --add-opens=java.prefs/java.util.prefs=ALL-UNNAMED --add-opens=java.base/java.nio.charset=ALL-UNNAMED --add-opens=java.base/java.net=ALL-UNNAMED --add-opens=java.base/java.util.concurrent=ALL-UNNAMED --add-opens=java.base/java.util.concurrent.atomic=ALL-UNNAMED --add-opens=java.xml/javax.xml.namespace=ALL-UNNAMED --add-opens=java.base/java.time=ALL-UNNAMED -Xmx4096m -Dfile.encoding=UTF-8 -Duser.country=CO -Duser.language=es -Duser.variant -javaagent:C:\Users\ecest\.gradle\wrapper\dists\gradle-9.3.1-bin\23ovyewtku6u96viwx3xl3oks\gradle-9.3.1\lib\agents\gradle-instrumentation-agent-9.3.1.jar org.gradle.launcher.daemon.bootstrap.GradleDaemon 9.3.1

Host: Intel(R) Core(TM) i3-4005U CPU @ 1.70GHz, 4 cores, 9G,  Windows 10 , 64 bit Build 19041 (10.0.19041.1348)
Time: Tue Jul 21 10:44:07 2026 Hora est. Pacífico, Sudamérica elapsed time: 1623.766279 seconds (0d 0h 27m 3s)

---------------  T H R E A D  ---------------

Current thread (0x0000021be7e89d80):  VMThread "VM Thread"          [id=13240, stack(0x000000279e900000,0x000000279ea00000) (1024K)]

Stack: [0x000000279e900000,0x000000279ea00000]
Native frames: (J=compiled Java code, j=interpreted, Vv=VM code, C=native code)
V  [jvm.dll+0x6ce119]
V  [jvm.dll+0x8a84a1]
V  [jvm.dll+0x8aa9ce]
V  [jvm.dll+0x8ab0b3]
V  [jvm.dll+0x27f8a6]
V  [jvm.dll+0x6ca945]
V  [jvm.dll+0x6bebea]
V  [jvm.dll+0x355eca]
V  [jvm.dll+0x35da96]
V  [jvm.dll+0x3af72e]
V  [jvm.dll+0x3af9d8]
V  [jvm.dll+0x32a05c]
V  [jvm.dll+0x32c8b6]
V  [jvm.dll+0x336aa8]
V  [jvm.dll+0x36bfcf]
V  [jvm.dll+0x8b0dcf]
V  [jvm.dll+0x8b2154]
V  [jvm.dll+0x8b2690]
V  [jvm.dll+0x8b2933]
V  [jvm.dll+0x851f6b]
V  [jvm.dll+0x6cc7dd]
C  [ucrtbase.dll+0x21bb2]
C  [KERNEL32.DLL+0x17034]
C  [ntdll.dll+0x52651]

VM_Operation (0x000000279e4ff600): G1PauseRemark, mode: safepoint, requested by thread 0x0000021bc703ebe0


---------------  P R O C E S S  ---------------

Threads class SMR info:
_java_thread_list=0x0000021bf9181a00, length=108, elements={
0x0000021bc92ff470, 0x0000021be7ea30e0, 0x0000021be7ea3d30, 0x0000021be7ea4980,
0x0000021be7ea83f0, 0x0000021be7ea91a0, 0x0000021be7ea9bf0, 0x0000021be7eb86a0,
0x0000021be7ed9140, 0x0000021be7e749f0, 0x0000021bec1e5620, 0x0000021becf330a0,
0x0000021becdd55c0, 0x0000021beceffc00, 0x0000021becc1b0e0, 0x0000021becdb0b90,
0x0000021bec0b35a0, 0x0000021bec289360, 0x0000021becee9ad0, 0x0000021beceeb510,
0x0000021becee8db0, 0x0000021becee9440, 0x0000021beceeae80, 0x0000021beceebba0,
0x0000021bedeec640, 0x0000021bedee8b30, 0x0000021bedef0150, 0x0000021bedeef430,
0x0000021bedeee710, 0x0000021bedee91c0, 0x0000021bedeeeda0, 0x0000021bedeefac0,
0x0000021bedeeccd0, 0x0000021bedeeac00, 0x0000021bedeeb290, 0x0000021bedeebfb0,
0x0000021bf0d286d0, 0x0000021bf0d2cf00, 0x0000021bf0d2e2b0, 0x0000021bf0d2ae30,
0x0000021bf0d2b4c0, 0x0000021bf0d28d60, 0x0000021bf0d2d590, 0x0000021bf0d29a80,
0x0000021bf0d2c870, 0x0000021bf14e2be0, 0x0000021bf14dfdf0, 0x0000021bf1f5c6a0,
0x0000021bf1f58500, 0x0000021bf1f58b90, 0x0000021bf1f5cd30, 0x0000021bf1f5b2f0,
0x0000021bf1f5c010, 0x0000021bf1f55da0, 0x0000021bf1f56ac0, 0x0000021bf1f57150,
0x0000021bf1794720, 0x0000021bf1ccebf0, 0x0000021bf1ccf910, 0x0000021bf1ccb770,
0x0000021bf8de4770, 0x0000021bf8de4e00, 0x0000021bf8de26a0, 0x0000021bf8de40e0,
0x0000021bf8de33c0, 0x0000021bf8de2d30, 0x0000021bf8de3a50, 0x0000021bf8de12f0,
0x0000021bf8de5490, 0x0000021bf8de2010, 0x0000021bf1ccd1b0, 0x0000021bf1ccf280,
0x0000021bf1ccded0, 0x0000021bf1cd2d90, 0x0000021bf1cd2700, 0x0000021bf1ccbe00,
0x0000021bf1790c10, 0x0000021bf1795ad0, 0x0000021bf8ff2140, 0x0000021bf8ff1420,
0x0000021bf8ff1ab0, 0x0000021bf8ff3b80, 0x0000021bf8ff48a0, 0x0000021bf8ff55c0,
0x0000021bf8ff5c50, 0x0000021bf8ff7000, 0x0000021bf8ff6970, 0x0000021bf8ff7690,
0x0000021bf8ff7d20, 0x0000021bf1794090, 0x0000021bf8de05d0, 0x0000021bf8bdcf20,
0x0000021bf8bd9aa0, 0x0000021bf8bdf680, 0x0000021bf8be3820, 0x0000021bf8be1750,
0x0000021bf8be3eb0, 0x0000021bf8be4540, 0x0000021bf8be5f80, 0x0000021bc1d8fb20,
0x0000021bc1d901b0, 0x0000021bc1d8da50, 0x0000021bc1d8e770, 0x0000021bc1d92910,
0x0000021beceec230, 0x0000021beceea7f0, 0x0000021bfa077b30, 0x0000021bf9f48dd0
}

Java Threads: ( => current thread )
  0x0000021bc92ff470 JavaThread "main"                              [_thread_blocked, id=7248, stack(0x000000279e200000,0x000000279e300000) (1024K)]
  0x0000021be7ea30e0 JavaThread "Reference Handler"          daemon [_thread_blocked, id=12460, stack(0x000000279ea00000,0x000000279eb00000) (1024K)]
  0x0000021be7ea3d30 JavaThread "Finalizer"                  daemon [_thread_blocked, id=5764, stack(0x000000279eb00000,0x000000279ec00000) (1024K)]
  0x0000021be7ea4980 JavaThread "Signal Dispatcher"          daemon [_thread_blocked, id=5756, stack(0x000000279ec00000,0x000000279ed00000) (1024K)]
  0x0000021be7ea83f0 JavaThread "Attach Listener"            daemon [_thread_blocked, id=14636, stack(0x000000279ed00000,0x000000279ee00000) (1024K)]
  0x0000021be7ea91a0 JavaThread "Service Thread"             daemon [_thread_blocked, id=10268, stack(0x000000279ee00000,0x000000279ef00000) (1024K)]
  0x0000021be7ea9bf0 JavaThread "Monitor Deflation Thread"   daemon [_thread_blocked, id=4504, stack(0x000000279ef00000,0x000000279f000000) (1024K)]
  0x0000021be7eb86a0 JavaThread "C2 CompilerThread0"         daemon [_thread_blocked, id=17108, stack(0x000000279f000000,0x000000279f100000) (1024K)]
  0x0000021be7ed9140 JavaThread "C1 CompilerThread0"         daemon [_thread_blocked, id=2576, stack(0x000000279f100000,0x000000279f200000) (1024K)]
  0x0000021be7e749f0 JavaThread "Common-Cleaner"             daemon [_thread_blocked, id=14348, stack(0x000000279f200000,0x000000279f300000) (1024K)]
  0x0000021bec1e5620 JavaThread "Notification Thread"        daemon [_thread_blocked, id=12324, stack(0x000000279f300000,0x000000279f400000) (1024K)]
  0x0000021becf330a0 JavaThread "Daemon health stats"               [_thread_blocked, id=2480, stack(0x000000279f700000,0x000000279f800000) (1024K)]
  0x0000021becdd55c0 JavaThread "Incoming local TCP Connector on port 58609"        [_thread_in_native, id=11288, stack(0x000000279f800000,0x000000279f900000) (1024K)]
  0x0000021beceffc00 JavaThread "Daemon periodic checks"            [_thread_blocked, id=1588, stack(0x000000279f900000,0x000000279fa00000) (1024K)]
  0x0000021becc1b0e0 JavaThread "Daemon"                            [_thread_blocked, id=11688, stack(0x000000279fa00000,0x000000279fb00000) (1024K)]
  0x0000021becdb0b90 JavaThread "Handler for socket connection from /127.0.0.1:58609 to /127.0.0.1:58610"        [_thread_in_native, id=6052, stack(0x000000279fb00000,0x000000279fc00000) (1024K)]
  0x0000021bec0b35a0 JavaThread "Cancel handler"                    [_thread_blocked, id=16864, stack(0x000000279fc00000,0x000000279fd00000) (1024K)]
  0x0000021bec289360 JavaThread "Daemon worker"                     [_thread_blocked, id=14300, stack(0x000000279fd00000,0x000000279fe00000) (1024K)]
  0x0000021becee9ad0 JavaThread "Asynchronous log dispatcher for DefaultDaemonConnection: socket connection from /127.0.0.1:58609 to /127.0.0.1:58610"        [_thread_blocked, id=9096, stack(0x000000279fe00000,0x000000279ff00000) (1024K)]
  0x0000021beceeb510 JavaThread "Stdin handler"                     [_thread_blocked, id=5996, stack(0x000000279ff00000,0x00000027a0000000) (1024K)]
  0x0000021becee8db0 JavaThread "Daemon client event forwarder"        [_thread_blocked, id=16688, stack(0x00000027a0000000,0x00000027a0100000) (1024K)]
  0x0000021becee9440 JavaThread "Cache worker for journal cache (C:\Users\ecest\.gradle\caches\journal-1)"        [_thread_blocked, id=15896, stack(0x00000027a0100000,0x00000027a0200000) (1024K)]
  0x0000021beceeae80 JavaThread "File lock request listener"        [_thread_in_native, id=4976, stack(0x00000027a0200000,0x00000027a0300000) (1024K)]
  0x0000021beceebba0 JavaThread "Cache worker for file hash cache (C:\Users\ecest\.gradle\caches\9.3.1\fileHashes)"        [_thread_blocked, id=15208, stack(0x00000027a0400000,0x00000027a0500000) (1024K)]
  0x0000021bedeec640 JavaThread "Cache worker for file hash cache (C:\Users\ecest\OneDrive\SigeSchoolpro\.gradle\9.3.1\fileHashes)"        [_thread_blocked, id=14852, stack(0x00000027a0500000,0x00000027a0600000) (1024K)]
  0x0000021bedee8b30 JavaThread "Cache worker for Build Output Cleanup Cache (C:\Users\ecest\OneDrive\SigeSchoolpro\.gradle\buildOutputCleanup)"        [_thread_blocked, id=7460, stack(0x00000027a0600000,0x00000027a0700000) (1024K)]
  0x0000021bedef0150 JavaThread "File watcher server"        daemon [_thread_blocked, id=16044, stack(0x00000027a0700000,0x00000027a0800000) (1024K)]
  0x0000021bedeef430 JavaThread "File watcher consumer"      daemon [_thread_blocked, id=16448, stack(0x00000027a0800000,0x00000027a0900000) (1024K)]
  0x0000021bedeee710 JavaThread "Cache worker for checksums cache (C:\Users\ecest\OneDrive\SigeSchoolpro\.gradle\9.3.1\checksums)"        [_thread_blocked, id=16144, stack(0x00000027a0900000,0x00000027a0a00000) (1024K)]
  0x0000021bedee91c0 JavaThread "Cache worker for file content cache (C:\Users\ecest\.gradle\caches\9.3.1\fileContent)"        [_thread_blocked, id=15012, stack(0x00000027a0a00000,0x00000027a0b00000) (1024K)]
  0x0000021bedeeeda0 JavaThread "Cache worker for cache directory md-supplier (C:\Users\ecest\.gradle\caches\9.3.1\md-supplier)"        [_thread_blocked, id=8256, stack(0x00000027a0b00000,0x00000027a0c00000) (1024K)]
  0x0000021bedeefac0 JavaThread "Cache worker for cache directory md-rule (C:\Users\ecest\.gradle\caches\9.3.1\md-rule)"        [_thread_blocked, id=15928, stack(0x00000027a0c00000,0x00000027a0d00000) (1024K)]
  0x0000021bedeeccd0 JavaThread "Unconstrained build operations"        [_thread_blocked, id=6416, stack(0x000000279df00000,0x000000279e000000) (1024K)]
  0x0000021bedeeac00 JavaThread "Unconstrained build operations Thread 2"        [_thread_blocked, id=8424, stack(0x000000279e100000,0x000000279e200000) (1024K)]
  0x0000021bedeeb290 JavaThread "Unconstrained build operations Thread 3"        [_thread_blocked, id=648, stack(0x00000027a0d00000,0x00000027a0e00000) (1024K)]
  0x0000021bedeebfb0 JavaThread "Unconstrained build operations Thread 4"        [_thread_blocked, id=12552, stack(0x000000279e000000,0x000000279e100000) (1024K)]
  0x0000021bf0d286d0 JavaThread "Unconstrained build operations Thread 5"        [_thread_blocked, id=17352, stack(0x00000027a0e00000,0x00000027a0f00000) (1024K)]
  0x0000021bf0d2cf00 JavaThread "Unconstrained build operations Thread 6"        [_thread_blocked, id=2760, stack(0x00000027a0f00000,0x00000027a1000000) (1024K)]
  0x0000021bf0d2e2b0 JavaThread "Unconstrained build operations Thread 7"        [_thread_blocked, id=7976, stack(0x00000027a1000000,0x00000027a1100000) (1024K)]
  0x0000021bf0d2ae30 JavaThread "Unconstrained build operations Thread 8"        [_thread_blocked, id=8704, stack(0x00000027a1100000,0x00000027a1200000) (1024K)]
  0x0000021bf0d2b4c0 JavaThread "Unconstrained build operations Thread 9"        [_thread_blocked, id=3636, stack(0x00000027a1200000,0x00000027a1300000) (1024K)]
  0x0000021bf0d28d60 JavaThread "Unconstrained build operations Thread 10"        [_thread_blocked, id=12404, stack(0x00000027a1300000,0x00000027a1400000) (1024K)]
  0x0000021bf0d2d590 JavaThread "Unconstrained build operations Thread 11"        [_thread_blocked, id=15532, stack(0x00000027a1400000,0x00000027a1500000) (1024K)]
  0x0000021bf0d29a80 JavaThread "Unconstrained build operations Thread 12"        [_thread_blocked, id=4176, stack(0x00000027a1500000,0x00000027a1600000) (1024K)]
  0x0000021bf0d2c870 JavaThread "Memory manager"                    [_thread_blocked, id=3076, stack(0x00000027a1600000,0x00000027a1700000) (1024K)]
  0x0000021bf14e2be0 JavaThread "build event listener"              [_thread_blocked, id=14892, stack(0x00000027a1700000,0x00000027a1800000) (1024K)]
  0x0000021bf14dfdf0 JavaThread "Problems report writer"            [_thread_blocked, id=5316, stack(0x00000027a1800000,0x00000027a1900000) (1024K)]
  0x0000021bf1f5c6a0 JavaThread "pool-3-thread-1"                   [_thread_blocked, id=15316, stack(0x00000027a1900000,0x00000027a1a00000) (1024K)]
  0x0000021bf1f58500 JavaThread "build event listener"              [_thread_blocked, id=10600, stack(0x00000027a1a00000,0x00000027a1b00000) (1024K)]
  0x0000021bf1f58b90 JavaThread "included builds"                   [_thread_blocked, id=15260, stack(0x00000027a1b00000,0x00000027a1c00000) (1024K)]
  0x0000021bf1f5cd30 JavaThread "Execution worker"                  [_thread_blocked, id=12524, stack(0x00000027a1c00000,0x00000027a1d00000) (1024K)]
  0x0000021bf1f5b2f0 JavaThread "Execution worker Thread 2"         [_thread_blocked, id=13500, stack(0x00000027a1d00000,0x00000027a1e00000) (1024K)]
  0x0000021bf1f5c010 JavaThread "Execution worker Thread 3"         [_thread_blocked, id=2304, stack(0x00000027a1e00000,0x00000027a1f00000) (1024K)]
  0x0000021bf1f55da0 JavaThread "Cache worker for execution history cache (C:\Users\ecest\OneDrive\SigeSchoolpro\.gradle\9.3.1\executionHistory)"        [_thread_blocked, id=10464, stack(0x00000027a1f00000,0x00000027a2000000) (1024K)]
  0x0000021bf1f56ac0 JavaThread "WorkerExecutor Queue"              [_thread_blocked, id=8056, stack(0x00000027a2000000,0x00000027a2100000) (1024K)]
  0x0000021bf1f57150 JavaThread "WorkerExecutor Queue Thread 2"        [_thread_blocked, id=12048, stack(0x00000027a2100000,0x00000027a2200000) (1024K)]
  0x0000021bf1794720 JavaThread "WorkerExecutor Queue Thread 4"        [_thread_blocked, id=9168, stack(0x00000027a2400000,0x00000027a2500000) (1024K)]
  0x0000021bf1ccebf0 JavaThread "Unconstrained build operations Thread 13"        [_thread_blocked, id=9476, stack(0x00000027a2500000,0x00000027a2600000) (1024K)]
  0x0000021bf1ccf910 JavaThread "Unconstrained build operations Thread 14"        [_thread_blocked, id=12420, stack(0x00000027a2600000,0x00000027a2700000) (1024K)]
  0x0000021bf1ccb770 JavaThread "Unconstrained build operations Thread 15"        [_thread_blocked, id=12952, stack(0x00000027a2700000,0x00000027a2800000) (1024K)]
  0x0000021bf8de4770 JavaThread "Unconstrained build operations Thread 16"        [_thread_blocked, id=16100, stack(0x00000027a2200000,0x00000027a2300000) (1024K)]
  0x0000021bf8de4e00 JavaThread "Unconstrained build operations Thread 17"        [_thread_blocked, id=2792, stack(0x00000027a2300000,0x00000027a2400000) (1024K)]
  0x0000021bf8de26a0 JavaThread "Unconstrained build operations Thread 18"        [_thread_blocked, id=11140, stack(0x00000027a2900000,0x00000027a2a00000) (1024K)]
  0x0000021bf8de40e0 JavaThread "Unconstrained build operations Thread 19"        [_thread_blocked, id=5224, stack(0x00000027a2a00000,0x00000027a2b00000) (1024K)]
  0x0000021bf8de33c0 JavaThread "Unconstrained build operations Thread 20"        [_thread_blocked, id=16948, stack(0x00000027a0300000,0x00000027a0400000) (1024K)]
  0x0000021bf8de2d30 JavaThread "Unconstrained build operations Thread 21"        [_thread_blocked, id=8460, stack(0x00000027a2b00000,0x00000027a2c00000) (1024K)]
  0x0000021bf8de3a50 JavaThread "Unconstrained build operations Thread 22"        [_thread_blocked, id=6612, stack(0x00000027a2c00000,0x00000027a2d00000) (1024K)]
  0x0000021bf8de12f0 JavaThread "Unconstrained build operations Thread 23"        [_thread_blocked, id=14700, stack(0x00000027a2d00000,0x00000027a2e00000) (1024K)]
  0x0000021bf8de5490 JavaThread "Unconstrained build operations Thread 24"        [_thread_blocked, id=12112, stack(0x00000027a2e00000,0x00000027a2f00000) (1024K)]
  0x0000021bf8de2010 JavaThread "Unconstrained build operations Thread 25"        [_thread_blocked, id=8764, stack(0x00000027a2f00000,0x00000027a3000000) (1024K)]
  0x0000021bf1ccd1b0 JavaThread "Unconstrained build operations Thread 26"        [_thread_blocked, id=11404, stack(0x00000027a3000000,0x00000027a3100000) (1024K)]
  0x0000021bf1ccf280 JavaThread "Unconstrained build operations Thread 27"        [_thread_blocked, id=14884, stack(0x00000027a3100000,0x00000027a3200000) (1024K)]
  0x0000021bf1ccded0 JavaThread "Unconstrained build operations Thread 28"        [_thread_blocked, id=8876, stack(0x00000027a3200000,0x00000027a3300000) (1024K)]
  0x0000021bf1cd2d90 JavaThread "Unconstrained build operations Thread 29"        [_thread_blocked, id=12996, stack(0x00000027a3300000,0x00000027a3400000) (1024K)]
  0x0000021bf1cd2700 JavaThread "RMI Scheduler(0)"           daemon [_thread_blocked, id=2236, stack(0x00000027a3400000,0x00000027a3500000) (1024K)]
  0x0000021bf1ccbe00 JavaThread "RMI GC Daemon"              daemon [_thread_blocked, id=13392, stack(0x00000027a3600000,0x00000027a3700000) (1024K)]
  0x0000021bf1790c10 JavaThread "RMI TCP Accept-0"           daemon [_thread_in_native, id=7136, stack(0x00000027a3700000,0x00000027a3800000) (1024K)]
  0x0000021bf1795ad0 JavaThread "RMI Reaper"                        [_thread_blocked, id=14388, stack(0x00000027a3800000,0x00000027a3900000) (1024K)]
  0x0000021bf8ff2140 JavaThread "Unconstrained build operations Thread 30"        [_thread_blocked, id=16604, stack(0x00000027a3a00000,0x00000027a3b00000) (1024K)]
  0x0000021bf8ff1420 JavaThread "Unconstrained build operations Thread 31"        [_thread_blocked, id=17212, stack(0x00000027a3b00000,0x00000027a3c00000) (1024K)]
  0x0000021bf8ff1ab0 JavaThread "Unconstrained build operations Thread 32"        [_thread_blocked, id=11472, stack(0x00000027a3c00000,0x00000027a3d00000) (1024K)]
  0x0000021bf8ff3b80 JavaThread "Unconstrained build operations Thread 33"        [_thread_blocked, id=9712, stack(0x00000027a3d00000,0x00000027a3e00000) (1024K)]
  0x0000021bf8ff48a0 JavaThread "Unconstrained build operations Thread 34"        [_thread_blocked, id=7672, stack(0x00000027a3e00000,0x00000027a3f00000) (1024K)]
  0x0000021bf8ff55c0 JavaThread "Unconstrained build operations Thread 35"        [_thread_blocked, id=5452, stack(0x00000027a3f00000,0x00000027a4000000) (1024K)]
  0x0000021bf8ff5c50 JavaThread "Unconstrained build operations Thread 36"        [_thread_blocked, id=9648, stack(0x00000027a4000000,0x00000027a4100000) (1024K)]
  0x0000021bf8ff7000 JavaThread "Unconstrained build operations Thread 37"        [_thread_blocked, id=4992, stack(0x00000027a4100000,0x00000027a4200000) (1024K)]
  0x0000021bf8ff6970 JavaThread "Unconstrained build operations Thread 38"        [_thread_blocked, id=16188, stack(0x00000027a4200000,0x00000027a4300000) (1024K)]
  0x0000021bf8ff7690 JavaThread "Unconstrained build operations Thread 39"        [_thread_blocked, id=15116, stack(0x00000027a4300000,0x00000027a4400000) (1024K)]
  0x0000021bf8ff7d20 JavaThread "Unconstrained build operations Thread 40"        [_thread_blocked, id=17368, stack(0x00000027a4400000,0x00000027a4500000) (1024K)]
  0x0000021bf1794090 JavaThread "WorkerExecutor Queue Thread 7"        [_thread_blocked, id=9004, stack(0x00000027a2800000,0x00000027a2900000) (1024K)]
  0x0000021bf8de05d0 JavaThread "Cache worker for Java compile cache (C:\Users\ecest\.gradle\caches\9.3.1\javaCompile)"        [_thread_blocked, id=916, stack(0x00000027a4b00000,0x00000027a4c00000) (1024K)]
  0x0000021bf8bdcf20 JavaThread "Build operations"                  [_thread_blocked, id=3408, stack(0x00000027a4c00000,0x00000027a4d00000) (1024K)]
  0x0000021bf8bd9aa0 JavaThread "Build operations Thread 2"         [_thread_blocked, id=16788, stack(0x00000027a4d00000,0x00000027a4e00000) (1024K)]
  0x0000021bf8bdf680 JavaThread "Build operations Thread 3"         [_thread_blocked, id=16568, stack(0x00000027a4e00000,0x00000027a4f00000) (1024K)]
  0x0000021bf8be3820 JavaThread "Periodic tasks thread"      daemon [_thread_blocked, id=16484, stack(0x00000027a3900000,0x00000027a3a00000) (1024K)]
  0x0000021bf8be1750 JavaThread "ApplicationImpl pooled thread 1" daemon [_thread_blocked, id=15544, stack(0x00000027a4500000,0x00000027a4600000) (1024K)]
  0x0000021bf8be3eb0 JavaThread "DefaultDispatcher-worker-1" daemon [_thread_blocked, id=15052, stack(0x00000027a3500000,0x00000027a3600000) (1024K)]
  0x0000021bf8be4540 JavaThread "DefaultDispatcher-worker-2" daemon [_thread_blocked, id=8472, stack(0x00000027a4600000,0x00000027a4700000) (1024K)]
  0x0000021bf8be5f80 JavaThread "DefaultDispatcher-worker-3" daemon [_thread_blocked, id=7572, stack(0x00000027a4700000,0x00000027a4800000) (1024K)]
  0x0000021bc1d8fb20 JavaThread "ForkJoinPool.commonPool-worker-1" daemon [_thread_blocked, id=6912, stack(0x00000027a4900000,0x00000027a4a00000) (1024K)]
  0x0000021bc1d901b0 JavaThread "Java2D Disposer"            daemon [_thread_blocked, id=11944, stack(0x00000027a4a00000,0x00000027a4b00000) (1024K)]
  0x0000021bc1d8da50 JavaThread "AWT-Windows"                daemon [_thread_in_native, id=7500, stack(0x00000027a5000000,0x00000027a5100000) (1024K)]
  0x0000021bc1d8e770 JavaThread "ForkJoinPool.commonPool-worker-2" daemon [_thread_blocked, id=5148, stack(0x00000027a4f00000,0x00000027a5000000) (1024K)]
  0x0000021bc1d92910 JavaThread "ForkJoinPool.commonPool-worker-3" daemon [_thread_blocked, id=16424, stack(0x00000027a5200000,0x00000027a5300000) (1024K)]
  0x0000021beceec230 JavaThread "Periodic tasks thread"      daemon [_thread_blocked, id=768, stack(0x00000027a5100000,0x00000027a5200000) (1024K)]
  0x0000021beceea7f0 JavaThread "ApplicationImpl pooled thread 1"        [_thread_blocked, id=10492, stack(0x00000027a5300000,0x00000027a5400000) (1024K)]
  0x0000021bfa077b30 JavaThread "ApplicationImpl pooled thread 2"        [_thread_blocked, id=10056, stack(0x00000027a5400000,0x00000027a5500000) (1024K)]
  0x0000021bf9f48dd0 JavaThread "RMI TCP Connection(idle)"   daemon [_thread_blocked, id=6288, stack(0x00000027a5500000,0x00000027a5600000) (1024K)]
Total: 108

Other Threads:
=>0x0000021be7e89d80 VMThread "VM Thread"                           [id=13240, stack(0x000000279e900000,0x000000279ea00000) (1024K)]
  0x0000021be7e72050 WatcherThread "VM Periodic Task Thread"        [id=13372, stack(0x000000279e800000,0x000000279e900000) (1024K)]
  0x0000021bc9368460 WorkerThread "GC Thread#0"                     [id=15380, stack(0x000000279e300000,0x000000279e400000) (1024K)]
  0x0000021bec2a3c30 WorkerThread "GC Thread#1"                     [id=16944, stack(0x000000279f400000,0x000000279f500000) (1024K)]
  0x0000021bec2a3fd0 WorkerThread "GC Thread#2"                     [id=3244, stack(0x000000279f500000,0x000000279f600000) (1024K)]
  0x0000021becae7ee0 WorkerThread "GC Thread#3"                     [id=15096, stack(0x000000279f600000,0x000000279f700000) (1024K)]
  0x0000021bc703ebe0 ConcurrentGCThread "G1 Main Marker"            [id=11836, stack(0x000000279e400000,0x000000279e500000) (1024K)]
  0x0000021bc9375490 WorkerThread "G1 Conc#0"                       [id=8684, stack(0x000000279e500000,0x000000279e600000) (1024K)]
  0x0000021bc93ce1f0 ConcurrentGCThread "G1 Refine#0"               [id=2920, stack(0x000000279e600000,0x000000279e700000) (1024K)]
  0x0000021bc93ceb10 ConcurrentGCThread "G1 Service"                [id=2176, stack(0x000000279e700000,0x000000279e800000) (1024K)]
Total: 10

Threads with active compile tasks:
C2 CompilerThread0  1624525 56921       4       java.util.Arrays::hashCode (60 bytes)
Total: 1

VM state: at safepoint (normal execution)

VM Mutex/Monitor currently owned by a thread:  ([mutex/lock_event])
[0x00007ff923f9e308] Threads_lock - owner thread: 0x0000021be7e89d80
[0x00007ff923f9e408] Heap_lock - owner thread: 0x0000021bc703ebe0

Heap address: 0x0000000700000000, size: 4096 MB, Compressed Oops mode: Zero based, Oop shift amount: 3

CDS archive(s) mapped at: [0x0000021b80000000-0x0000021b80c80000-0x0000021b80c80000), size 13107200, SharedBaseAddress: 0x0000021b80000000, ArchiveRelocationMode: 1.
Compressed class space mapped at: 0x0000021b81000000-0x0000021bc1000000, reserved size: 1073741824
Narrow klass base: 0x0000021b80000000, Narrow klass shift: 0, Narrow klass range: 0x100000000

GC Precious Log:
 CardTable entry size: 512
 Card Set container configuration: InlinePtr #cards 4 size 8 Array Of Cards #cards 16 size 48 Howl #buckets 8 coarsen threshold 3686 Howl Bitmap #cards 512 size 80 coarsen threshold 460 Card regions per heap region 1 cards per card region 4096
 CPUs: 4 total, 4 available
 Memory: 10158M
 Large Page Support: Disabled
 NUMA Support: Disabled
 Compressed Oops: Enabled (Zero based)
 Heap Region Size: 2M
 Heap Min Capacity: 8M
 Heap Initial Capacity: 160M
 Heap Max Capacity: 4G
 Pre-touch: Disabled
 Parallel Workers: 4
 Concurrent Workers: 1
 Concurrent Refinement Workers: 4
 Periodic GC: Disabled

Heap:
 garbage-first heap   total 694272K, used 483328K [0x0000000700000000, 0x0000000800000000)
  region size 2048K, 7 young (14336K), 2 survivors (4096K)
 Metaspace       used 317458K, committed 320704K, reserved 1376256K
  class space    used 38295K, committed 39872K, reserved 1048576K

Heap Regions: E=young(eden), S=young(survivor), O=old, HS=humongous(starts), HC=humongous(continues), CS=collection set, F=free, TAMS=top-at-mark-start, PB=parsable bottom
|   0|0x0000000700000000, 0x0000000700200000, 0x0000000700200000|100%|HS|  |TAMS 0x0000000700200000| PB 0x0000000700000000| Complete 
|   1|0x0000000700200000, 0x0000000700400000, 0x0000000700400000|100%|HC|  |TAMS 0x0000000700400000| PB 0x0000000700200000| Complete 
|   2|0x0000000700400000, 0x0000000700600000, 0x0000000700600000|100%| O|  |TAMS 0x0000000700600000| PB 0x0000000700600000| Updating 
|   3|0x0000000700600000, 0x0000000700800000, 0x0000000700800000|100%| O|  |TAMS 0x0000000700800000| PB 0x0000000700800000| Untracked 
|   4|0x0000000700800000, 0x0000000700a00000, 0x0000000700a00000|100%| O|  |TAMS 0x0000000700a00000| PB 0x0000000700a00000| Untracked 
|   5|0x0000000700a00000, 0x0000000700c00000, 0x0000000700c00000|100%| O|  |TAMS 0x0000000700c00000| PB 0x0000000700c00000| Updating 
|   6|0x0000000700c00000, 0x0000000700e00000, 0x0000000700e00000|100%| O|  |TAMS 0x0000000700e00000| PB 0x0000000700e00000| Untracked 
|   7|0x0000000700e00000, 0x0000000701000000, 0x0000000701000000|100%| O|  |TAMS 0x0000000701000000| PB 0x0000000701000000| Untracked 
|   8|0x0000000701000000, 0x0000000701200000, 0x0000000701200000|100%| O|  |TAMS 0x0000000701200000| PB 0x0000000701200000| Untracked 
|   9|0x0000000701200000, 0x0000000701400000, 0x0000000701400000|100%| O|  |TAMS 0x0000000701400000| PB 0x0000000701400000| Untracked 
|  10|0x0000000701400000, 0x0000000701600000, 0x0000000701600000|100%| O|  |TAMS 0x0000000701600000| PB 0x0000000701600000| Untracked 
|  11|0x0000000701600000, 0x0000000701800000, 0x0000000701800000|100%| O|  |TAMS 0x0000000701800000| PB 0x0000000701800000| Untracked 
|  12|0x0000000701800000, 0x0000000701a00000, 0x0000000701a00000|100%| O|  |TAMS 0x0000000701a00000| PB 0x0000000701a00000| Untracked 
|  13|0x0000000701a00000, 0x0000000701c00000, 0x0000000701c00000|100%| O|  |TAMS 0x0000000701c00000| PB 0x0000000701c00000| Updating 
|  14|0x0000000701c00000, 0x0000000701e00000, 0x0000000701e00000|100%| O|  |TAMS 0x0000000701e00000| PB 0x0000000701e00000| Updating 
|  15|0x0000000701e00000, 0x0000000702000000, 0x0000000702000000|100%| O|  |TAMS 0x0000000702000000| PB 0x0000000702000000| Untracked 
|  16|0x0000000702000000, 0x0000000702200000, 0x0000000702200000|100%| O|  |TAMS 0x0000000702200000| PB 0x0000000702200000| Untracked 
|  17|0x0000000702200000, 0x0000000702400000, 0x0000000702400000|100%| O|  |TAMS 0x0000000702400000| PB 0x0000000702400000| Untracked 
|  18|0x0000000702400000, 0x0000000702600000, 0x0000000702600000|100%| O|  |TAMS 0x0000000702600000| PB 0x0000000702600000| Untracked 
|  19|0x0000000702600000, 0x0000000702800000, 0x0000000702800000|100%| O|  |TAMS 0x0000000702800000| PB 0x0000000702800000| Untracked 
|  20|0x0000000702800000, 0x0000000702a00000, 0x0000000702a00000|100%| O|  |TAMS 0x0000000702a00000| PB 0x0000000702a00000| Updating 
|  21|0x0000000702a00000, 0x0000000702c00000, 0x0000000702c00000|100%| O|  |TAMS 0x0000000702c00000| PB 0x0000000702c00000| Updating 
|  22|0x0000000702c00000, 0x0000000702e00000, 0x0000000702e00000|100%| O|  |TAMS 0x0000000702e00000| PB 0x0000000702e00000| Untracked 
|  23|0x0000000702e00000, 0x0000000703000000, 0x0000000703000000|100%| O|  |TAMS 0x0000000703000000| PB 0x0000000703000000| Untracked 
|  24|0x0000000703000000, 0x0000000703200000, 0x0000000703200000|100%| O|  |TAMS 0x0000000703200000| PB 0x0000000703200000| Updating 
|  25|0x0000000703200000, 0x0000000703400000, 0x0000000703400000|100%| O|  |TAMS 0x0000000703400000| PB 0x0000000703400000| Untracked 
|  26|0x0000000703400000, 0x0000000703600000, 0x0000000703600000|100%| O|  |TAMS 0x0000000703600000| PB 0x0000000703600000| Untracked 
|  27|0x0000000703600000, 0x0000000703800000, 0x0000000703800000|100%|HS|  |TAMS 0x0000000703800000| PB 0x0000000703600000| Complete 
|  28|0x0000000703800000, 0x0000000703a00000, 0x0000000703a00000|100%| O|  |TAMS 0x0000000703a00000| PB 0x0000000703a00000| Untracked 
|  29|0x0000000703a00000, 0x0000000703c00000, 0x0000000703c00000|100%|HS|  |TAMS 0x0000000703c00000| PB 0x0000000703a00000| Complete 
|  30|0x0000000703c00000, 0x0000000703e00000, 0x0000000703e00000|100%| O|  |TAMS 0x0000000703e00000| PB 0x0000000703e00000| Untracked 
|  31|0x0000000703e00000, 0x0000000704000000, 0x0000000704000000|100%| O|  |TAMS 0x0000000704000000| PB 0x0000000704000000| Untracked 
|  32|0x0000000704000000, 0x0000000704200000, 0x0000000704200000|100%| O|  |TAMS 0x0000000704200000| PB 0x0000000704200000| Untracked 
|  33|0x0000000704200000, 0x0000000704400000, 0x0000000704400000|100%| O|  |TAMS 0x0000000704400000| PB 0x0000000704400000| Updating 
|  34|0x0000000704400000, 0x0000000704600000, 0x0000000704600000|100%| O|  |TAMS 0x0000000704600000| PB 0x0000000704600000| Updating 
|  35|0x0000000704600000, 0x0000000704800000, 0x0000000704800000|100%| O|  |TAMS 0x0000000704800000| PB 0x0000000704800000| Untracked 
|  36|0x0000000704800000, 0x0000000704a00000, 0x0000000704a00000|100%| O|  |TAMS 0x0000000704a00000| PB 0x0000000704a00000| Updating 
|  37|0x0000000704a00000, 0x0000000704c00000, 0x0000000704c00000|100%| O|  |TAMS 0x0000000704c00000| PB 0x0000000704c00000| Untracked 
|  38|0x0000000704c00000, 0x0000000704e00000, 0x0000000704e00000|100%| O|  |TAMS 0x0000000704e00000| PB 0x0000000704e00000| Untracked 
|  39|0x0000000704e00000, 0x0000000705000000, 0x0000000705000000|100%| O|  |TAMS 0x0000000705000000| PB 0x0000000705000000| Untracked 
|  40|0x0000000705000000, 0x0000000705200000, 0x0000000705200000|100%| O|  |TAMS 0x0000000705200000| PB 0x0000000705200000| Untracked 
|  41|0x0000000705200000, 0x0000000705400000, 0x0000000705400000|100%| O|  |TAMS 0x0000000705400000| PB 0x0000000705400000| Untracked 
|  42|0x0000000705400000, 0x0000000705600000, 0x0000000705600000|100%| O|  |TAMS 0x0000000705600000| PB 0x0000000705600000| Untracked 
|  43|0x0000000705600000, 0x0000000705800000, 0x0000000705800000|100%| O|  |TAMS 0x0000000705800000| PB 0x0000000705800000| Untracked 
|  44|0x0000000705800000, 0x0000000705a00000, 0x0000000705a00000|100%| O|  |TAMS 0x0000000705a00000| PB 0x0000000705a00000| Untracked 
|  45|0x0000000705a00000, 0x0000000705c00000, 0x0000000705c00000|100%| O|  |TAMS 0x0000000705c00000| PB 0x0000000705c00000| Updating 
|  46|0x0000000705c00000, 0x0000000705e00000, 0x0000000705e00000|100%| O|  |TAMS 0x0000000705e00000| PB 0x0000000705e00000| Untracked 
|  47|0x0000000705e00000, 0x0000000706000000, 0x0000000706000000|100%| O|  |TAMS 0x0000000706000000| PB 0x0000000706000000| Updating 
|  48|0x0000000706000000, 0x0000000706200000, 0x0000000706200000|100%| O|  |TAMS 0x0000000706200000| PB 0x0000000706200000| Untracked 
|  49|0x0000000706200000, 0x0000000706400000, 0x0000000706400000|100%| O|  |TAMS 0x0000000706400000| PB 0x0000000706400000| Untracked 
|  50|0x0000000706400000, 0x0000000706600000, 0x0000000706600000|100%| O|  |TAMS 0x0000000706600000| PB 0x0000000706600000| Updating 
|  51|0x0000000706600000, 0x0000000706800000, 0x0000000706800000|100%| O|  |TAMS 0x0000000706800000| PB 0x0000000706800000| Untracked 
|  52|0x0000000706800000, 0x0000000706a00000, 0x0000000706a00000|100%| O|  |TAMS 0x0000000706a00000| PB 0x0000000706a00000| Untracked 
|  53|0x0000000706a00000, 0x0000000706c00000, 0x0000000706c00000|100%| O|  |TAMS 0x0000000706c00000| PB 0x0000000706c00000| Untracked 
|  54|0x0000000706c00000, 0x0000000706e00000, 0x0000000706e00000|100%| O|  |TAMS 0x0000000706e00000| PB 0x0000000706e00000| Updating 
|  55|0x0000000706e00000, 0x0000000707000000, 0x0000000707000000|100%| O|  |TAMS 0x0000000707000000| PB 0x0000000707000000| Untracked 
|  56|0x0000000707000000, 0x0000000707200000, 0x0000000707200000|100%| O|  |TAMS 0x0000000707200000| PB 0x0000000707200000| Untracked 
|  57|0x0000000707200000, 0x0000000707400000, 0x0000000707400000|100%| O|  |TAMS 0x0000000707400000| PB 0x0000000707400000| Untracked 
|  58|0x0000000707400000, 0x0000000707600000, 0x0000000707600000|100%| O|  |TAMS 0x0000000707600000| PB 0x0000000707600000| Untracked 
|  59|0x0000000707600000, 0x0000000707800000, 0x0000000707800000|100%| O|  |TAMS 0x0000000707800000| PB 0x0000000707800000| Untracked 
|  60|0x0000000707800000, 0x0000000707a00000, 0x0000000707a00000|100%| O|  |TAMS 0x0000000707a00000| PB 0x0000000707a00000| Updating 
|  61|0x0000000707a00000, 0x0000000707c00000, 0x0000000707c00000|100%| O|  |TAMS 0x0000000707c00000| PB 0x0000000707c00000| Untracked 
|  62|0x0000000707c00000, 0x0000000707e00000, 0x0000000707e00000|100%| O|  |TAMS 0x0000000707e00000| PB 0x0000000707e00000| Untracked 
|  63|0x0000000707e00000, 0x0000000708000000, 0x0000000708000000|100%| O|  |TAMS 0x0000000708000000| PB 0x0000000708000000| Untracked 
|  64|0x0000000708000000, 0x0000000708200000, 0x0000000708200000|100%| O|  |TAMS 0x0000000708200000| PB 0x0000000708200000| Untracked 
|  65|0x0000000708200000, 0x0000000708400000, 0x0000000708400000|100%| O|  |TAMS 0x0000000708400000| PB 0x0000000708400000| Untracked 
|  66|0x0000000708400000, 0x0000000708600000, 0x0000000708600000|100%| O|  |TAMS 0x0000000708600000| PB 0x0000000708600000| Untracked 
|  67|0x0000000708600000, 0x0000000708800000, 0x0000000708800000|100%| O|  |TAMS 0x0000000708800000| PB 0x0000000708800000| Updating 
|  68|0x0000000708800000, 0x0000000708a00000, 0x0000000708a00000|100%| O|  |TAMS 0x0000000708a00000| PB 0x0000000708a00000| Updating 
|  69|0x0000000708a00000, 0x0000000708c00000, 0x0000000708c00000|100%| O|  |TAMS 0x0000000708c00000| PB 0x0000000708c00000| Untracked 
|  70|0x0000000708c00000, 0x0000000708e00000, 0x0000000708e00000|100%| O|  |TAMS 0x0000000708e00000| PB 0x0000000708e00000| Untracked 
|  71|0x0000000708e00000, 0x0000000709000000, 0x0000000709000000|100%| O|  |TAMS 0x0000000709000000| PB 0x0000000709000000| Untracked 
|  72|0x0000000709000000, 0x0000000709200000, 0x0000000709200000|100%| O|  |TAMS 0x0000000709200000| PB 0x0000000709200000| Untracked 
|  73|0x0000000709200000, 0x0000000709400000, 0x0000000709400000|100%| O|  |TAMS 0x0000000709400000| PB 0x0000000709400000| Updating 
|  74|0x0000000709400000, 0x0000000709600000, 0x0000000709600000|100%| O|  |TAMS 0x0000000709600000| PB 0x0000000709600000| Updating 
|  75|0x0000000709600000, 0x0000000709800000, 0x0000000709800000|100%| O|  |TAMS 0x0000000709800000| PB 0x0000000709800000| Updating 
|  76|0x0000000709800000, 0x0000000709a00000, 0x0000000709a00000|100%|HS|  |TAMS 0x0000000709a00000| PB 0x0000000709800000| Complete 
|  77|0x0000000709a00000, 0x0000000709c00000, 0x0000000709c00000|100%|HC|  |TAMS 0x0000000709c00000| PB 0x0000000709a00000| Complete 
|  78|0x0000000709c00000, 0x0000000709e00000, 0x0000000709e00000|100%| O|  |TAMS 0x0000000709e00000| PB 0x0000000709e00000| Updating 
|  79|0x0000000709e00000, 0x000000070a000000, 0x000000070a000000|100%| O|  |TAMS 0x000000070a000000| PB 0x000000070a000000| Updating 
|  80|0x000000070a000000, 0x000000070a200000, 0x000000070a200000|100%| O|  |TAMS 0x000000070a200000| PB 0x000000070a200000| Updating 
|  81|0x000000070a200000, 0x000000070a400000, 0x000000070a400000|100%| O|  |TAMS 0x000000070a400000| PB 0x000000070a400000| Untracked 
|  82|0x000000070a400000, 0x000000070a600000, 0x000000070a600000|100%| O|  |TAMS 0x000000070a600000| PB 0x000000070a600000| Untracked 
|  83|0x000000070a600000, 0x000000070a800000, 0x000000070a800000|100%| O|  |TAMS 0x000000070a800000| PB 0x000000070a800000| Updating 
|  84|0x000000070a800000, 0x000000070aa00000, 0x000000070aa00000|100%| O|  |TAMS 0x000000070aa00000| PB 0x000000070aa00000| Untracked 
|  85|0x000000070aa00000, 0x000000070ac00000, 0x000000070ac00000|100%| O|  |TAMS 0x000000070ac00000| PB 0x000000070ac00000| Updating 
|  86|0x000000070ac00000, 0x000000070ae00000, 0x000000070ae00000|100%| O|  |TAMS 0x000000070ae00000| PB 0x000000070ae00000| Untracked 
|  87|0x000000070ae00000, 0x000000070b000000, 0x000000070b000000|100%| O|  |TAMS 0x000000070b000000| PB 0x000000070b000000| Untracked 
|  88|0x000000070b000000, 0x000000070b200000, 0x000000070b200000|100%| O|  |TAMS 0x000000070b200000| PB 0x000000070b200000| Updating 
|  89|0x000000070b200000, 0x000000070b400000, 0x000000070b400000|100%|HS|  |TAMS 0x000000070b400000| PB 0x000000070b200000| Complete 
|  90|0x000000070b400000, 0x000000070b600000, 0x000000070b600000|100%| O|  |TAMS 0x000000070b600000| PB 0x000000070b600000| Untracked 
|  91|0x000000070b600000, 0x000000070b800000, 0x000000070b800000|100%| O|  |TAMS 0x000000070b800000| PB 0x000000070b800000| Updating 
|  92|0x000000070b800000, 0x000000070ba00000, 0x000000070ba00000|100%| O|  |TAMS 0x000000070ba00000| PB 0x000000070ba00000| Untracked 
|  93|0x000000070ba00000, 0x000000070bc00000, 0x000000070bc00000|100%| O|  |TAMS 0x000000070bc00000| PB 0x000000070bc00000| Updating 
|  94|0x000000070bc00000, 0x000000070be00000, 0x000000070be00000|100%| O|  |TAMS 0x000000070be00000| PB 0x000000070be00000| Updating 
|  95|0x000000070be00000, 0x000000070c000000, 0x000000070c000000|100%| O|  |TAMS 0x000000070c000000| PB 0x000000070c000000| Untracked 
|  96|0x000000070c000000, 0x000000070c200000, 0x000000070c200000|100%| O|  |TAMS 0x000000070c200000| PB 0x000000070c200000| Updating 
|  97|0x000000070c200000, 0x000000070c400000, 0x000000070c400000|100%| O|  |TAMS 0x000000070c400000| PB 0x000000070c400000| Untracked 
|  98|0x000000070c400000, 0x000000070c600000, 0x000000070c600000|100%| O|  |TAMS 0x000000070c600000| PB 0x000000070c600000| Untracked 
|  99|0x000000070c600000, 0x000000070c800000, 0x000000070c800000|100%| O|  |TAMS 0x000000070c800000| PB 0x000000070c800000| Untracked 
| 100|0x000000070c800000, 0x000000070ca00000, 0x000000070ca00000|100%| O|  |TAMS 0x000000070ca00000| PB 0x000000070ca00000| Updating 
| 101|0x000000070ca00000, 0x000000070cc00000, 0x000000070cc00000|100%| O|  |TAMS 0x000000070cc00000| PB 0x000000070cc00000| Untracked 
| 102|0x000000070cc00000, 0x000000070ce00000, 0x000000070ce00000|100%| O|  |TAMS 0x000000070ce00000| PB 0x000000070ce00000| Untracked 
| 103|0x000000070ce00000, 0x000000070d000000, 0x000000070d000000|100%| O|  |TAMS 0x000000070d000000| PB 0x000000070d000000| Untracked 
| 104|0x000000070d000000, 0x000000070d200000, 0x000000070d200000|100%| O|  |TAMS 0x000000070d200000| PB 0x000000070d200000| Updating 
| 105|0x000000070d200000, 0x000000070d400000, 0x000000070d400000|100%| O|  |TAMS 0x000000070d400000| PB 0x000000070d400000| Updating 
| 106|0x000000070d400000, 0x000000070d600000, 0x000000070d600000|100%| O|  |TAMS 0x000000070d600000| PB 0x000000070d600000| Untracked 
| 107|0x000000070d600000, 0x000000070d800000, 0x000000070d800000|100%| O|  |TAMS 0x000000070d800000| PB 0x000000070d800000| Updating 
| 108|0x000000070d800000, 0x000000070da00000, 0x000000070da00000|100%| O|  |TAMS 0x000000070da00000| PB 0x000000070da00000| Untracked 
| 109|0x000000070da00000, 0x000000070dc00000, 0x000000070dc00000|100%| O|  |TAMS 0x000000070dc00000| PB 0x000000070dc00000| Updating 
| 110|0x000000070dc00000, 0x000000070de00000, 0x000000070de00000|100%| O|  |TAMS 0x000000070de00000| PB 0x000000070de00000| Untracked 
| 111|0x000000070de00000, 0x000000070e000000, 0x000000070e000000|100%| O|  |TAMS 0x000000070e000000| PB 0x000000070e000000| Updating 
| 112|0x000000070e000000, 0x000000070e200000, 0x000000070e200000|100%| O|  |TAMS 0x000000070e200000| PB 0x000000070e200000| Untracked 
| 113|0x000000070e200000, 0x000000070e400000, 0x000000070e400000|100%| O|  |TAMS 0x000000070e400000| PB 0x000000070e400000| Untracked 
| 114|0x000000070e400000, 0x000000070e600000, 0x000000070e600000|100%| O|  |TAMS 0x000000070e600000| PB 0x000000070e600000| Untracked 
| 115|0x000000070e600000, 0x000000070e800000, 0x000000070e800000|100%| O|  |TAMS 0x000000070e800000| PB 0x000000070e800000| Untracked 
| 116|0x000000070e800000, 0x000000070ea00000, 0x000000070ea00000|100%| O|  |TAMS 0x000000070ea00000| PB 0x000000070ea00000| Updating 
| 117|0x000000070ea00000, 0x000000070ec00000, 0x000000070ec00000|100%|HS|  |TAMS 0x000000070ec00000| PB 0x000000070ea00000| Complete 
| 118|0x000000070ec00000, 0x000000070ee00000, 0x000000070ee00000|100%|HC|  |TAMS 0x000000070ee00000| PB 0x000000070ec00000| Complete 
| 119|0x000000070ee00000, 0x000000070f000000, 0x000000070f000000|100%|HS|  |TAMS 0x000000070f000000| PB 0x000000070ee00000| Complete 
| 120|0x000000070f000000, 0x000000070f200000, 0x000000070f200000|100%|HC|  |TAMS 0x000000070f200000| PB 0x000000070f000000| Complete 
| 121|0x000000070f200000, 0x000000070f400000, 0x000000070f400000|100%| O|  |TAMS 0x000000070f400000| PB 0x000000070f400000| Updating 
| 122|0x000000070f400000, 0x000000070f600000, 0x000000070f600000|100%| O|  |TAMS 0x000000070f600000| PB 0x000000070f600000| Untracked 
| 123|0x000000070f600000, 0x000000070f800000, 0x000000070f800000|100%| O|  |TAMS 0x000000070f800000| PB 0x000000070f800000| Untracked 
| 124|0x000000070f800000, 0x000000070fa00000, 0x000000070fa00000|100%| O|  |TAMS 0x000000070fa00000| PB 0x000000070fa00000| Updating 
| 125|0x000000070fa00000, 0x000000070fc00000, 0x000000070fc00000|100%| O|  |TAMS 0x000000070fc00000| PB 0x000000070fc00000| Untracked 
| 126|0x000000070fc00000, 0x000000070fe00000, 0x000000070fe00000|100%| O|  |TAMS 0x000000070fe00000| PB 0x000000070fe00000| Untracked 
| 127|0x000000070fe00000, 0x0000000710000000, 0x0000000710000000|100%| O|  |TAMS 0x0000000710000000| PB 0x0000000710000000| Untracked 
| 128|0x0000000710000000, 0x0000000710200000, 0x0000000710200000|100%| O|  |TAMS 0x0000000710200000| PB 0x0000000710200000| Untracked 
| 129|0x0000000710200000, 0x0000000710400000, 0x0000000710400000|100%| O|  |TAMS 0x0000000710400000| PB 0x0000000710400000| Untracked 
| 130|0x0000000710400000, 0x0000000710600000, 0x0000000710600000|100%| O|  |TAMS 0x0000000710600000| PB 0x0000000710600000| Updating 
| 131|0x0000000710600000, 0x0000000710800000, 0x0000000710800000|100%| O|  |TAMS 0x0000000710800000| PB 0x0000000710800000| Updating 
| 132|0x0000000710800000, 0x0000000710a00000, 0x0000000710a00000|100%| O|  |TAMS 0x0000000710a00000| PB 0x0000000710a00000| Updating 
| 133|0x0000000710a00000, 0x0000000710c00000, 0x0000000710c00000|100%| O|  |TAMS 0x0000000710c00000| PB 0x0000000710c00000| Untracked 
| 134|0x0000000710c00000, 0x0000000710e00000, 0x0000000710e00000|100%| O|  |TAMS 0x0000000710e00000| PB 0x0000000710e00000| Updating 
| 135|0x0000000710e00000, 0x0000000711000000, 0x0000000711000000|100%| O|  |TAMS 0x0000000711000000| PB 0x0000000711000000| Updating 
| 136|0x0000000711000000, 0x0000000711200000, 0x0000000711200000|100%| O|  |TAMS 0x0000000711200000| PB 0x0000000711200000| Updating 
| 137|0x0000000711200000, 0x0000000711400000, 0x0000000711400000|100%| O|  |TAMS 0x0000000711400000| PB 0x0000000711400000| Updating 
| 138|0x0000000711400000, 0x0000000711600000, 0x0000000711600000|100%| O|  |TAMS 0x0000000711600000| PB 0x0000000711600000| Updating 
| 139|0x0000000711600000, 0x0000000711800000, 0x0000000711800000|100%|HS|  |TAMS 0x0000000711800000| PB 0x0000000711600000| Complete 
| 140|0x0000000711800000, 0x0000000711800000, 0x0000000711a00000|  0%| F|  |TAMS 0x0000000711800000| PB 0x0000000711800000| Untracked 
| 141|0x0000000711a00000, 0x0000000711c00000, 0x0000000711c00000|100%| O|  |TAMS 0x0000000711c00000| PB 0x0000000711c00000| Updating 
| 142|0x0000000711c00000, 0x0000000711e00000, 0x0000000711e00000|100%| O|  |TAMS 0x0000000711e00000| PB 0x0000000711e00000| Updating 
| 143|0x0000000711e00000, 0x0000000712000000, 0x0000000712000000|100%| O|  |TAMS 0x0000000712000000| PB 0x0000000712000000| Untracked 
| 144|0x0000000712000000, 0x0000000712200000, 0x0000000712200000|100%| O|  |TAMS 0x0000000712200000| PB 0x0000000712200000| Untracked 
| 145|0x0000000712200000, 0x0000000712400000, 0x0000000712400000|100%| O|  |TAMS 0x0000000712400000| PB 0x0000000712400000| Untracked 
| 146|0x0000000712400000, 0x0000000712600000, 0x0000000712600000|100%| O|  |TAMS 0x0000000712600000| PB 0x0000000712600000| Updating 
| 147|0x0000000712600000, 0x0000000712800000, 0x0000000712800000|100%| O|  |TAMS 0x0000000712800000| PB 0x0000000712800000| Updating 
| 148|0x0000000712800000, 0x0000000712a00000, 0x0000000712a00000|100%| O|  |TAMS 0x0000000712a00000| PB 0x0000000712a00000| Updating 
| 149|0x0000000712a00000, 0x0000000712c00000, 0x0000000712c00000|100%| O|  |TAMS 0x0000000712c00000| PB 0x0000000712c00000| Updating 
| 150|0x0000000712c00000, 0x0000000712e00000, 0x0000000712e00000|100%| O|  |TAMS 0x0000000712e00000| PB 0x0000000712e00000| Updating 
| 151|0x0000000712e00000, 0x0000000713000000, 0x0000000713000000|100%| O|  |TAMS 0x0000000713000000| PB 0x0000000713000000| Updating 
| 152|0x0000000713000000, 0x0000000713000000, 0x0000000713200000|  0%| F|  |TAMS 0x0000000713000000| PB 0x0000000713000000| Untracked 
| 153|0x0000000713200000, 0x0000000713200000, 0x0000000713400000|  0%| F|  |TAMS 0x0000000713200000| PB 0x0000000713200000| Untracked 
| 154|0x0000000713400000, 0x0000000713600000, 0x0000000713600000|100%| O|  |TAMS 0x0000000713600000| PB 0x0000000713600000| Updating 
| 155|0x0000000713600000, 0x0000000713800000, 0x0000000713800000|100%| O|  |TAMS 0x0000000713800000| PB 0x0000000713800000| Updating 
| 156|0x0000000713800000, 0x0000000713a00000, 0x0000000713a00000|100%| O|  |TAMS 0x0000000713a00000| PB 0x0000000713a00000| Updating 
| 157|0x0000000713a00000, 0x0000000713c00000, 0x0000000713c00000|100%| O|  |TAMS 0x0000000713c00000| PB 0x0000000713c00000| Updating 
| 158|0x0000000713c00000, 0x0000000713e00000, 0x0000000713e00000|100%| O|  |TAMS 0x0000000713e00000| PB 0x0000000713e00000| Updating 
| 159|0x0000000713e00000, 0x0000000714000000, 0x0000000714000000|100%| O|  |TAMS 0x0000000714000000| PB 0x0000000714000000| Updating 
| 160|0x0000000714000000, 0x0000000714200000, 0x0000000714200000|100%| O|  |TAMS 0x0000000714200000| PB 0x0000000714200000| Updating 
| 161|0x0000000714200000, 0x0000000714400000, 0x0000000714400000|100%| O|  |TAMS 0x0000000714400000| PB 0x0000000714400000| Updating 
| 162|0x0000000714400000, 0x0000000714600000, 0x0000000714600000|100%| O|  |TAMS 0x0000000714600000| PB 0x0000000714600000| Updating 
| 163|0x0000000714600000, 0x0000000714800000, 0x0000000714800000|100%| O|  |TAMS 0x0000000714800000| PB 0x0000000714800000| Updating 
| 164|0x0000000714800000, 0x0000000714a00000, 0x0000000714a00000|100%| O|  |TAMS 0x0000000714a00000| PB 0x0000000714a00000| Updating 
| 165|0x0000000714a00000, 0x0000000714c00000, 0x0000000714c00000|100%| O|  |TAMS 0x0000000714c00000| PB 0x0000000714c00000| Updating 
| 166|0x0000000714c00000, 0x0000000714e00000, 0x0000000714e00000|100%| O|  |TAMS 0x0000000714e00000| PB 0x0000000714e00000| Updating 
| 167|0x0000000714e00000, 0x0000000715000000, 0x0000000715000000|100%| O|  |TAMS 0x0000000715000000| PB 0x0000000715000000| Updating 
| 168|0x0000000715000000, 0x0000000715200000, 0x0000000715200000|100%| O|  |TAMS 0x0000000715200000| PB 0x0000000715200000| Updating 
| 169|0x0000000715200000, 0x0000000715400000, 0x0000000715400000|100%| O|  |TAMS 0x0000000715200000| PB 0x0000000715200000| Untracked 
| 170|0x0000000715400000, 0x0000000715600000, 0x0000000715600000|100%| O|  |TAMS 0x0000000715600000| PB 0x0000000715600000| Untracked 
| 171|0x0000000715600000, 0x0000000715800000, 0x0000000715800000|100%| O|  |TAMS 0x0000000715600000| PB 0x0000000715600000| Untracked 
| 172|0x0000000715800000, 0x0000000715a00000, 0x0000000715a00000|100%| O|  |TAMS 0x0000000715a00000| PB 0x0000000715a00000| Updating 
| 173|0x0000000715a00000, 0x0000000715c00000, 0x0000000715c00000|100%| O|  |TAMS 0x0000000715c00000| PB 0x0000000715c00000| Updating 
| 174|0x0000000715c00000, 0x0000000715e00000, 0x0000000715e00000|100%| O|  |TAMS 0x0000000715e00000| PB 0x0000000715e00000| Untracked 
| 175|0x0000000715e00000, 0x0000000716000000, 0x0000000716000000|100%| O|  |TAMS 0x0000000716000000| PB 0x0000000716000000| Updating 
| 176|0x0000000716000000, 0x0000000716200000, 0x0000000716200000|100%| O|  |TAMS 0x0000000716200000| PB 0x0000000716200000| Updating 
| 177|0x0000000716200000, 0x0000000716400000, 0x0000000716400000|100%| O|  |TAMS 0x0000000716400000| PB 0x0000000716400000| Untracked 
| 178|0x0000000716400000, 0x0000000716600000, 0x0000000716600000|100%| O|  |TAMS 0x0000000716600000| PB 0x0000000716600000| Updating 
| 179|0x0000000716600000, 0x0000000716800000, 0x0000000716800000|100%| O|  |TAMS 0x0000000716800000| PB 0x0000000716800000| Updating 
| 180|0x0000000716800000, 0x0000000716a00000, 0x0000000716a00000|100%| O|  |TAMS 0x0000000716a00000| PB 0x0000000716a00000| Updating 
| 181|0x0000000716a00000, 0x0000000716c00000, 0x0000000716c00000|100%| O|  |TAMS 0x0000000716c00000| PB 0x0000000716c00000| Updating 
| 182|0x0000000716c00000, 0x0000000716e00000, 0x0000000716e00000|100%| O|  |TAMS 0x0000000716e00000| PB 0x0000000716e00000| Updating 
| 183|0x0000000716e00000, 0x0000000717000000, 0x0000000717000000|100%| O|  |TAMS 0x0000000717000000| PB 0x0000000717000000| Untracked 
| 184|0x0000000717000000, 0x0000000717200000, 0x0000000717200000|100%| O|  |TAMS 0x0000000717200000| PB 0x0000000717200000| Updating 
| 185|0x0000000717200000, 0x0000000717400000, 0x0000000717400000|100%| O|  |TAMS 0x0000000717400000| PB 0x0000000717400000| Updating 
| 186|0x0000000717400000, 0x0000000717600000, 0x0000000717600000|100%| O|  |TAMS 0x0000000717600000| PB 0x0000000717600000| Updating 
| 187|0x0000000717600000, 0x0000000717800000, 0x0000000717800000|100%| O|  |TAMS 0x0000000717800000| PB 0x0000000717800000| Updating 
| 188|0x0000000717800000, 0x0000000717a00000, 0x0000000717a00000|100%| O|  |TAMS 0x0000000717800000| PB 0x0000000717800000| Untracked 
| 189|0x0000000717a00000, 0x0000000717c00000, 0x0000000717c00000|100%| O|  |TAMS 0x0000000717a00000| PB 0x0000000717a00000| Untracked 
| 190|0x0000000717c00000, 0x0000000717e00000, 0x0000000717e00000|100%| O|  |TAMS 0x0000000717e00000| PB 0x0000000717e00000| Updating 
| 191|0x0000000717e00000, 0x0000000718000000, 0x0000000718000000|100%| O|  |TAMS 0x0000000718000000| PB 0x0000000718000000| Updating 
| 192|0x0000000718000000, 0x0000000718200000, 0x0000000718200000|100%| O|  |TAMS 0x0000000718200000| PB 0x0000000718200000| Untracked 
| 193|0x0000000718200000, 0x0000000718400000, 0x0000000718400000|100%| O|  |TAMS 0x0000000718400000| PB 0x0000000718400000| Untracked 
| 194|0x0000000718400000, 0x0000000718600000, 0x0000000718600000|100%| O|  |TAMS 0x0000000718600000| PB 0x0000000718600000| Updating 
| 195|0x0000000718600000, 0x0000000718800000, 0x0000000718800000|100%| O|  |TAMS 0x0000000718800000| PB 0x0000000718800000| Updating 
| 196|0x0000000718800000, 0x0000000718800000, 0x0000000718a00000|  0%| F|  |TAMS 0x0000000718800000| PB 0x0000000718800000| Untracked 
| 197|0x0000000718a00000, 0x0000000718c00000, 0x0000000718c00000|100%| O|  |TAMS 0x0000000718c00000| PB 0x0000000718c00000| Updating 
| 198|0x0000000718c00000, 0x0000000718e00000, 0x0000000718e00000|100%| O|  |TAMS 0x0000000718e00000| PB 0x0000000718e00000| Untracked 
| 199|0x0000000718e00000, 0x0000000719000000, 0x0000000719000000|100%| O|  |TAMS 0x0000000719000000| PB 0x0000000719000000| Updating 
| 200|0x0000000719000000, 0x0000000719200000, 0x0000000719200000|100%| O|  |TAMS 0x0000000719200000| PB 0x0000000719200000| Updating 
| 201|0x0000000719200000, 0x0000000719400000, 0x0000000719400000|100%| O|  |TAMS 0x0000000719400000| PB 0x0000000719400000| Updating 
| 202|0x0000000719400000, 0x0000000719600000, 0x0000000719600000|100%| O|  |TAMS 0x0000000719600000| PB 0x0000000719600000| Untracked 
| 203|0x0000000719600000, 0x0000000719800000, 0x0000000719800000|100%| O|  |TAMS 0x0000000719800000| PB 0x0000000719800000| Updating 
| 204|0x0000000719800000, 0x0000000719a00000, 0x0000000719a00000|100%| O|  |TAMS 0x0000000719a00000| PB 0x0000000719a00000| Untracked 
| 205|0x0000000719a00000, 0x0000000719c00000, 0x0000000719c00000|100%| O|  |TAMS 0x0000000719c00000| PB 0x0000000719c00000| Updating 
| 206|0x0000000719c00000, 0x0000000719e00000, 0x0000000719e00000|100%| O|  |TAMS 0x0000000719e00000| PB 0x0000000719e00000| Updating 
| 207|0x0000000719e00000, 0x000000071a000000, 0x000000071a000000|100%| O|  |TAMS 0x000000071a000000| PB 0x000000071a000000| Updating 
| 208|0x000000071a000000, 0x000000071a200000, 0x000000071a200000|100%| O|  |TAMS 0x000000071a200000| PB 0x000000071a200000| Untracked 
| 209|0x000000071a200000, 0x000000071a400000, 0x000000071a400000|100%| O|  |TAMS 0x000000071a400000| PB 0x000000071a400000| Untracked 
| 210|0x000000071a400000, 0x000000071a600000, 0x000000071a600000|100%| O|  |TAMS 0x000000071a600000| PB 0x000000071a600000| Untracked 
| 211|0x000000071a600000, 0x000000071a800000, 0x000000071a800000|100%| O|  |TAMS 0x000000071a600000| PB 0x000000071a600000| Untracked 
| 212|0x000000071a800000, 0x000000071aa00000, 0x000000071aa00000|100%| O|  |TAMS 0x000000071a800000| PB 0x000000071a800000| Untracked 
| 213|0x000000071aa00000, 0x000000071ac00000, 0x000000071ac00000|100%| O|  |TAMS 0x000000071aa00000| PB 0x000000071aa00000| Untracked 
| 214|0x000000071ac00000, 0x000000071ae00000, 0x000000071ae00000|100%| O|  |TAMS 0x000000071ac00000| PB 0x000000071ac00000| Untracked 
| 215|0x000000071ae00000, 0x000000071b000000, 0x000000071b000000|100%| O|  |TAMS 0x000000071ae00000| PB 0x000000071ae00000| Untracked 
| 216|0x000000071b000000, 0x000000071b200000, 0x000000071b200000|100%| O|  |TAMS 0x000000071b000000| PB 0x000000071b000000| Untracked 
| 217|0x000000071b200000, 0x000000071b400000, 0x000000071b400000|100%| O|  |TAMS 0x000000071b200000| PB 0x000000071b200000| Untracked 
| 218|0x000000071b400000, 0x000000071b600000, 0x000000071b600000|100%| O|  |TAMS 0x000000071b400000| PB 0x000000071b400000| Untracked 
| 219|0x000000071b600000, 0x000000071b800000, 0x000000071b800000|100%| O|  |TAMS 0x000000071b600000| PB 0x000000071b600000| Untracked 
| 220|0x000000071b800000, 0x000000071b800000, 0x000000071ba00000|  0%| F|  |TAMS 0x000000071b800000| PB 0x000000071b800000| Untracked 
| 221|0x000000071ba00000, 0x000000071ba00000, 0x000000071bc00000|  0%| F|  |TAMS 0x000000071ba00000| PB 0x000000071ba00000| Untracked 
| 222|0x000000071bc00000, 0x000000071bc00000, 0x000000071be00000|  0%| F|  |TAMS 0x000000071bc00000| PB 0x000000071bc00000| Untracked 
| 223|0x000000071be00000, 0x000000071be00000, 0x000000071c000000|  0%| F|  |TAMS 0x000000071be00000| PB 0x000000071be00000| Untracked 
| 224|0x000000071c000000, 0x000000071c000000, 0x000000071c200000|  0%| F|  |TAMS 0x000000071c000000| PB 0x000000071c000000| Untracked 
| 225|0x000000071c200000, 0x000000071c200000, 0x000000071c400000|  0%| F|  |TAMS 0x000000071c200000| PB 0x000000071c200000| Untracked 
| 226|0x000000071c400000, 0x000000071c600000, 0x000000071c600000|100%| O|  |TAMS 0x000000071c600000| PB 0x000000071c600000| Untracked 
| 227|0x000000071c600000, 0x000000071c800000, 0x000000071c800000|100%| O|  |TAMS 0x000000071c800000| PB 0x000000071c800000| Untracked 
| 228|0x000000071c800000, 0x000000071ca00000, 0x000000071ca00000|100%| O|  |TAMS 0x000000071ca00000| PB 0x000000071ca00000| Untracked 
| 229|0x000000071ca00000, 0x000000071cc00000, 0x000000071cc00000|100%| O|  |TAMS 0x000000071cc00000| PB 0x000000071cc00000| Untracked 
| 230|0x000000071cc00000, 0x000000071ce00000, 0x000000071ce00000|100%| O|  |TAMS 0x000000071ce00000| PB 0x000000071ce00000| Untracked 
| 231|0x000000071ce00000, 0x000000071d000000, 0x000000071d000000|100%| O|  |TAMS 0x000000071d000000| PB 0x000000071d000000| Untracked 
| 232|0x000000071d000000, 0x000000071d200000, 0x000000071d200000|100%| O|  |TAMS 0x000000071d200000| PB 0x000000071d200000| Untracked 
| 233|0x000000071d200000, 0x000000071d400000, 0x000000071d400000|100%| O|  |TAMS 0x000000071d400000| PB 0x000000071d400000| Updating 
| 234|0x000000071d400000, 0x000000071d600000, 0x000000071d600000|100%| O|  |TAMS 0x000000071d600000| PB 0x000000071d600000| Untracked 
| 235|0x000000071d600000, 0x000000071d800000, 0x000000071d800000|100%| O|  |TAMS 0x000000071d800000| PB 0x000000071d800000| Untracked 
| 236|0x000000071d800000, 0x000000071da00000, 0x000000071da00000|100%| O|  |TAMS 0x000000071da00000| PB 0x000000071da00000| Updating 
| 237|0x000000071da00000, 0x000000071dc00000, 0x000000071dc00000|100%| O|  |TAMS 0x000000071dc00000| PB 0x000000071dc00000| Untracked 
| 238|0x000000071dc00000, 0x000000071de00000, 0x000000071de00000|100%| O|  |TAMS 0x000000071de00000| PB 0x000000071de00000| Updating 
| 239|0x000000071de00000, 0x000000071e000000, 0x000000071e000000|100%| O|  |TAMS 0x000000071df00000| PB 0x000000071df00000| Updating 
| 240|0x000000071e000000, 0x000000071e000000, 0x000000071e200000|  0%| F|  |TAMS 0x000000071e000000| PB 0x000000071e000000| Untracked 
| 241|0x000000071e200000, 0x000000071e200000, 0x000000071e400000|  0%| F|  |TAMS 0x000000071e200000| PB 0x000000071e200000| Untracked 
| 242|0x000000071e400000, 0x000000071e400000, 0x000000071e600000|  0%| F|  |TAMS 0x000000071e400000| PB 0x000000071e400000| Untracked 
| 243|0x000000071e600000, 0x000000071e600000, 0x000000071e800000|  0%| F|  |TAMS 0x000000071e600000| PB 0x000000071e600000| Untracked 
| 244|0x000000071e800000, 0x000000071e800000, 0x000000071ea00000|  0%| F|  |TAMS 0x000000071e800000| PB 0x000000071e800000| Untracked 
| 245|0x000000071ea00000, 0x000000071ea00000, 0x000000071ec00000|  0%| F|  |TAMS 0x000000071ea00000| PB 0x000000071ea00000| Untracked 
| 246|0x000000071ec00000, 0x000000071ec00000, 0x000000071ee00000|  0%| F|  |TAMS 0x000000071ec00000| PB 0x000000071ec00000| Untracked 
| 247|0x000000071ee00000, 0x000000071ee00000, 0x000000071f000000|  0%| F|  |TAMS 0x000000071ee00000| PB 0x000000071ee00000| Untracked 
| 248|0x000000071f000000, 0x000000071f000000, 0x000000071f200000|  0%| F|  |TAMS 0x000000071f000000| PB 0x000000071f000000| Untracked 
| 249|0x000000071f200000, 0x000000071f200000, 0x000000071f400000|  0%| F|  |TAMS 0x000000071f200000| PB 0x000000071f200000| Untracked 
| 250|0x000000071f400000, 0x000000071f400000, 0x000000071f600000|  0%| F|  |TAMS 0x000000071f400000| PB 0x000000071f400000| Untracked 
| 251|0x000000071f600000, 0x000000071f600000, 0x000000071f800000|  0%| F|  |TAMS 0x000000071f600000| PB 0x000000071f600000| Untracked 
| 252|0x000000071f800000, 0x000000071f800000, 0x000000071fa00000|  0%| F|  |TAMS 0x000000071f800000| PB 0x000000071f800000| Untracked 
| 253|0x000000071fa00000, 0x000000071fa00000, 0x000000071fc00000|  0%| F|  |TAMS 0x000000071fa00000| PB 0x000000071fa00000| Untracked 
| 254|0x000000071fc00000, 0x000000071fc00000, 0x000000071fe00000|  0%| F|  |TAMS 0x000000071fc00000| PB 0x000000071fc00000| Untracked 
| 255|0x000000071fe00000, 0x000000071fe00000, 0x0000000720000000|  0%| F|  |TAMS 0x000000071fe00000| PB 0x000000071fe00000| Untracked 
| 256|0x0000000720000000, 0x0000000720000000, 0x0000000720200000|  0%| F|  |TAMS 0x0000000720000000| PB 0x0000000720000000| Untracked 
| 257|0x0000000720200000, 0x0000000720200000, 0x0000000720400000|  0%| F|  |TAMS 0x0000000720200000| PB 0x0000000720200000| Untracked 
| 258|0x0000000720400000, 0x0000000720400000, 0x0000000720600000|  0%| F|  |TAMS 0x0000000720400000| PB 0x0000000720400000| Untracked 
| 259|0x0000000720600000, 0x0000000720600000, 0x0000000720800000|  0%| F|  |TAMS 0x0000000720600000| PB 0x0000000720600000| Untracked 
| 260|0x0000000720800000, 0x0000000720800000, 0x0000000720a00000|  0%| F|  |TAMS 0x0000000720800000| PB 0x0000000720800000| Untracked 
| 261|0x0000000720a00000, 0x0000000720a00000, 0x0000000720c00000|  0%| F|  |TAMS 0x0000000720a00000| PB 0x0000000720a00000| Untracked 
| 262|0x0000000720c00000, 0x0000000720c00000, 0x0000000720e00000|  0%| F|  |TAMS 0x0000000720c00000| PB 0x0000000720c00000| Untracked 
| 263|0x0000000720e00000, 0x0000000720e00000, 0x0000000721000000|  0%| F|  |TAMS 0x0000000720e00000| PB 0x0000000720e00000| Untracked 
| 264|0x0000000721000000, 0x0000000721000000, 0x0000000721200000|  0%| F|  |TAMS 0x0000000721000000| PB 0x0000000721000000| Untracked 
| 265|0x0000000721200000, 0x0000000721200000, 0x0000000721400000|  0%| F|  |TAMS 0x0000000721200000| PB 0x0000000721200000| Untracked 
| 266|0x0000000721400000, 0x0000000721400000, 0x0000000721600000|  0%| F|  |TAMS 0x0000000721400000| PB 0x0000000721400000| Untracked 
| 267|0x0000000721600000, 0x0000000721600000, 0x0000000721800000|  0%| F|  |TAMS 0x0000000721600000| PB 0x0000000721600000| Untracked 
| 268|0x0000000721800000, 0x0000000721800000, 0x0000000721a00000|  0%| F|  |TAMS 0x0000000721800000| PB 0x0000000721800000| Untracked 
| 269|0x0000000721a00000, 0x0000000721a00000, 0x0000000721c00000|  0%| F|  |TAMS 0x0000000721a00000| PB 0x0000000721a00000| Untracked 
| 270|0x0000000721c00000, 0x0000000721c00000, 0x0000000721e00000|  0%| F|  |TAMS 0x0000000721c00000| PB 0x0000000721c00000| Untracked 
| 271|0x0000000721e00000, 0x0000000721e00000, 0x0000000722000000|  0%| F|  |TAMS 0x0000000721e00000| PB 0x0000000721e00000| Untracked 
| 272|0x0000000722000000, 0x0000000722000000, 0x0000000722200000|  0%| F|  |TAMS 0x0000000722000000| PB 0x0000000722000000| Untracked 
| 273|0x0000000722200000, 0x0000000722200000, 0x0000000722400000|  0%| F|  |TAMS 0x0000000722200000| PB 0x0000000722200000| Untracked 
| 274|0x0000000722400000, 0x0000000722400000, 0x0000000722600000|  0%| F|  |TAMS 0x0000000722400000| PB 0x0000000722400000| Untracked 
| 275|0x0000000722600000, 0x0000000722600000, 0x0000000722800000|  0%| F|  |TAMS 0x0000000722600000| PB 0x0000000722600000| Untracked 
| 276|0x0000000722800000, 0x0000000722800000, 0x0000000722a00000|  0%| F|  |TAMS 0x0000000722800000| PB 0x0000000722800000| Untracked 
| 277|0x0000000722a00000, 0x0000000722a00000, 0x0000000722c00000|  0%| F|  |TAMS 0x0000000722a00000| PB 0x0000000722a00000| Untracked 
| 278|0x0000000722c00000, 0x0000000722c00000, 0x0000000722e00000|  0%| F|  |TAMS 0x0000000722c00000| PB 0x0000000722c00000| Untracked 
| 279|0x0000000722e00000, 0x0000000722e00000, 0x0000000723000000|  0%| F|  |TAMS 0x0000000722e00000| PB 0x0000000722e00000| Untracked 
| 280|0x0000000723000000, 0x0000000723000000, 0x0000000723200000|  0%| F|  |TAMS 0x0000000723000000| PB 0x0000000723000000| Untracked 
| 281|0x0000000723200000, 0x0000000723200000, 0x0000000723400000|  0%| F|  |TAMS 0x0000000723200000| PB 0x0000000723200000| Untracked 
| 282|0x0000000723400000, 0x0000000723400000, 0x0000000723600000|  0%| F|  |TAMS 0x0000000723400000| PB 0x0000000723400000| Untracked 
| 283|0x0000000723600000, 0x0000000723600000, 0x0000000723800000|  0%| F|  |TAMS 0x0000000723600000| PB 0x0000000723600000| Untracked 
| 284|0x0000000723800000, 0x0000000723800000, 0x0000000723a00000|  0%| F|  |TAMS 0x0000000723800000| PB 0x0000000723800000| Untracked 
| 285|0x0000000723a00000, 0x0000000723a00000, 0x0000000723c00000|  0%| F|  |TAMS 0x0000000723a00000| PB 0x0000000723a00000| Untracked 
| 286|0x0000000723c00000, 0x0000000723c00000, 0x0000000723e00000|  0%| F|  |TAMS 0x0000000723c00000| PB 0x0000000723c00000| Untracked 
| 287|0x0000000723e00000, 0x0000000723e00000, 0x0000000724000000|  0%| F|  |TAMS 0x0000000723e00000| PB 0x0000000723e00000| Untracked 
| 288|0x0000000724000000, 0x0000000724000000, 0x0000000724200000|  0%| F|  |TAMS 0x0000000724000000| PB 0x0000000724000000| Untracked 
| 289|0x0000000724200000, 0x0000000724200000, 0x0000000724400000|  0%| F|  |TAMS 0x0000000724200000| PB 0x0000000724200000| Untracked 
| 290|0x0000000724400000, 0x0000000724400000, 0x0000000724600000|  0%| F|  |TAMS 0x0000000724400000| PB 0x0000000724400000| Untracked 
| 291|0x0000000724600000, 0x0000000724600000, 0x0000000724800000|  0%| F|  |TAMS 0x0000000724600000| PB 0x0000000724600000| Untracked 
| 292|0x0000000724800000, 0x0000000724800000, 0x0000000724a00000|  0%| F|  |TAMS 0x0000000724800000| PB 0x0000000724800000| Untracked 
| 293|0x0000000724a00000, 0x0000000724a00000, 0x0000000724c00000|  0%| F|  |TAMS 0x0000000724a00000| PB 0x0000000724a00000| Untracked 
| 294|0x0000000724c00000, 0x0000000724c00000, 0x0000000724e00000|  0%| F|  |TAMS 0x0000000724c00000| PB 0x0000000724c00000| Untracked 
| 295|0x0000000724e00000, 0x0000000724e00000, 0x0000000725000000|  0%| F|  |TAMS 0x0000000724e00000| PB 0x0000000724e00000| Untracked 
| 296|0x0000000725000000, 0x0000000725000000, 0x0000000725200000|  0%| F|  |TAMS 0x0000000725000000| PB 0x0000000725000000| Untracked 
| 297|0x0000000725200000, 0x0000000725200000, 0x0000000725400000|  0%| F|  |TAMS 0x0000000725200000| PB 0x0000000725200000| Untracked 
| 298|0x0000000725400000, 0x0000000725400000, 0x0000000725600000|  0%| F|  |TAMS 0x0000000725400000| PB 0x0000000725400000| Untracked 
| 299|0x0000000725600000, 0x0000000725600000, 0x0000000725800000|  0%| F|  |TAMS 0x0000000725600000| PB 0x0000000725600000| Untracked 
| 300|0x0000000725800000, 0x0000000725800000, 0x0000000725a00000|  0%| F|  |TAMS 0x0000000725800000| PB 0x0000000725800000| Untracked 
| 301|0x0000000725a00000, 0x0000000725a00000, 0x0000000725c00000|  0%| F|  |TAMS 0x0000000725a00000| PB 0x0000000725a00000| Untracked 
| 302|0x0000000725c00000, 0x0000000725c00000, 0x0000000725e00000|  0%| F|  |TAMS 0x0000000725c00000| PB 0x0000000725c00000| Untracked 
| 303|0x0000000725e00000, 0x0000000725e00000, 0x0000000726000000|  0%| F|  |TAMS 0x0000000725e00000| PB 0x0000000725e00000| Untracked 
| 304|0x0000000726000000, 0x0000000726000000, 0x0000000726200000|  0%| F|  |TAMS 0x0000000726000000| PB 0x0000000726000000| Untracked 
| 305|0x0000000726200000, 0x0000000726400000, 0x0000000726400000|100%| S|CS|TAMS 0x0000000726200000| PB 0x0000000726200000| Complete 
| 306|0x0000000726400000, 0x0000000726600000, 0x0000000726600000|100%| S|CS|TAMS 0x0000000726400000| PB 0x0000000726400000| Complete 
| 307|0x0000000726600000, 0x0000000726600000, 0x0000000726800000|  0%| F|  |TAMS 0x0000000726600000| PB 0x0000000726600000| Untracked 
| 308|0x0000000726800000, 0x0000000726800000, 0x0000000726a00000|  0%| F|  |TAMS 0x0000000726800000| PB 0x0000000726800000| Untracked 
| 309|0x0000000726a00000, 0x0000000726a00000, 0x0000000726c00000|  0%| F|  |TAMS 0x0000000726a00000| PB 0x0000000726a00000| Untracked 
| 310|0x0000000726c00000, 0x0000000726c00000, 0x0000000726e00000|  0%| F|  |TAMS 0x0000000726c00000| PB 0x0000000726c00000| Untracked 
| 311|0x0000000726e00000, 0x0000000726e00000, 0x0000000727000000|  0%| F|  |TAMS 0x0000000726e00000| PB 0x0000000726e00000| Untracked 
| 312|0x0000000727000000, 0x0000000727000000, 0x0000000727200000|  0%| F|  |TAMS 0x0000000727000000| PB 0x0000000727000000| Untracked 
| 313|0x0000000727200000, 0x0000000727200000, 0x0000000727400000|  0%| F|  |TAMS 0x0000000727200000| PB 0x0000000727200000| Untracked 
| 314|0x0000000727400000, 0x0000000727400000, 0x0000000727600000|  0%| F|  |TAMS 0x0000000727400000| PB 0x0000000727400000| Untracked 
| 315|0x0000000727600000, 0x0000000727600000, 0x0000000727800000|  0%| F|  |TAMS 0x0000000727600000| PB 0x0000000727600000| Untracked 
| 316|0x0000000727800000, 0x0000000727800000, 0x0000000727a00000|  0%| F|  |TAMS 0x0000000727800000| PB 0x0000000727800000| Untracked 
| 317|0x0000000727a00000, 0x0000000727a00000, 0x0000000727c00000|  0%| F|  |TAMS 0x0000000727a00000| PB 0x0000000727a00000| Untracked 
| 318|0x0000000727c00000, 0x0000000727c00000, 0x0000000727e00000|  0%| F|  |TAMS 0x0000000727c00000| PB 0x0000000727c00000| Untracked 
| 319|0x0000000727e00000, 0x0000000727e00000, 0x0000000728000000|  0%| F|  |TAMS 0x0000000727e00000| PB 0x0000000727e00000| Untracked 
| 320|0x0000000728000000, 0x0000000728000000, 0x0000000728200000|  0%| F|  |TAMS 0x0000000728000000| PB 0x0000000728000000| Untracked 
| 321|0x0000000728200000, 0x0000000728200000, 0x0000000728400000|  0%| F|  |TAMS 0x0000000728200000| PB 0x0000000728200000| Untracked 
| 322|0x0000000728400000, 0x0000000728400000, 0x0000000728600000|  0%| F|  |TAMS 0x0000000728400000| PB 0x0000000728400000| Untracked 
| 323|0x0000000728600000, 0x0000000728600000, 0x0000000728800000|  0%| F|  |TAMS 0x0000000728600000| PB 0x0000000728600000| Untracked 
| 324|0x0000000728800000, 0x0000000728800000, 0x0000000728a00000|  0%| F|  |TAMS 0x0000000728800000| PB 0x0000000728800000| Untracked 
| 325|0x0000000728a00000, 0x0000000728a00000, 0x0000000728c00000|  0%| F|  |TAMS 0x0000000728a00000| PB 0x0000000728a00000| Untracked 
| 326|0x0000000728c00000, 0x0000000728c00000, 0x0000000728e00000|  0%| F|  |TAMS 0x0000000728c00000| PB 0x0000000728c00000| Untracked 
| 327|0x0000000728e00000, 0x0000000728e00000, 0x0000000729000000|  0%| F|  |TAMS 0x0000000728e00000| PB 0x0000000728e00000| Untracked 
| 328|0x0000000729000000, 0x0000000729000000, 0x0000000729200000|  0%| F|  |TAMS 0x0000000729000000| PB 0x0000000729000000| Untracked 
| 329|0x0000000729200000, 0x0000000729200000, 0x0000000729400000|  0%| F|  |TAMS 0x0000000729200000| PB 0x0000000729200000| Untracked 
| 330|0x0000000729400000, 0x0000000729400000, 0x0000000729600000|  0%| F|  |TAMS 0x0000000729400000| PB 0x0000000729400000| Untracked 
| 331|0x0000000729600000, 0x0000000729600000, 0x0000000729800000|  0%| F|  |TAMS 0x0000000729600000| PB 0x0000000729600000| Untracked 
| 332|0x0000000729800000, 0x0000000729800000, 0x0000000729a00000|  0%| F|  |TAMS 0x0000000729800000| PB 0x0000000729800000| Untracked 
| 333|0x0000000729a00000, 0x0000000729a00000, 0x0000000729c00000|  0%| F|  |TAMS 0x0000000729a00000| PB 0x0000000729a00000| Untracked 
|2043|0x00000007ff600000, 0x00000007ff800000, 0x00000007ff800000|100%| E|  |TAMS 0x00000007ff600000| PB 0x00000007ff600000| Complete 
|2044|0x00000007ff800000, 0x00000007ffa00000, 0x00000007ffa00000|100%| E|CS|TAMS 0x00000007ff800000| PB 0x00000007ff800000| Complete 
|2045|0x00000007ffa00000, 0x00000007ffc00000, 0x00000007ffc00000|100%| E|CS|TAMS 0x00000007ffa00000| PB 0x00000007ffa00000| Complete 
|2046|0x00000007ffc00000, 0x00000007ffe00000, 0x00000007ffe00000|100%| E|CS|TAMS 0x00000007ffc00000| PB 0x00000007ffc00000| Complete 
|2047|0x00000007ffe00000, 0x0000000800000000, 0x0000000800000000|100%| E|CS|TAMS 0x00000007ffe00000| PB 0x00000007ffe00000| Complete 

Card table byte_map: [0x0000021be1200000,0x0000021be1a00000] _byte_map_base: 0x0000021bdda00000

Marking Bits: (CMBitMap*) 0x0000021bc9368910
 Bits: [0x0000021be1a00000, 0x0000021be5a00000)

Polling page: 0x0000021bc7180000

Metaspace:

Usage:
  Non-class:    272.62 MB used.
      Class:     37.40 MB used.
       Both:    310.02 MB used.

Virtual space:
  Non-class space:      320.00 MB reserved,     274.25 MB ( 86%) committed,  5 nodes.
      Class space:        1.00 GB reserved,      38.94 MB (  4%) committed,  1 nodes.
             Both:        1.31 GB reserved,     313.19 MB ( 23%) committed. 

Chunk freelists:
   Non-Class:  13.00 MB
       Class:  9.00 MB
        Both:  22.00 MB

MaxMetaspaceSize: unlimited
CompressedClassSpaceSize: 1.00 GB
Initial GC threshold: 21.00 MB
Current GC threshold: 503.25 MB
CDS: on
 - commit_granule_bytes: 65536.
 - commit_granule_words: 8192.
 - virtual_space_node_default_size: 8388608.
 - enlarge_chunks_in_place: 1.
 - use_allocation_guard: 0.


Internal statistics:

num_allocs_failed_limit: 6.
num_arena_births: 5552.
num_arena_deaths: 4.
num_vsnodes_births: 6.
num_vsnodes_deaths: 0.
num_space_committed: 5005.
num_space_uncommitted: 2.
num_chunks_returned_to_freelist: 25.
num_chunks_taken_from_freelist: 19925.
num_chunk_merges: 9.
num_chunk_splits: 13320.
num_chunks_enlarged: 8550.
num_inconsistent_stats: 0.

CodeHeap 'non-profiled nmethods': size=120000Kb used=13988Kb max_used=18880Kb free=106011Kb
 bounds [0x0000021bd94d0000, 0x0000021bda750000, 0x0000021be0a00000]
CodeHeap 'profiled nmethods': size=120000Kb used=71030Kb max_used=80821Kb free=48969Kb
 bounds [0x0000021bd1a00000, 0x0000021bd68f0000, 0x0000021bd8f30000]
CodeHeap 'non-nmethods': size=5760Kb used=2771Kb max_used=2808Kb free=2988Kb
 bounds [0x0000021bd8f30000, 0x0000021bd9220000, 0x0000021bd94d0000]
 total_blobs=27577 nmethods=26246 adapters=1232
 compilation: enabled
              stopped_count=0, restarted_count=0
 full_count=0

Compilation events (20 events):
Event: 1623.370 Thread 0x0000021be7ed9140 56948       1       sun.util.calendar.CalendarDate::setZoneOffset (6 bytes)
Event: 1623.370 Thread 0x0000021be7ed9140 nmethod 56948 0x0000021bd9dab310 code [0x0000021bd9dab4a0, 0x0000021bd9dab568]
Event: 1623.370 Thread 0x0000021be7ed9140 56949       1       sun.util.calendar.CalendarDate::setDaylightSaving (6 bytes)
Event: 1623.370 Thread 0x0000021be7ed9140 nmethod 56949 0x0000021bd9dab010 code [0x0000021bd9dab1a0, 0x0000021bd9dab268]
Event: 1623.371 Thread 0x0000021be7ed9140 56950       2       sun.util.calendar.BaseCalendar$Date::<init> (32 bytes)
Event: 1623.371 Thread 0x0000021be7ed9140 nmethod 56950 0x0000021bd68e8e90 code [0x0000021bd68e9020, 0x0000021bd68e91a8]
Event: 1623.371 Thread 0x0000021be7ed9140 56951       2       sun.util.calendar.CalendarDate::<init> (16 bytes)
Event: 1623.371 Thread 0x0000021be7ed9140 nmethod 56951 0x0000021bd68e9210 code [0x0000021bd68e93a0, 0x0000021bd68e9500]
Event: 1623.371 Thread 0x0000021be7ed9140 56952       3       sun.security.util.ObjectIdentifier::toString (285 bytes)
Event: 1623.374 Thread 0x0000021be7ed9140 nmethod 56952 0x0000021bd68e9590 code [0x0000021bd68e9940, 0x0000021bd68ead18]
Event: 1623.374 Thread 0x0000021be7ed9140 56957       3       java.lang.invoke.LambdaForm$MH/0x0000021b8103c400::invoke (38 bytes)
Event: 1623.374 Thread 0x0000021be7ed9140 nmethod 56957 0x0000021bd68eb590 code [0x0000021bd68eb780, 0x0000021bd68ebed0]
Event: 1623.374 Thread 0x0000021be7ed9140 56953       3       sun.security.x509.AlgorithmId::parse (103 bytes)
Event: 1623.376 Thread 0x0000021be7ed9140 nmethod 56953 0x0000021bd68ec090 code [0x0000021bd68ec340, 0x0000021bd68ecd58]
Event: 1623.376 Thread 0x0000021be7ed9140 56954       3       sun.util.calendar.CalendarDate::setHours (20 bytes)
Event: 1623.376 Thread 0x0000021be7ed9140 nmethod 56954 0x0000021bd68ed190 code [0x0000021bd68ed320, 0x0000021bd68ed468]
Event: 1623.376 Thread 0x0000021be7ed9140 56956       1       sun.util.calendar.CalendarDate::getMillis (5 bytes)
Event: 1623.376 Thread 0x0000021be7ed9140 nmethod 56956 0x0000021bd9daad10 code [0x0000021bd9daaea0, 0x0000021bd9daaf68]
Event: 1623.376 Thread 0x0000021be7ed9140 56955       1       sun.security.util.BitArray::length (5 bytes)
Event: 1623.376 Thread 0x0000021be7ed9140 nmethod 56955 0x0000021bd9daaa10 code [0x0000021bd9daaba0, 0x0000021bd9daac68]

GC Heap History (20 events):
Event: 1574.114 GC heap before
{Heap before GC invocations=111 (full 0):
 garbage-first heap   total 557056K, used 506135K [0x0000000700000000, 0x0000000800000000)
  region size 2048K, 86 young (176128K), 3 survivors (6144K)
 Metaspace       used 286189K, committed 289216K, reserved 1310720K
  class space    used 35046K, committed 36544K, reserved 1048576K
}
Event: 1574.174 GC heap after
{Heap after GC invocations=112 (full 0):
 garbage-first heap   total 557056K, used 351311K [0x0000000700000000, 0x0000000800000000)
  region size 2048K, 11 young (22528K), 11 survivors (22528K)
 Metaspace       used 286189K, committed 289216K, reserved 1310720K
  class space    used 35046K, committed 36544K, reserved 1048576K
}
Event: 1579.852 GC heap before
{Heap before GC invocations=112 (full 0):
 garbage-first heap   total 557056K, used 498767K [0x0000000700000000, 0x0000000800000000)
  region size 2048K, 83 young (169984K), 11 survivors (22528K)
 Metaspace       used 290491K, committed 293504K, reserved 1310720K
  class space    used 35482K, committed 36992K, reserved 1048576K
}
Event: 1579.938 GC heap after
{Heap after GC invocations=113 (full 0):
 garbage-first heap   total 557056K, used 366311K [0x0000000700000000, 0x0000000800000000)
  region size 2048K, 7 young (14336K), 7 survivors (14336K)
 Metaspace       used 290491K, committed 293504K, reserved 1310720K
  class space    used 35482K, committed 36992K, reserved 1048576K
}
Event: 1587.814 GC heap before
{Heap before GC invocations=114 (full 0):
 garbage-first heap   total 612352K, used 507623K [0x0000000700000000, 0x0000000800000000)
  region size 2048K, 76 young (155648K), 7 survivors (14336K)
 Metaspace       used 298279K, committed 301312K, reserved 1376256K
  class space    used 36351K, committed 37888K, reserved 1048576K
}
Event: 1587.882 GC heap after
{Heap after GC invocations=115 (full 0):
 garbage-first heap   total 612352K, used 383499K [0x0000000700000000, 0x0000000800000000)
  region size 2048K, 9 young (18432K), 9 survivors (18432K)
 Metaspace       used 298279K, committed 301312K, reserved 1376256K
  class space    used 36351K, committed 37888K, reserved 1048576K
}
Event: 1591.480 GC heap before
{Heap before GC invocations=115 (full 0):
 garbage-first heap   total 612352K, used 557579K [0x0000000700000000, 0x0000000800000000)
  region size 2048K, 94 young (192512K), 9 survivors (18432K)
 Metaspace       used 300298K, committed 303360K, reserved 1376256K
  class space    used 36442K, committed 37952K, reserved 1048576K
}
Event: 1591.566 GC heap after
{Heap after GC invocations=116 (full 0):
 garbage-first heap   total 612352K, used 393913K [0x0000000700000000, 0x0000000800000000)
  region size 2048K, 7 young (14336K), 7 survivors (14336K)
 Metaspace       used 300298K, committed 303360K, reserved 1376256K
  class space    used 36442K, committed 37952K, reserved 1048576K
}
Event: 1594.891 GC heap before
{Heap before GC invocations=116 (full 0):
 garbage-first heap   total 612352K, used 561849K [0x0000000700000000, 0x0000000800000000)
  region size 2048K, 89 young (182272K), 7 survivors (14336K)
 Metaspace       used 302272K, committed 305408K, reserved 1376256K
  class space    used 36586K, committed 38144K, reserved 1048576K
}
Event: 1594.976 GC heap after
{Heap after GC invocations=117 (full 0):
 garbage-first heap   total 612352K, used 404201K [0x0000000700000000, 0x0000000800000000)
  region size 2048K, 12 young (24576K), 12 survivors (24576K)
 Metaspace       used 302272K, committed 305408K, reserved 1376256K
  class space    used 36586K, committed 38144K, reserved 1048576K
}
Event: 1597.557 GC heap before
{Heap before GC invocations=117 (full 0):
 garbage-first heap   total 612352K, used 533225K [0x0000000700000000, 0x0000000800000000)
  region size 2048K, 76 young (155648K), 12 survivors (24576K)
 Metaspace       used 304320K, committed 307456K, reserved 1376256K
  class space    used 36748K, committed 38272K, reserved 1048576K
}
Event: 1597.641 GC heap after
{Heap after GC invocations=118 (full 0):
 garbage-first heap   total 612352K, used 415728K [0x0000000700000000, 0x0000000800000000)
  region size 2048K, 6 young (12288K), 6 survivors (12288K)
 Metaspace       used 304320K, committed 307456K, reserved 1376256K
  class space    used 36748K, committed 38272K, reserved 1048576K
}
Event: 1604.138 GC heap before
{Heap before GC invocations=119 (full 0):
 garbage-first heap   total 694272K, used 563184K [0x0000000700000000, 0x0000000800000000)
  region size 2048K, 78 young (159744K), 6 survivors (12288K)
 Metaspace       used 306677K, committed 309696K, reserved 1376256K
  class space    used 36902K, committed 38400K, reserved 1048576K
}
Event: 1604.230 GC heap after
{Heap after GC invocations=120 (full 0):
 garbage-first heap   total 694272K, used 424192K [0x0000000700000000, 0x0000000800000000)
  region size 2048K, 10 young (20480K), 10 survivors (20480K)
 Metaspace       used 306677K, committed 309696K, reserved 1376256K
  class space    used 36902K, committed 38400K, reserved 1048576K
}
Event: 1609.129 GC heap before
{Heap before GC invocations=120 (full 0):
 garbage-first heap   total 694272K, used 635136K [0x0000000700000000, 0x0000000800000000)
  region size 2048K, 113 young (231424K), 10 survivors (20480K)
 Metaspace       used 308187K, committed 311296K, reserved 1376256K
  class space    used 36995K, committed 38528K, reserved 1048576K
}
Event: 1609.257 GC heap after
{Heap after GC invocations=121 (full 0):
 garbage-first heap   total 694272K, used 449946K [0x0000000700000000, 0x0000000800000000)
  region size 2048K, 15 young (30720K), 15 survivors (30720K)
 Metaspace       used 308187K, committed 311296K, reserved 1376256K
  class space    used 36995K, committed 38528K, reserved 1048576K
}
Event: 1618.438 GC heap before
{Heap before GC invocations=121 (full 0):
 garbage-first heap   total 694272K, used 624026K [0x0000000700000000, 0x0000000800000000)
  region size 2048K, 101 young (206848K), 15 survivors (30720K)
 Metaspace       used 316276K, committed 319424K, reserved 1376256K
  class space    used 38181K, committed 39744K, reserved 1048576K
}
Event: 1618.586 GC heap after
{Heap after GC invocations=122 (full 0):
 garbage-first heap   total 694272K, used 478208K [0x0000000700000000, 0x0000000800000000)
  region size 2048K, 13 young (26624K), 13 survivors (26624K)
 Metaspace       used 316276K, committed 319424K, reserved 1376256K
  class space    used 38181K, committed 39744K, reserved 1048576K
}
Event: 1620.214 GC heap before
{Heap before GC invocations=122 (full 0):
 garbage-first heap   total 694272K, used 539648K [0x0000000700000000, 0x0000000800000000)
  region size 2048K, 45 young (92160K), 13 survivors (26624K)
 Metaspace       used 316316K, committed 319488K, reserved 1376256K
  class space    used 38182K, committed 39744K, reserved 1048576K
}
Event: 1620.288 GC heap after
{Heap after GC invocations=123 (full 0):
 garbage-first heap   total 694272K, used 483328K [0x0000000700000000, 0x0000000800000000)
  region size 2048K, 2 young (4096K), 2 survivors (4096K)
 Metaspace       used 316316K, committed 319488K, reserved 1376256K
  class space    used 38182K, committed 39744K, reserved 1048576K
}

Dll operation events (18 events):
Event: 0.145 Loaded shared library C:\Users\ecest\.gradle\jdks\eclipse_adoptium-21-amd64-windows.2\bin\java.dll
Event: 0.359 Loaded shared library C:\Users\ecest\.gradle\jdks\eclipse_adoptium-21-amd64-windows.2\bin\jsvml.dll
Event: 0.510 Loaded shared library C:\Users\ecest\.gradle\jdks\eclipse_adoptium-21-amd64-windows.2\bin\zip.dll
Event: 0.561 Loaded shared library C:\Users\ecest\.gradle\jdks\eclipse_adoptium-21-amd64-windows.2\bin\instrument.dll
Event: 0.591 Loaded shared library C:\Users\ecest\.gradle\jdks\eclipse_adoptium-21-amd64-windows.2\bin\net.dll
Event: 0.603 Loaded shared library C:\Users\ecest\.gradle\jdks\eclipse_adoptium-21-amd64-windows.2\bin\nio.dll
Event: 0.612 Loaded shared library C:\Users\ecest\.gradle\jdks\eclipse_adoptium-21-amd64-windows.2\bin\zip.dll
Event: 4.554 Loaded shared library C:\Users\ecest\.gradle\jdks\eclipse_adoptium-21-amd64-windows.2\bin\jimage.dll
Event: 6.267 Loaded shared library C:\Users\ecest\.gradle\jdks\eclipse_adoptium-21-amd64-windows.2\bin\verify.dll
Event: 6.393 Loaded shared library C:\Users\ecest\.gradle\native\660c5614fbf4a5f2a75b1949f50a0caf5cd603558e7d8a26e50b933a0cfb79d1\windows-amd64\native-platform.dll
Event: 6.559 Loaded shared library C:\Users\ecest\.gradle\native\0.2.8\x86_64-windows-gnu\gradle-fileevents.dll
Event: 25.971 Loaded shared library C:\Users\ecest\.gradle\jdks\eclipse_adoptium-21-amd64-windows.2\bin\management.dll
Event: 26.066 Loaded shared library C:\Users\ecest\.gradle\jdks\eclipse_adoptium-21-amd64-windows.2\bin\management_ext.dll
Event: 27.703 Loaded shared library C:\Users\ecest\.gradle\jdks\eclipse_adoptium-21-amd64-windows.2\bin\extnet.dll
Event: 29.974 Loaded shared library C:\Users\ecest\.gradle\jdks\eclipse_adoptium-21-amd64-windows.2\bin\sunmscapi.dll
Event: 367.730 Loaded shared library C:\Users\ecest\.gradle\jdks\eclipse_adoptium-21-amd64-windows.2\bin\rmi.dll
Event: 1535.175 Loaded shared library C:\Users\ecest\.gradle\jdks\eclipse_adoptium-21-amd64-windows.2\bin\awt.dll
Event: 1579.821 Loaded shared library C:\Users\ecest\AppData\Local\Temp\sqlite-3.41.2.2-9082a81f-8435-4b1f-a4c7-b192aae1dc5f-sqlitejdbc.dll

Deoptimization events (20 events):
Event: 1623.073 Thread 0x0000021bf1794090 Uncommon trap: trap_request=0xffffff3d fr.pc=0x0000021bda5d2574 relative=0x00000000000001d4
Event: 1623.073 Thread 0x0000021bf1794090 Uncommon trap: reason=unstable_fused_if action=reinterpret pc=0x0000021bda5d2574 method=sun.util.calendar.BaseCalendar.getFixedDate(IIILsun/util/calendar/BaseCalendar$Date;)J @ 67 c2
Event: 1623.073 Thread 0x0000021bf1794090 DEOPT PACKING pc=0x0000021bda5d2574 sp=0x00000027a28fac50
Event: 1623.073 Thread 0x0000021bf1794090 DEOPT UNPACKING pc=0x0000021bd8f846a2 sp=0x00000027a28fabd0 mode 2
Event: 1623.129 Thread 0x0000021bf1794090 Uncommon trap: trap_request=0xffffffc6 fr.pc=0x0000021bda2448c4 relative=0x0000000000000ac4
Event: 1623.129 Thread 0x0000021bf1794090 Uncommon trap: reason=bimorphic_or_optimized_type_check action=maybe_recompile pc=0x0000021bda2448c4 method=java.nio.charset.CharsetDecoder.decode(Ljava/nio/ByteBuffer;Ljava/nio/CharBuffer;Z)Ljava/nio/charset/CoderResult; @ 57 c2
Event: 1623.129 Thread 0x0000021bf1794090 DEOPT PACKING pc=0x0000021bda2448c4 sp=0x00000027a28fafc0
Event: 1623.129 Thread 0x0000021bf1794090 DEOPT UNPACKING pc=0x0000021bd8f846a2 sp=0x00000027a28faf98 mode 2
Event: 1623.130 Thread 0x0000021bf1794090 Uncommon trap: trap_request=0xffffffc6 fr.pc=0x0000021bda2448c4 relative=0x0000000000000ac4
Event: 1623.130 Thread 0x0000021bf1794090 Uncommon trap: reason=bimorphic_or_optimized_type_check action=maybe_recompile pc=0x0000021bda2448c4 method=java.nio.charset.CharsetDecoder.decode(Ljava/nio/ByteBuffer;Ljava/nio/CharBuffer;Z)Ljava/nio/charset/CoderResult; @ 57 c2
Event: 1623.130 Thread 0x0000021bf1794090 DEOPT PACKING pc=0x0000021bda2448c4 sp=0x00000027a28fafc0
Event: 1623.130 Thread 0x0000021bf1794090 DEOPT UNPACKING pc=0x0000021bd8f846a2 sp=0x00000027a28faf98 mode 2
Event: 1623.134 Thread 0x0000021bf1794090 Uncommon trap: trap_request=0xffffffc6 fr.pc=0x0000021bda2448c4 relative=0x0000000000000ac4
Event: 1623.134 Thread 0x0000021bf1794090 Uncommon trap: reason=bimorphic_or_optimized_type_check action=maybe_recompile pc=0x0000021bda2448c4 method=java.nio.charset.CharsetDecoder.decode(Ljava/nio/ByteBuffer;Ljava/nio/CharBuffer;Z)Ljava/nio/charset/CoderResult; @ 57 c2
Event: 1623.134 Thread 0x0000021bf1794090 DEOPT PACKING pc=0x0000021bda2448c4 sp=0x00000027a28fafc0
Event: 1623.134 Thread 0x0000021bf1794090 DEOPT UNPACKING pc=0x0000021bd8f846a2 sp=0x00000027a28faf98 mode 2
Event: 1623.365 Thread 0x0000021bf1794090 Uncommon trap: trap_request=0xffffff45 fr.pc=0x0000021bd9546c38 relative=0x00000000000005f8
Event: 1623.365 Thread 0x0000021bf1794090 Uncommon trap: reason=unstable_if action=reinterpret pc=0x0000021bd9546c38 method=java.net.URI$Parser.scan(IIJJ)I @ 42 c2
Event: 1623.365 Thread 0x0000021bf1794090 DEOPT PACKING pc=0x0000021bd9546c38 sp=0x00000027a28fa5c0
Event: 1623.365 Thread 0x0000021bf1794090 DEOPT UNPACKING pc=0x0000021bd8f846a2 sp=0x00000027a28fa4a0 mode 2

Classes loaded (20 events):
Event: 1623.050 Loading class sun/nio/cs/UTF_16BE$Decoder done
Event: 1623.064 Loading class sun/security/pkcs12/PKCS12KeyStore$KeyEntry
Event: 1623.064 Loading class sun/security/pkcs12/PKCS12KeyStore$Entry
Event: 1623.064 Loading class sun/security/pkcs12/PKCS12KeyStore$Entry done
Event: 1623.065 Loading class sun/security/pkcs12/PKCS12KeyStore$KeyEntry done
Event: 1623.065 Loading class sun/security/pkcs12/PKCS12KeyStore$CertEntry
Event: 1623.072 Loading class sun/security/pkcs12/PKCS12KeyStore$CertEntry done
Event: 1623.103 Loading class java/security/interfaces/ECPublicKey
Event: 1623.128 Loading class java/security/interfaces/ECPublicKey done
Event: 1623.131 Loading class java/security/cert/PolicyQualifierInfo
Event: 1623.132 Loading class java/security/cert/PolicyQualifierInfo done
Event: 1623.133 Loading class sun/security/x509/SubjectAlternativeNameExtension
Event: 1623.133 Loading class sun/security/x509/SubjectAlternativeNameExtension done
Event: 1623.134 Loading class sun/security/x509/RFC822Name
Event: 1623.134 Loading class sun/security/x509/RFC822Name done
Event: 1623.163 Loading class sun/security/x509/NetscapeCertTypeExtension
Event: 1623.346 Loading class sun/security/x509/NetscapeCertTypeExtension done
Event: 1623.346 Loading class sun/security/x509/NetscapeCertTypeExtension$MapEntry
Event: 1623.346 Loading class sun/security/x509/NetscapeCertTypeExtension$MapEntry done
Event: 1623.373 Loading class sun/security/x509/PrivateKeyUsageExtension

Classes unloaded (20 events):
Event: 1479.830 Thread 0x0000021be7e89d80 Unloading class 0x0000021b824c2720 'jdk/internal/jimage/ImageReader$Resource'
Event: 1479.830 Thread 0x0000021be7e89d80 Unloading class 0x0000021b824c24c0 'jdk/internal/jimage/ImageReader$LinkNode'
Event: 1479.830 Thread 0x0000021be7e89d80 Unloading class 0x0000021b824c2260 'jdk/internal/jimage/ImageReader$Directory'
Event: 1479.830 Thread 0x0000021be7e89d80 Unloading class 0x0000021b824c2000 'jdk/internal/jimage/ImageReader$Node'
Event: 1479.830 Thread 0x0000021be7e89d80 Unloading class 0x0000021b824c1de0 'jdk/internal/jimage/ImageStrings'
Event: 1479.830 Thread 0x0000021be7e89d80 Unloading class 0x0000021b824c1b28 'jdk/internal/jimage/ImageReader$SharedImageReader'
Event: 1479.830 Thread 0x0000021be7e89d80 Unloading class 0x0000021b824c1870 'jdk/internal/jimage/BasicImageReader'
Event: 1479.831 Thread 0x0000021be7e89d80 Unloading class 0x0000021b824c1658 'jdk/internal/jimage/ImageReader'
Event: 1479.831 Thread 0x0000021be7e89d80 Unloading class 0x0000021b824c1438 'jdk/internal/jrtfs/SystemImage$2'
Event: 1479.831 Thread 0x0000021be7e89d80 Unloading class 0x0000021b824c1228 'jdk/internal/jrtfs/SystemImage$$Lambda+0x0000021b824c1228'
Event: 1479.831 Thread 0x0000021be7e89d80 Unloading class 0x0000021b824c1000 'jdk/internal/jrtfs/ExplodedImage'
Event: 1479.831 Thread 0x0000021be7e89d80 Unloading class 0x0000021b824c0db0 'jdk/internal/jrtfs/SystemImage$1'
Event: 1479.831 Thread 0x0000021be7e89d80 Unloading class 0x0000021b824c0ba0 'jdk/internal/jrtfs/SystemImage'
Event: 1479.831 Thread 0x0000021be7e89d80 Unloading class 0x0000021b824c0948 'jdk/internal/jrtfs/JrtFileStore'
Event: 1479.831 Thread 0x0000021be7e89d80 Unloading class 0x0000021b824c05d8 'jdk/internal/jrtfs/JrtPath'
Event: 1479.831 Thread 0x0000021be7e89d80 Unloading class 0x0000021b824c02e8 'jdk/internal/jrtfs/JrtFileSystem'
Event: 1479.831 Thread 0x0000021be7e89d80 Unloading class 0x0000021b824c0000 'jdk/internal/jrtfs/JrtFileSystemProvider'
Event: 1567.345 Thread 0x0000021be7e89d80 Unloading class 0x0000021b82e54780 'androidx/lifecycle/lint/NonNullableMutableLiveDataDetector$Companion'
Event: 1567.345 Thread 0x0000021be7e89d80 Unloading class 0x0000021b82e54258 'androidx/lifecycle/lint/NonNullableMutableLiveDataDetector'
Event: 1567.345 Thread 0x0000021be7e89d80 Unloading class 0x0000021b82e54000 'androidx/lifecycle/lint/LiveDataCoreIssueRegistry'

Classes redefined (0 events):
No events

Internal exceptions (20 events):
Event: 1613.437 Thread 0x0000021bf1794720 Exception <a 'sun/nio/fs/WindowsException'{0x00000007271599d8}> (0x00000007271599d8) 
thrown [s\src\hotspot\share\prims\jni.cpp, line 520]
Event: 1613.453 Thread 0x0000021bf1794720 Exception <a 'sun/nio/fs/WindowsException'{0x000000072715bfa8}> (0x000000072715bfa8) 
thrown [s\src\hotspot\share\prims\jni.cpp, line 520]
Event: 1613.470 Thread 0x0000021bf1794720 Exception <a 'sun/nio/fs/WindowsException'{0x000000072715e590}> (0x000000072715e590) 
thrown [s\src\hotspot\share\prims\jni.cpp, line 520]
Event: 1613.498 Thread 0x0000021bf1794720 Exception <a 'sun/nio/fs/WindowsException'{0x0000000727160b38}> (0x0000000727160b38) 
thrown [s\src\hotspot\share\prims\jni.cpp, line 520]
Event: 1613.519 Thread 0x0000021bf1794720 Exception <a 'sun/nio/fs/WindowsException'{0x0000000727163090}> (0x0000000727163090) 
thrown [s\src\hotspot\share\prims\jni.cpp, line 520]
Event: 1613.537 Thread 0x0000021bf1794720 Exception <a 'sun/nio/fs/WindowsException'{0x0000000727165768}> (0x0000000727165768) 
thrown [s\src\hotspot\share\prims\jni.cpp, line 520]
Event: 1613.564 Thread 0x0000021bf1794720 Exception <a 'sun/nio/fs/WindowsException'{0x0000000727167e48}> (0x0000000727167e48) 
thrown [s\src\hotspot\share\prims\jni.cpp, line 520]
Event: 1613.611 Thread 0x0000021bf1794720 Exception <a 'sun/nio/fs/WindowsException'{0x000000072716a660}> (0x000000072716a660) 
thrown [s\src\hotspot\share\prims\jni.cpp, line 520]
Event: 1613.625 Thread 0x0000021bf1794720 Exception <a 'sun/nio/fs/WindowsException'{0x000000072716b318}> (0x000000072716b318) 
thrown [s\src\hotspot\share\prims\jni.cpp, line 520]
Event: 1613.649 Thread 0x0000021bf1794720 Exception <a 'sun/nio/fs/WindowsException'{0x000000072716d9f8}> (0x000000072716d9f8) 
thrown [s\src\hotspot\share\prims\jni.cpp, line 520]
Event: 1613.819 Thread 0x0000021bf1f58b90 Exception <a 'sun/nio/fs/WindowsException'{0x0000000723d05140}> (0x0000000723d05140) 
thrown [s\src\hotspot\share\prims\jni.cpp, line 520]
Event: 1613.822 Thread 0x0000021bf1f58b90 Exception <a 'sun/nio/fs/WindowsException'{0x0000000723d08190}> (0x0000000723d08190) 
thrown [s\src\hotspot\share\prims\jni.cpp, line 520]
Event: 1614.299 Thread 0x0000021bf1f58b90 Exception <a 'sun/nio/fs/WindowsException'{0x0000000723d22ef0}> (0x0000000723d22ef0) 
thrown [s\src\hotspot\share\prims\jni.cpp, line 520]
Event: 1615.512 Thread 0x0000021bf1f58b90 Exception <a 'sun/nio/fs/WindowsException'{0x0000000722373810}> (0x0000000722373810) 
thrown [s\src\hotspot\share\prims\jni.cpp, line 520]
Event: 1615.540 Thread 0x0000021bf1f58b90 Exception <a 'sun/nio/fs/WindowsException'{0x0000000722375f50}> (0x0000000722375f50) 
thrown [s\src\hotspot\share\prims\jni.cpp, line 520]
Event: 1615.541 Thread 0x0000021bf1f58b90 Exception <a 'sun/nio/fs/WindowsException'{0x00000007223786e8}> (0x00000007223786e8) 
thrown [s\src\hotspot\share\prims\jni.cpp, line 520]
Event: 1616.519 Thread 0x0000021bf1794090 Implicit null exception at 0x0000021bd9d51bc3 to 0x0000021bd9d524e4
Event: 1617.512 Thread 0x0000021bf0d2d590 Exception <a 'sun/nio/fs/WindowsException'{0x00000007209ae3c0}> (0x00000007209ae3c0) 
thrown [s\src\hotspot\share\prims\jni.cpp, line 520]
Event: 1621.542 Thread 0x0000021bf1794090 Exception <a 'sun/nio/fs/WindowsException'{0x00000007fff70ab8}> (0x00000007fff70ab8) 
thrown [s\src\hotspot\share\prims\jni.cpp, line 520]
Event: 1622.277 Thread 0x0000021bf1794090 Exception <a 'sun/nio/fs/WindowsException'{0x00000007ffa142d0}> (0x00000007ffa142d0) 
thrown [s\src\hotspot\share\prims\jni.cpp, line 520]

ZGC Phase Switch (0 events):
No events

VM Operations (20 events):
Event: 1618.586 Executing VM operation: G1CollectForAllocation (G1 Evacuation Pause) done
Event: 1620.192 Executing VM operation: ICBufferFull
Event: 1620.192 Executing VM operation: ICBufferFull done
Event: 1620.214 Executing VM operation: G1TryInitiateConcMark (CodeCache GC Threshold)
Event: 1620.288 Executing VM operation: G1TryInitiateConcMark (CodeCache GC Threshold) done
Event: 1620.728 Executing VM operation: ICBufferFull
Event: 1620.728 Executing VM operation: ICBufferFull done
Event: 1621.570 Executing VM operation: HandshakeAllThreads (Deoptimize)
Event: 1621.570 Executing VM operation: HandshakeAllThreads (Deoptimize) done
Event: 1621.908 Executing VM operation: HandshakeAllThreads (Deoptimize)
Event: 1621.909 Executing VM operation: HandshakeAllThreads (Deoptimize) done
Event: 1621.909 Executing VM operation: Cleanup
Event: 1621.909 Executing VM operation: Cleanup done
Event: 1621.988 Executing VM operation: HandshakeAllThreads (Deoptimize)
Event: 1621.997 Executing VM operation: HandshakeAllThreads (Deoptimize) done
Event: 1622.997 Executing VM operation: Cleanup
Event: 1623.032 Executing VM operation: Cleanup done
Event: 1623.063 Executing VM operation: HandshakeAllThreads (Deoptimize)
Event: 1623.064 Executing VM operation: HandshakeAllThreads (Deoptimize) done
Event: 1623.402 Executing VM operation: G1PauseRemark

Memory protections (0 events):
No events

Nmethod flushes (20 events):
Event: 1623.655 Thread 0x0000021be7e89d80 flushing  nmethod 0x0000021bd5566610
Event: 1623.655 Thread 0x0000021be7e89d80 flushing  nmethod 0x0000021bd5566d10
Event: 1623.655 Thread 0x0000021be7e89d80 flushing  nmethod 0x0000021bd5567110
Event: 1623.655 Thread 0x0000021be7e89d80 flushing  nmethod 0x0000021bd5567990
Event: 1623.655 Thread 0x0000021be7e89d80 flushing  nmethod 0x0000021bd55bcf10
Event: 1623.655 Thread 0x0000021be7e89d80 flushing  nmethod 0x0000021bd55bd610
Event: 1623.655 Thread 0x0000021be7e89d80 flushing  nmethod 0x0000021bd55bdd10
Event: 1623.655 Thread 0x0000021be7e89d80 flushing  nmethod 0x0000021bd55c2790
Event: 1623.655 Thread 0x0000021be7e89d80 flushing  nmethod 0x0000021bd55c2b10
Event: 1623.655 Thread 0x0000021be7e89d80 flushing  nmethod 0x0000021bd55c5a90
Event: 1623.655 Thread 0x0000021be7e89d80 flushing  nmethod 0x0000021bd55c6b90
Event: 1623.655 Thread 0x0000021be7e89d80 flushing  nmethod 0x0000021bd560d010
Event: 1623.655 Thread 0x0000021be7e89d80 flushing  nmethod 0x0000021bd564bd90
Event: 1623.655 Thread 0x0000021be7e89d80 flushing  nmethod 0x0000021bd5651210
Event: 1623.655 Thread 0x0000021be7e89d80 flushing  nmethod 0x0000021bd568d090
Event: 1623.655 Thread 0x0000021be7e89d80 flushing  nmethod 0x0000021bd5690b10
Event: 1623.655 Thread 0x0000021be7e89d80 flushing  nmethod 0x0000021bd56d4310
Event: 1623.655 Thread 0x0000021be7e89d80 flushing  nmethod 0x0000021bd56d4f10
Event: 1623.655 Thread 0x0000021be7e89d80 flushing  nmethod 0x0000021bd56d7390
Event: 1623.655 Thread 0x0000021be7e89d80 flushing  nmethod 0x0000021bd5861c90

Events (20 events):
Event: 1526.707 Thread 0x0000021bf8be4540 Thread added: 0x0000021bf8be5f80
Event: 1528.019 Thread 0x0000021be7ed9140 Thread added: 0x0000021c023af270
Event: 1528.596 Thread 0x0000021c023af270 Thread exited: 0x0000021c023af270
Event: 1530.319 Thread 0x0000021be7ed9140 Thread added: 0x0000021bf1e1ebf0
Event: 1532.072 Thread 0x0000021bf1794720 Thread added: 0x0000021bc1d8fb20
Event: 1532.328 Thread 0x0000021bf1e1ebf0 Thread exited: 0x0000021bf1e1ebf0
Event: 1537.157 Thread 0x0000021bf1794720 Thread added: 0x0000021bc1d901b0
Event: 1537.171 Thread 0x0000021bf1794720 Thread added: 0x0000021bc1d89f40
Event: 1537.173 Thread 0x0000021bf1794720 Thread added: 0x0000021bc1d8da50
Event: 1538.574 Thread 0x0000021bc1d89f40 Thread exited: 0x0000021bc1d89f40
Event: 1540.904 Thread 0x0000021bf1794720 Thread added: 0x0000021bc1d8e770
Event: 1541.159 Thread 0x0000021be7ed9140 Thread added: 0x0000021bc42bb6c0
Event: 1541.288 Thread 0x0000021bc1d8fb20 Thread added: 0x0000021bc1d92910
Event: 1542.698 Thread 0x0000021bc42bb6c0 Thread exited: 0x0000021bc42bb6c0
Event: 1548.690 Thread 0x0000021be7ed9140 Thread added: 0x0000021bfa65fc50
Event: 1549.831 Thread 0x0000021bfa65fc50 Thread exited: 0x0000021bfa65fc50
Event: 1553.581 Thread 0x0000021bf1794090 Thread added: 0x0000021beceec230
Event: 1553.618 Thread 0x0000021bf1794090 Thread added: 0x0000021beceea7f0
Event: 1568.745 Thread 0x0000021beceea7f0 Thread added: 0x0000021bfa077b30
Event: 1586.137 Thread 0x0000021bf1790c10 Thread added: 0x0000021bf9f48dd0


Dynamic libraries:
0x00007ff65bea0000 - 0x00007ff65beae000 	C:\Users\ecest\.gradle\jdks\eclipse_adoptium-21-amd64-windows.2\bin\java.exe
0x00007ff987590000 - 0x00007ff987785000 	C:\Windows\SYSTEM32\ntdll.dll
0x00007ff985b30000 - 0x00007ff985bee000 	C:\Windows\System32\KERNEL32.DLL
0x00007ff984ca0000 - 0x00007ff984f68000 	C:\Windows\System32\KERNELBASE.dll
0x00007ff9854d0000 - 0x00007ff9855d0000 	C:\Windows\System32\ucrtbase.dll
0x00007ff9705c0000 - 0x00007ff9705d8000 	C:\Users\ecest\.gradle\jdks\eclipse_adoptium-21-amd64-windows.2\bin\jli.dll
0x00007ff9705a0000 - 0x00007ff9705be000 	C:\Users\ecest\.gradle\jdks\eclipse_adoptium-21-amd64-windows.2\bin\VCRUNTIME140.dll
0x00007ff986250000 - 0x00007ff9863f1000 	C:\Windows\System32\USER32.dll
0x00007ff985230000 - 0x00007ff985252000 	C:\Windows\System32\win32u.dll
0x00007ff985f20000 - 0x00007ff985f4b000 	C:\Windows\System32\GDI32.dll
0x00007ff984fd0000 - 0x00007ff9850dd000 	C:\Windows\System32\gdi32full.dll
0x00007ff9850e0000 - 0x00007ff98517d000 	C:\Windows\System32\msvcp_win.dll
0x00007ff9728d0000 - 0x00007ff972b6a000 	C:\Windows\WinSxS\amd64_microsoft.windows.common-controls_6595b64144ccf1df_6.0.19041.1110_none_60b5254171f9507e\COMCTL32.dll
0x00007ff985c10000 - 0x00007ff985cae000 	C:\Windows\System32\msvcrt.dll
0x00007ff986070000 - 0x00007ff9860a0000 	C:\Windows\System32\IMM32.DLL
0x00007ff980e70000 - 0x00007ff980e7c000 	C:\Users\ecest\.gradle\jdks\eclipse_adoptium-21-amd64-windows.2\bin\vcruntime140_1.dll
0x00007ff963770000 - 0x00007ff9637fd000 	C:\Users\ecest\.gradle\jdks\eclipse_adoptium-21-amd64-windows.2\bin\msvcp140.dll
0x00007ff9232f0000 - 0x00007ff924080000 	C:\Users\ecest\.gradle\jdks\eclipse_adoptium-21-amd64-windows.2\bin\server\jvm.dll
0x00007ff9855d0000 - 0x00007ff98567c000 	C:\Windows\System32\ADVAPI32.dll
0x00007ff986c30000 - 0x00007ff986ccb000 	C:\Windows\System32\sechost.dll
0x00007ff986cd0000 - 0x00007ff986dfa000 	C:\Windows\System32\RPCRT4.dll
0x00007ff9860a0000 - 0x00007ff98610b000 	C:\Windows\System32\WS2_32.dll
0x00007ff984200000 - 0x00007ff98424b000 	C:\Windows\SYSTEM32\POWRPROF.dll
0x00007ff9746a0000 - 0x00007ff9746aa000 	C:\Windows\SYSTEM32\VERSION.dll
0x00007ff96deb0000 - 0x00007ff96ded7000 	C:\Windows\SYSTEM32\WINMM.dll
0x00007ff9840d0000 - 0x00007ff9840e2000 	C:\Windows\SYSTEM32\UMPDC.dll
0x00007ff982b90000 - 0x00007ff982ba2000 	C:\Windows\SYSTEM32\kernel.appcore.dll
0x00007ff974230000 - 0x00007ff97423a000 	C:\Users\ecest\.gradle\jdks\eclipse_adoptium-21-amd64-windows.2\bin\jimage.dll
0x00007ff972ba0000 - 0x00007ff972d84000 	C:\Windows\SYSTEM32\DBGHELP.DLL
0x00007ff96ee30000 - 0x00007ff96ee5c000 	C:\Windows\SYSTEM32\dbgcore.DLL
0x00007ff985440000 - 0x00007ff9854c2000 	C:\Windows\System32\bcryptPrimitives.dll
0x00007ff9728a0000 - 0x00007ff9728af000 	C:\Users\ecest\.gradle\jdks\eclipse_adoptium-21-amd64-windows.2\bin\instrument.dll
0x00007ff9700c0000 - 0x00007ff9700df000 	C:\Users\ecest\.gradle\jdks\eclipse_adoptium-21-amd64-windows.2\bin\java.dll
0x00007ff986e00000 - 0x00007ff987544000 	C:\Windows\System32\SHELL32.dll
0x00007ff982d90000 - 0x00007ff983524000 	C:\Windows\SYSTEM32\windows.storage.dll
0x00007ff985680000 - 0x00007ff9859d5000 	C:\Windows\System32\combase.dll
0x00007ff9846f0000 - 0x00007ff98471e000 	C:\Windows\SYSTEM32\Wldp.dll
0x00007ff985a70000 - 0x00007ff985b1d000 	C:\Windows\System32\SHCORE.dll
0x00007ff986110000 - 0x00007ff986165000 	C:\Windows\System32\shlwapi.dll
0x00007ff984be0000 - 0x00007ff984bff000 	C:\Windows\SYSTEM32\profapi.dll
0x00007ff962e90000 - 0x00007ff962f67000 	C:\Users\ecest\.gradle\jdks\eclipse_adoptium-21-amd64-windows.2\bin\jsvml.dll
0x00007ff9700a0000 - 0x00007ff9700b8000 	C:\Users\ecest\.gradle\jdks\eclipse_adoptium-21-amd64-windows.2\bin\zip.dll
0x00007ff970b60000 - 0x00007ff970b70000 	C:\Users\ecest\.gradle\jdks\eclipse_adoptium-21-amd64-windows.2\bin\net.dll
0x00007ff97eaa0000 - 0x00007ff97ebac000 	C:\Windows\SYSTEM32\WINHTTP.dll
0x00007ff984450000 - 0x00007ff9844ba000 	C:\Windows\system32\mswsock.dll
0x00007ff970080000 - 0x00007ff970096000 	C:\Users\ecest\.gradle\jdks\eclipse_adoptium-21-amd64-windows.2\bin\nio.dll
0x00007ff970b10000 - 0x00007ff970b20000 	C:\Users\ecest\.gradle\jdks\eclipse_adoptium-21-amd64-windows.2\bin\verify.dll
0x00007ff96cd40000 - 0x00007ff96cd67000 	C:\Users\ecest\.gradle\native\660c5614fbf4a5f2a75b1949f50a0caf5cd603558e7d8a26e50b933a0cfb79d1\windows-amd64\native-platform.dll
0x00007ff9671b0000 - 0x00007ff967227000 	C:\Users\ecest\.gradle\native\0.2.8\x86_64-windows-gnu\gradle-fileevents.dll
0x00007ff970480000 - 0x00007ff97048a000 	C:\Users\ecest\.gradle\jdks\eclipse_adoptium-21-amd64-windows.2\bin\management.dll
0x00007ff970070000 - 0x00007ff97007b000 	C:\Users\ecest\.gradle\jdks\eclipse_adoptium-21-amd64-windows.2\bin\management_ext.dll
0x00007ff985a60000 - 0x00007ff985a68000 	C:\Windows\System32\PSAPI.DLL
0x00007ff9840f0000 - 0x00007ff98412b000 	C:\Windows\SYSTEM32\IPHLPAPI.DLL
0x00007ff986530000 - 0x00007ff986538000 	C:\Windows\System32\NSI.dll
0x00007ff970000000 - 0x00007ff970009000 	C:\Users\ecest\.gradle\jdks\eclipse_adoptium-21-amd64-windows.2\bin\extnet.dll
0x00007ff984640000 - 0x00007ff984658000 	C:\Windows\SYSTEM32\CRYPTSP.dll
0x00007ff983d60000 - 0x00007ff983d94000 	C:\Windows\system32\rsaenh.dll
0x00007ff9853c0000 - 0x00007ff9853e7000 	C:\Windows\System32\bcrypt.dll
0x00007ff984ba0000 - 0x00007ff984bce000 	C:\Windows\SYSTEM32\USERENV.dll
0x00007ff984660000 - 0x00007ff98466c000 	C:\Windows\SYSTEM32\CRYPTBASE.dll
0x00007ff96fda0000 - 0x00007ff96fdae000 	C:\Users\ecest\.gradle\jdks\eclipse_adoptium-21-amd64-windows.2\bin\sunmscapi.dll
0x00007ff985260000 - 0x00007ff9853b6000 	C:\Windows\System32\CRYPT32.dll
0x00007ff984760000 - 0x00007ff984787000 	C:\Windows\SYSTEM32\ncrypt.dll
0x00007ff984720000 - 0x00007ff98475b000 	C:\Windows\SYSTEM32\NTASN1.dll
0x00007ff982490000 - 0x00007ff982497000 	C:\Windows\system32\wshunix.dll
0x00007ff983990000 - 0x00007ff9839c3000 	C:\Windows\SYSTEM32\ntmarta.dll
0x00007ff970590000 - 0x00007ff970597000 	C:\Users\ecest\.gradle\jdks\eclipse_adoptium-21-amd64-windows.2\bin\rmi.dll
0x00007ff95b8e0000 - 0x00007ff95ba6e000 	C:\Users\ecest\.gradle\jdks\eclipse_adoptium-21-amd64-windows.2\bin\awt.dll
0x00007ff986b60000 - 0x00007ff986c2d000 	C:\Windows\System32\OLEAUT32.dll
0x00007ff97e6c0000 - 0x00007ff97e750000 	C:\Windows\SYSTEM32\apphelp.dll
0x00007ff9826d0000 - 0x00007ff98276e000 	C:\Windows\system32\uxtheme.dll
0x00007ff985f50000 - 0x00007ff986065000 	C:\Windows\System32\MSCTF.dll
0x00007ff986400000 - 0x00007ff98652a000 	C:\Windows\System32\ole32.dll
0x00007ff95c760000 - 0x00007ff95c849000 	C:\Users\ecest\AppData\Local\Temp\sqlite-3.41.2.2-9082a81f-8435-4b1f-a4c7-b192aae1dc5f-sqlitejdbc.dll

dbghelp: loaded successfully - version: 4.0.5 - missing functions: none
symbol engine: initialized successfully - sym options: 0x614 - pdb path: .;C:\Users\ecest\.gradle\jdks\eclipse_adoptium-21-amd64-windows.2\bin;C:\Windows\SYSTEM32;C:\Windows\WinSxS\amd64_microsoft.windows.common-controls_6595b64144ccf1df_6.0.19041.1110_none_60b5254171f9507e;C:\Users\ecest\.gradle\jdks\eclipse_adoptium-21-amd64-windows.2\bin\server;C:\Users\ecest\.gradle\native\660c5614fbf4a5f2a75b1949f50a0caf5cd603558e7d8a26e50b933a0cfb79d1\windows-amd64;C:\Users\ecest\.gradle\native\0.2.8\x86_64-windows-gnu;C:\Users\ecest\AppData\Local\Temp

VM Arguments:
jvm_args: --add-opens=java.base/java.lang=ALL-UNNAMED --add-opens=java.base/java.lang.invoke=ALL-UNNAMED --add-opens=java.base/java.util=ALL-UNNAMED --add-opens=java.prefs/java.util.prefs=ALL-UNNAMED --add-exports=jdk.compiler/com.sun.tools.javac.api=ALL-UNNAMED --add-exports=jdk.compiler/com.sun.tools.javac.util=ALL-UNNAMED --add-opens=java.base/java.util=ALL-UNNAMED --add-opens=java.prefs/java.util.prefs=ALL-UNNAMED --add-opens=java.base/java.nio.charset=ALL-UNNAMED --add-opens=java.base/java.net=ALL-UNNAMED --add-opens=java.base/java.util.concurrent=ALL-UNNAMED --add-opens=java.base/java.util.concurrent.atomic=ALL-UNNAMED --add-opens=java.xml/javax.xml.namespace=ALL-UNNAMED --add-opens=java.base/java.time=ALL-UNNAMED -Xmx4096m -Dfile.encoding=UTF-8 -Duser.country=CO -Duser.language=es -Duser.variant -javaagent:C:\Users\ecest\.gradle\wrapper\dists\gradle-9.3.1-bin\23ovyewtku6u96viwx3xl3oks\gradle-9.3.1\lib\agents\gradle-instrumentation-agent-9.3.1.jar 
java_command: org.gradle.launcher.daemon.bootstrap.GradleDaemon 9.3.1
java_class_path (initial): C:\Users\ecest\.gradle\wrapper\dists\gradle-9.3.1-bin\23ovyewtku6u96viwx3xl3oks\gradle-9.3.1\lib\gradle-daemon-main-9.3.1.jar
Launcher Type: SUN_STANDARD

[Global flags]
     intx CICompilerCount                          = 3                                         {product} {ergonomic}
     uint ConcGCThreads                            = 1                                         {product} {ergonomic}
     uint G1ConcRefinementThreads                  = 4                                         {product} {ergonomic}
   size_t G1HeapRegionSize                         = 2097152                                   {product} {ergonomic}
    uintx GCDrainStackTargetSize                   = 64                                        {product} {ergonomic}
   size_t InitialHeapSize                          = 167772160                                 {product} {ergonomic}
   size_t MarkStackSize                            = 4194304                                   {product} {ergonomic}
   size_t MaxHeapSize                              = 4294967296                                {product} {command line}
   size_t MaxNewSize                               = 2575302656                                {product} {ergonomic}
   size_t MinHeapDeltaBytes                        = 2097152                                   {product} {ergonomic}
   size_t MinHeapSize                              = 8388608                                   {product} {ergonomic}
    uintx NonNMethodCodeHeapSize                   = 5832780                                {pd product} {ergonomic}
    uintx NonProfiledCodeHeapSize                  = 122912730                              {pd product} {ergonomic}
    uintx ProfiledCodeHeapSize                     = 122912730                              {pd product} {ergonomic}
    uintx ReservedCodeCacheSize                    = 251658240                              {pd product} {ergonomic}
     bool SegmentedCodeCache                       = true                                      {product} {ergonomic}
   size_t SoftMaxHeapSize                          = 4294967296                             {manageable} {ergonomic}
     bool UseCompressedOops                        = true                           {product lp64_product} {ergonomic}
     bool UseG1GC                                  = true                                      {product} {ergonomic}
     bool UseLargePagesIndividualAllocation        = false                                  {pd product} {ergonomic}

Logging:
Log output configuration:
 #0: stdout all=warning uptime,level,tags foldmultilines=false
 #1: stderr all=off uptime,level,tags foldmultilines=false

Environment Variables:
PATH=C:\Python314\Scripts\;C:\Python314\;C:\Program Files\Eclipse Adoptium\jdk-25.0.2.10-hotspot\bin;C:\Program Files\Common Files\Oracle\Java\javapath;C:\Windows\system32;C:\Windows;C:\Windows\System32\Wbem;C:\Windows\System32\WindowsPowerShell\v1.0\;C:\Windows\System32\OpenSSH\;C:\Program Files\dotnet\;C:\Program Files\Microsoft SQL Server\150\Tools\Binn\;C:\Program Files (x86)\PowerShell\7\;C:\Program Files (x86)\Windows Kits\10\Windows Performance Toolkit\;C:\Program Files (x86)\Common Files\Ulead Systems\MPEG;C:\Program Files\Go\bin;C:\Program Files\nodejs\;C:\ProgramData\chocolatey\bin;C:\Program Files\Git\cmd;C:\Users\ecest\OneDrive\Escritorio\escritorio\Mis programas\flutter\bin;C:\Users\ecest\.dotnet\tools;C:\Program Files\JetBrains\JetBrains Rider 2024.3.5\bin;;C:\Program Files\Java\jdk-17\bin;C:\Gradle\bin;C:\Users\ecest\AppData\Local\Programs\Microsoft VS Code\bin;C:\Users\ecest\AppData\Local\GitHubDesktop\bin;C:\Users\ecest\go\bin;C:\Users\ecest\AppData\Roaming\npm
USERNAME=ecest
OS=Windows_NT
PROCESSOR_IDENTIFIER=Intel64 Family 6 Model 69 Stepping 1, GenuineIntel
TMP=C:\Users\ecest\AppData\Local\Temp
TEMP=C:\Users\ecest\AppData\Local\Temp




Periodic native trim disabled

---------------  S Y S T E M  ---------------

OS:
 Windows 10 , 64 bit Build 19041 (10.0.19041.1348)
OS uptime: 8 days 1:53 hours

CPU: total 4 (initial active 4) (2 cores per cpu, 2 threads per core) family 6 model 69 stepping 1 microcode 0x25, cx8, cmov, fxsr, ht, mmx, sse, sse2, sse3, ssse3, sse4.1, sse4.2, popcnt, lzcnt, tsc, tscinvbit, avx, avx2, aes, erms, clmul, bmi1, bmi2, fma, vzeroupper, clflush, rdtscp, f16c
Processor Information for the first 4 processors :
  Max Mhz: 1700, Current Mhz: 1700, Mhz Limit: 1700

Memory: 4k page, system-wide physical 10158M (265M free)
TotalPageFile size 18350M (AvailPageFile size 33M)
current process WorkingSet (physical memory assigned to process): 1271M, peak: 1271M
current process commit charge ("private bytes"): 1424M, peak: 1520M

vm_info: OpenJDK 64-Bit Server VM (21.0.7+6-LTS) for windows-amd64 JRE (21.0.7+6-LTS), built on 2025-04-15T00:00:00Z by "admin" with MS VC++ 17.7 (VS2022)

END.
